[11:54:06] device NVIDIA GeForce RTX 4070 SUPER cc (8, 9) SMs 56 L2 48 MiB shared/SM 100 KiB opt-in 99 KiB icache 128 KiB
[11:54:06] backend mlir cubie 0.12.0 cache C:\local_working_projects\orca_worktrees\cubie\cross-machine-autoperf\generated
[11:54:08] 6 configurations, 48 kernels to compile
[11:54:23]   compiled chain64/cash-karp-54 tierA                              11.4 s 7890aca51d25
[11:54:24]   compiled chain64/cash-karp-54 opt:other_small=1 state=local      11.4 s ccc9b2b02cbd
[11:54:24]   compiled chain64/cash-karp-54 opt:other_small=1 state=shared     11.5 s 7890aca51d25
[11:54:24]   compiled chain64/cash-karp-54 plain                              11.6 s ccc9b2b02cbd
[11:54:34]   compiled chain64/cash-karp-54 opt:other_small=0 state=shared     10.4 s e204af6106f1
[11:54:34]   compiled chain64/cash-karp-54 opt:other_small=0 state=local      10.8 s b15aacf406d7
[11:54:34]   compiled chain64/cash-karp-54 o1+stage_rhs=shared                10.6 s 1e14e9c04a9c
[11:54:39]   compiled chain64/cash-karp-54 o1+stage_accumulator=shared        15.1 s 5fe3b33471d3
[11:54:49]   compiled chain64/dormand-prince-54 tierA                              15.3 s ac72d1b2e276
[11:54:50]   compiled chain64/dormand-prince-54 plain                              15.6 s 5cba82fb0ced
[11:54:50]   compiled chain64/dormand-prince-54 opt:other_small=1 state=local      15.4 s 5cba82fb0ced
[11:54:53]   compiled chain64/dormand-prince-54 opt:other_small=1 state=shared     13.9 s ac72d1b2e276
[11:55:03]   compiled chain64/dormand-prince-54 opt:other_small=0 state=shared     13.6 s 285912a64cf1
[11:55:04]   compiled chain64/dormand-prince-54 opt:other_small=0 state=local      14.5 s fea157703f9f
[11:55:06]   compiled chain64/dormand-prince-54 o1+stage_rhs=shared                13.3 s 4a10e21018c4
[11:55:08]   compiled chain64/dormand-prince-54 o1+stage_accumulator=shared        18.7 s c08ded7508f2
[11:55:48]   compiled chain64/dop853 tierA                              44.6 s 32780a01c169
[11:55:50]   compiled chain64/dop853 plain                              46.0 s 299645aaf75a
[11:55:52]   compiled chain64/dop853 opt:other_small=1 state=local      46.5 s 299645aaf75a
[11:55:56]   compiled chain64/dop853 opt:other_small=1 state=shared     47.4 s 32780a01c169
[11:56:37]   compiled chain64/dop853 opt:other_small=0 state=local      49.6 s 3fc24781093c
[11:56:38]   compiled chain64/dop853 opt:other_small=0 state=shared     48.3 s d168ecde23da
[11:56:38]   compiled chain64/dop853 o1+stage_rhs=shared                42.4 s 186fd215cd17
[11:56:43]   compiled chain32_c8/cash-karp-54 tierA                               5.6 s 4e0fbb8e00a4
[11:56:43]   compiled chain32_c8/cash-karp-54 plain                               5.2 s 4e0fbb8e00a4
[11:56:43]   compiled chain32_c8/cash-karp-54 opt:other_small=1 state=local       5.0 s 4e0fbb8e00a4
[11:56:48]   compiled chain32_c8/cash-karp-54 opt:other_small=1 state=shared      4.7 s 3af8ac67afa0
[11:56:48]   compiled chain32_c8/cash-karp-54 opt:other_small=0 state=shared      4.9 s 517809e89f05
[11:56:48]   compiled chain32_c8/cash-karp-54 opt:other_small=0 state=local       5.0 s 5727aafd74d4
[11:57:03]   compiled chain32_c8/cash-karp-54 o1+stage_rhs=shared                 5.4 s 7a0d736126d3
[11:57:04]   compiled chain32_c8/dormand-prince-54 tierA                               5.8 s 61ccadfe3704
[11:57:04]   compiled chain32_c8/cash-karp-54 o1+stage_accumulator=shared         5.9 s 8d02f9678075
[11:57:04]   compiled chain32_c8/dormand-prince-54 opt:other_small=1 state=local       0.2 s 61ccadfe3704
[11:57:08]   compiled chain32_c8/dormand-prince-54 plain                               5.1 s 61ccadfe3704
[11:57:09]   compiled chain32_c8/dormand-prince-54 opt:other_small=0 state=local       5.1 s 6bcd64982aff
[11:57:09]   compiled chain32_c8/dormand-prince-54 opt:other_small=1 state=shared      5.2 s 53acd2396a85
[11:57:13]   compiled chain32_c8/dormand-prince-54 opt:other_small=0 state=shared      4.7 s 3f90d05a95a7
[11:57:14]   compiled chain32_c8/dormand-prince-54 o1+stage_rhs=shared                 4.7 s d889bb67541c
[11:57:14]   compiled chain32_c8/dormand-prince-54 o1+stage_accumulator=shared         5.4 s 9c2207dca7f0
[11:57:23]   compiled chain32_c8/dop853 tierA                               9.7 s deb7a55b80dd
[11:57:23]   compiled chain32_c8/dop853 opt:other_small=1 state=shared      0.1 s deb7a55b80dd
[11:57:23]   compiled chain32_c8/dop853 plain                               9.7 s 5e9421d93a94
[11:57:24]   compiled chain32_c8/dop853 opt:other_small=1 state=local       9.3 s 5e9421d93a94
[11:57:25]   compiled chain64/dop853 o1+stage_accumulator=shared        92.3 s d2cf5d71a9f6
[11:57:34]   compiled chain32_c8/dop853 opt:other_small=0 state=local      11.0 s c2bcfbb61278
[11:57:34]   compiled chain32_c8/dop853 opt:other_small=0 state=shared     10.8 s 7ebe8aacfe3f
[11:57:35]   compiled chain32_c8/dop853 o1+stage_rhs=shared                10.0 s dd872fa8587b
[11:57:39]   compiled chain32_c8/dop853 o1+stage_accumulator=shared        15.1 s 58e6220b8a1d
[11:57:39] compiles done in 211 s
[11:57:39] === chain64/cash-karp-54 n_runs 262144 duration 51.2 arms 8
[11:57:40]   tierA                            regs 255 frame   920 sass   119 KiB shared/run  260 cells bs32x8 bs32x7 bs32x6 bs32x1 bs64x4 bs64x3 bs64x2 bs64x1 bs128x2 bs128x1 bs256x1 (0.3 s)
[11:57:40]   plain                            regs 255 frame  1056 sass   118 KiB shared/run    0 cells bs64x4 bs32x8 bs32x7 bs32x6 bs32x1 bs64x3 bs64x2 bs64x1 bs128x2 bs128x1 bs256x1 (0.1 s)
[11:57:40]   opt:other_small=1 state=local    alias of plain
[11:57:40]   opt:other_small=1 state=shared   alias of tierA
[11:57:40]   opt:other_small=0 state=local    regs 255 frame  2112 sass   111 KiB shared/run    0 cells bs32x8 bs32x7 bs32x6 bs32x1 bs64x4 bs64x3 bs64x2 bs64x1 bs128x2 bs128x1 bs256x1 (0.1 s)
[11:57:40]   opt:other_small=0 state=shared   regs 255 frame  1680 sass   113 KiB shared/run  260 cells bs32x8 bs32x7 bs32x6 bs32x1 bs64x4 bs64x3 bs64x2 bs64x1 bs128x2 bs128x1 bs256x1 (0.1 s)
[11:57:40]   o1+stage_accumulator=shared      regs 255 frame  2712 sass   149 KiB shared/run 1540 cells bs64x1 bs32x2 bs32x1 (0.1 s)
[11:57:41]   o1+stage_rhs=shared              regs 255 frame   912 sass   121 KiB shared/run  516 cells bs64x3 bs32x5 bs32x4 bs32x3 bs32x1 bs64x2 bs64x1 bs128x1 (0.1 s)
[11:57:44]   round 1 tierA                            bs32x8    warm     59.56 timed     57.09     57.18     56.54 ms
[11:57:44]   round 1 tierA                            bs32x7    warm     56.30 timed     57.70     57.21     56.15 ms
[11:57:44]   round 1 tierA                            bs32x6    warm     56.51 timed     57.15     56.31     57.44 ms
[11:57:45]   capped tierA bs32x1 warm 218.61 ms > 3.0x floor 56.15
[11:57:45]   round 1 tierA                            bs64x4    warm     60.83 timed     60.71     60.73     55.08 ms
[11:57:45]   round 1 tierA                            bs64x3    warm     61.03 timed     59.25     58.03     58.28 ms
[11:57:45]   round 1 tierA                            bs64x2    warm     67.02 timed     64.96     63.79     63.85 ms
[11:57:46]   round 1 tierA                            bs64x1    warm    115.00 timed    116.07    116.22    113.98 ms
[11:57:46]   round 1 tierA                            bs128x2   warm     54.33 timed     56.86     55.29     55.26 ms
[11:57:46]   round 1 tierA                            bs128x1   warm     66.86 timed     65.76     64.77     63.81 ms
[11:57:47]   round 1 tierA                            bs256x1   warm     54.58 timed     55.81     56.07     56.12 ms
[11:57:47]   round 1 plain                            bs64x4    warm     62.20 timed     61.41     61.79     63.46 ms
[11:57:47]   round 1 plain                            bs32x8    warm     62.18 timed     62.19     61.73     62.55 ms
[11:57:48]   round 1 plain                            bs32x7    warm     73.99 timed     74.77     75.29     73.60 ms
[11:57:48]   round 1 plain                            bs32x6    warm     75.67 timed     75.10     74.63     74.93 ms
[11:57:48]   capped plain bs32x1 warm 238.46 ms > 3.0x floor 55.08
[11:57:49]   round 1 plain                            bs64x3    warm     73.10 timed     75.15     75.43     76.61 ms
[11:57:49]   round 1 plain                            bs64x2    warm     88.39 timed     86.98     87.99     87.11 ms
[11:57:50]   round 1 plain                            bs64x1    warm    141.69 timed    143.13    142.17    142.16 ms
[11:57:50]   round 1 plain                            bs128x2   warm     60.63 timed     63.30     63.38     61.31 ms
[11:57:50]   round 1 plain                            bs128x1   warm     91.19 timed     89.61     91.16     90.35 ms
[11:57:51]   round 1 plain                            bs256x1   warm     62.17 timed     62.52     64.68     64.88 ms
[11:57:51]   round 1 opt:other_small=0 state=local    bs32x8    warm     65.91 timed     64.77     65.17     65.45 ms
[11:57:51]   round 1 opt:other_small=0 state=local    bs32x7    warm     71.13 timed     70.22     71.93     70.34 ms
[11:57:51]   round 1 opt:other_small=0 state=local    bs32x6    warm     70.80 timed     69.64     70.00     69.84 ms
[11:57:52]   capped opt:other_small=0 state=local bs32x1 warm 226.81 ms > 3.0x floor 55.08
[11:57:52]   round 1 opt:other_small=0 state=local    bs64x4    warm     65.53 timed     67.44     67.58     64.71 ms
[11:57:52]   round 1 opt:other_small=0 state=local    bs64x3    warm     71.03 timed     69.56     69.73     70.10 ms
[11:57:53]   round 1 opt:other_small=0 state=local    bs64x2    warm     78.33 timed     78.19     77.41     78.24 ms
[11:57:53]   round 1 opt:other_small=0 state=local    bs64x1    warm    125.82 timed    125.54    126.01    125.73 ms
[11:57:54]   round 1 opt:other_small=0 state=local    bs128x2   warm     63.69 timed     64.15     65.07     66.13 ms
[11:57:54]   round 1 opt:other_small=0 state=local    bs128x1   warm     94.85 timed     78.18     77.06     77.85 ms
[11:57:54]   round 1 opt:other_small=0 state=local    bs256x1   warm     65.09 timed     65.28     66.24     63.96 ms
[11:57:54]   round 1 opt:other_small=0 state=shared   bs32x8    warm     64.24 timed     64.87     63.84     63.91 ms
[11:57:55]   round 1 opt:other_small=0 state=shared   bs32x7    warm     65.54 timed     65.35     66.58     65.79 ms
[11:57:55]   round 1 opt:other_small=0 state=shared   bs32x6    warm     66.79 timed     64.17     65.21     64.99 ms
[11:57:55]   capped opt:other_small=0 state=shared bs32x1 warm 223.04 ms > 3.0x floor 55.08
[11:57:56]   round 1 opt:other_small=0 state=shared   bs64x4    warm     62.52 timed     63.31     65.35     65.51 ms
[11:57:56]   round 1 opt:other_small=0 state=shared   bs64x3    warm     65.25 timed     65.02     66.39     63.97 ms
[11:57:56]   round 1 opt:other_small=0 state=shared   bs64x2    warm     75.53 timed     74.62     74.62     74.17 ms
[11:57:57]   round 1 opt:other_small=0 state=shared   bs64x1    warm    127.90 timed    127.10    128.74    128.27 ms
[11:57:57]   round 1 opt:other_small=0 state=shared   bs128x2   warm     62.85 timed     62.83     62.92     62.93 ms
[11:57:57]   round 1 opt:other_small=0 state=shared   bs128x1   warm     75.40 timed     74.31     75.30     73.71 ms
[11:57:58]   round 1 opt:other_small=0 state=shared   bs256x1   warm     62.95 timed     64.80     64.08     65.57 ms
[11:57:58]   capped o1+stage_accumulator=shared bs64x1 warm 244.99 ms > 3.0x floor 55.08
[11:57:59]   capped o1+stage_accumulator=shared bs32x2 warm 250.28 ms > 3.0x floor 55.08
[11:58:00]   capped o1+stage_accumulator=shared bs32x1 warm 452.00 ms > 3.0x floor 55.08
[11:58:00]   round 1 o1+stage_rhs=shared              bs64x3    warm     58.28 timed     56.80     57.49     56.51 ms
[11:58:00]   round 1 o1+stage_rhs=shared              bs32x5    warm     59.48 timed     58.98     58.27     59.96 ms
[11:58:01]   round 1 o1+stage_rhs=shared              bs32x4    warm     65.62 timed     65.32     64.17     66.20 ms
[11:58:01]   round 1 o1+stage_rhs=shared              bs32x3    warm     79.93 timed     79.73     79.54     80.25 ms
[11:58:01]   capped o1+stage_rhs=shared bs32x1 warm 212.89 ms > 3.0x floor 55.08
[11:58:02]   round 1 o1+stage_rhs=shared              bs64x2    warm     64.42 timed     65.83     65.90     65.61 ms
[11:58:02]   round 1 o1+stage_rhs=shared              bs64x1    warm    118.73 timed    115.72    116.40    115.49 ms
[11:58:02]   round 1 o1+stage_rhs=shared              bs128x1   warm     68.12 timed     67.76     67.73     67.14 ms
[11:58:03]   round 2 o1+stage_rhs=shared              bs128x1   warm     65.75 timed     66.55     66.36     66.81 ms
[11:58:03]   round 2 o1+stage_rhs=shared              bs64x1    warm    117.01 timed    116.30    146.91    129.07 ms
[11:58:04]   round 2 o1+stage_rhs=shared              bs64x2    warm     65.48 timed     66.79     66.53     67.35 ms
[11:58:04]   round 2 o1+stage_rhs=shared              bs32x3    warm     81.94 timed     82.05     81.36     83.12 ms
[11:58:04]   round 2 o1+stage_rhs=shared              bs32x4    warm     67.82 timed     65.78     67.69     67.57 ms
[11:58:04]   round 2 o1+stage_rhs=shared              bs32x5    warm     58.38 timed     59.31     59.35     60.47 ms
[11:58:05]   round 2 o1+stage_rhs=shared              bs64x3    warm     57.10 timed     58.35     57.13     59.24 ms
[11:58:05]   round 2 opt:other_small=0 state=shared   bs256x1   warm     66.41 timed     67.56     65.46     65.75 ms
[11:58:05]   round 2 opt:other_small=0 state=shared   bs128x1   warm     77.81 timed     76.22     77.03     78.13 ms
[11:58:06]   round 2 opt:other_small=0 state=shared   bs128x2   warm     62.41 timed     64.94     65.31     66.37 ms
[11:58:06]   round 2 opt:other_small=0 state=shared   bs64x1    warm    132.72 timed    132.96    133.49    131.86 ms
[11:58:06]   round 2 opt:other_small=0 state=shared   bs64x2    warm    100.40 timed     98.56     75.81     77.00 ms
[11:58:07]   round 2 opt:other_small=0 state=shared   bs64x3    warm     68.29 timed     64.73     67.83     66.67 ms
[11:58:07]   round 2 opt:other_small=0 state=shared   bs64x4    warm     65.01 timed     65.97     64.48     67.52 ms
[11:58:07]   round 2 opt:other_small=0 state=shared   bs32x6    warm     68.56 timed     67.60     68.92     67.70 ms
[11:58:08]   round 2 opt:other_small=0 state=shared   bs32x7    warm     65.15 timed     69.17     64.34     67.19 ms
[11:58:08]   round 2 opt:other_small=0 state=shared   bs32x8    warm     68.14 timed     65.40     65.09     64.64 ms
[11:58:08]   round 2 opt:other_small=0 state=local    bs256x1   warm     66.20 timed     72.53     68.80     69.14 ms
[11:58:09]   round 2 opt:other_small=0 state=local    bs128x1   warm     82.86 timed     81.43     82.52     82.30 ms
[11:58:09]   round 2 opt:other_small=0 state=local    bs128x2   warm     69.60 timed     68.75     69.92     68.08 ms
[11:58:09]   round 2 opt:other_small=0 state=local    bs64x1    warm    127.00 timed    126.18    124.98    125.03 ms
[11:58:10]   round 2 opt:other_small=0 state=local    bs64x2    warm     75.88 timed     77.55     77.27     77.79 ms
[11:58:10]   round 2 opt:other_small=0 state=local    bs64x3    warm     70.17 timed     69.65     70.61     76.19 ms
[11:58:10]   round 2 opt:other_small=0 state=local    bs64x4    warm     67.42 timed     67.70     66.45     64.68 ms
[11:58:11]   round 2 opt:other_small=0 state=local    bs32x6    warm     72.21 timed     72.10     72.08     72.52 ms
[11:58:11]   round 2 opt:other_small=0 state=local    bs32x7    warm     72.50 timed     71.53     73.27     72.73 ms
[11:58:11]   round 2 opt:other_small=0 state=local    bs32x8    warm     67.11 timed     65.06     65.70     71.21 ms
[11:58:11]   round 2 plain                            bs256x1   warm     67.43 timed     64.12     61.69     62.59 ms
[11:58:12]   round 2 plain                            bs128x1   warm     90.50 timed     91.46     93.47     92.24 ms
[11:58:12]   round 2 plain                            bs128x2   warm     63.49 timed     62.19     62.81     63.16 ms
[11:58:13]   round 2 plain                            bs64x1    warm    144.03 timed    141.58    142.09    143.50 ms
[11:58:13]   round 2 plain                            bs64x2    warm     87.50 timed     87.76     87.97     88.18 ms
[11:58:13]   round 2 plain                            bs64x3    warm     76.63 timed     76.06     75.10     75.74 ms
[11:58:14]   round 2 plain                            bs32x6    warm     76.23 timed     74.71     74.78     75.08 ms
[11:58:14]   round 2 plain                            bs32x7    warm     75.53 timed     74.96     74.60     74.37 ms
[11:58:14]   round 2 plain                            bs32x8    warm     62.94 timed     62.14     61.87     63.08 ms
[11:58:14]   round 2 plain                            bs64x4    warm     63.89 timed     62.48     62.57     62.26 ms
[11:58:15]   round 2 tierA                            bs256x1   warm     57.93 timed     55.09     57.85     56.44 ms
[11:58:15]   round 2 tierA                            bs128x1   warm     67.04 timed     64.74     65.26     65.53 ms
[11:58:15]   round 2 tierA                            bs128x2   warm     55.13 timed     55.82     55.84     56.21 ms
[11:58:16]   round 2 tierA                            bs64x1    warm    117.80 timed    117.21    116.17    117.59 ms
[11:58:16]   round 2 tierA                            bs64x2    warm     63.39 timed     64.66     64.86     65.39 ms
[11:58:16]   round 2 tierA                            bs64x3    warm     54.86 timed     57.10     57.10     56.66 ms
[11:58:16]   round 2 tierA                            bs64x4    warm     55.02 timed     56.96     56.61     55.69 ms
[11:58:17]   round 2 tierA                            bs32x6    warm     56.97 timed     57.40     56.62     58.99 ms
[11:58:17]   round 2 tierA                            bs32x7    warm     58.44 timed     56.60     57.03     57.35 ms
[11:58:17]   round 2 tierA                            bs32x8    warm     55.75 timed     55.55     56.28     56.48 ms
[11:58:18]   round 3 o1+stage_rhs=shared              bs128x1   warm     65.56 timed     65.61     65.69     65.63 ms
[11:58:18]   round 3 o1+stage_rhs=shared              bs64x1    warm    116.28 timed    117.75    118.03    120.48 ms
[11:58:18]   round 3 o1+stage_rhs=shared              bs64x2    warm     67.48 timed     66.12     65.83     65.96 ms
[11:58:19]   round 3 o1+stage_rhs=shared              bs32x3    warm     81.15 timed     80.43     81.11     80.29 ms
[11:58:19]   round 3 o1+stage_rhs=shared              bs32x4    warm     65.85 timed     66.79     64.92     66.28 ms
[11:58:19]   round 3 o1+stage_rhs=shared              bs32x5    warm     58.21 timed     58.95     59.77     59.48 ms
[11:58:19]   round 3 o1+stage_rhs=shared              bs64x3    warm     57.70 timed     59.13     56.76     57.15 ms
[11:58:20]   round 3 opt:other_small=0 state=shared   bs256x1   warm     65.27 timed     65.12     63.86     66.00 ms
[11:58:20]   round 3 opt:other_small=0 state=shared   bs128x1   warm     76.98 timed     75.39     75.89     76.16 ms
[11:58:20]   round 3 opt:other_small=0 state=shared   bs128x2   warm     63.10 timed     64.56     64.47     65.43 ms
[11:58:21]   round 3 opt:other_small=0 state=shared   bs64x1    warm    131.22 timed    127.29    128.05    128.81 ms
[11:58:21]   round 3 opt:other_small=0 state=shared   bs64x2    warm     73.85 timed     74.75     74.56     87.09 ms
[11:58:21]   round 3 opt:other_small=0 state=shared   bs64x3    warm     68.31 timed     65.32     65.70     64.71 ms
[11:58:22]   round 3 opt:other_small=0 state=shared   bs64x4    warm     65.08 timed     64.20     64.41     64.84 ms
[11:58:22]   round 3 opt:other_small=0 state=shared   bs32x6    warm     67.32 timed     65.33     65.05     65.40 ms
[11:58:22]   round 3 opt:other_small=0 state=shared   bs32x7    warm     63.93 timed     64.26     64.72     65.96 ms
[11:58:22]   round 3 opt:other_small=0 state=shared   bs32x8    warm     64.42 timed     65.58     63.77     63.06 ms
[11:58:23]   round 3 opt:other_small=0 state=local    bs256x1   warm     66.59 timed     66.23     68.00     65.36 ms
[11:58:23]   round 3 opt:other_small=0 state=local    bs128x1   warm     78.42 timed     77.03     76.70     77.19 ms
[11:58:23]   round 3 opt:other_small=0 state=local    bs128x2   warm     63.01 timed     65.42     64.81     63.74 ms
[11:58:24]   round 3 opt:other_small=0 state=local    bs64x1    warm    126.69 timed    122.75    125.47    126.11 ms
[11:58:24]   round 3 opt:other_small=0 state=local    bs64x2    warm     75.55 timed     78.44     76.74     76.42 ms
[11:58:25]   round 3 opt:other_small=0 state=local    bs64x3    warm     68.99 timed     71.25     69.73     77.92 ms
[11:58:25]   round 3 opt:other_small=0 state=local    bs64x4    warm     64.68 timed     99.82     69.98     64.74 ms
[11:58:25]   round 3 opt:other_small=0 state=local    bs32x6    warm     69.90 timed     71.11     69.93     70.27 ms
[11:58:25]   round 3 opt:other_small=0 state=local    bs32x7    warm     69.76 timed     70.21     69.80     69.67 ms
[11:58:26]   round 3 opt:other_small=0 state=local    bs32x8    warm     64.90 timed     65.09     65.49     65.07 ms
[11:58:26]   round 3 plain                            bs256x1   warm     63.15 timed     63.01     62.89     61.57 ms
[11:58:26]   round 3 plain                            bs128x1   warm     90.16 timed     91.83     89.48     90.00 ms
[11:58:27]   round 3 plain                            bs128x2   warm     61.63 timed     62.08     62.31     62.49 ms
[11:58:27]   round 3 plain                            bs64x1    warm    143.49 timed    142.61    142.75    142.92 ms
[11:58:28]   round 3 plain                            bs64x2    warm     89.07 timed     88.01     87.74     88.55 ms
[11:58:28]   round 3 plain                            bs64x3    warm     76.05 timed     75.40     75.35     75.76 ms
[11:58:28]   round 3 plain                            bs32x6    warm     75.05 timed     75.08     75.67     76.14 ms
[11:58:28]   round 3 plain                            bs32x7    warm     74.14 timed     81.25     86.22     79.83 ms
[11:58:29]   round 3 plain                            bs32x8    warm     63.56 timed     62.87     66.03     67.08 ms
[11:58:29]   round 3 plain                            bs64x4    warm     66.02 timed     65.17     65.04     64.45 ms
[11:58:29]   round 3 tierA                            bs256x1   warm     58.30 timed     57.85     57.16     56.63 ms
[11:58:30]   round 3 tierA                            bs128x1   warm     66.73 timed     65.09     65.03     65.04 ms
[11:58:30]   round 3 tierA                            bs128x2   warm     54.90 timed     56.52     56.00     56.15 ms
[11:58:30]   round 3 tierA                            bs64x1    warm    116.51 timed    114.53    114.59    115.78 ms
[11:58:41]   round 3 tierA                            bs64x2    warm     67.16 timed     69.89   5096.01   5276.55 ms
[11:58:41]   round 3 tierA                            bs64x3    warm     54.31 timed     56.67     57.20     57.17 ms
[11:58:41]   round 3 tierA                            bs64x4    warm     54.54 timed     55.46     58.67     57.14 ms
[11:58:42]   round 3 tierA                            bs32x6    warm     56.50 timed     57.42     55.50     55.98 ms
[11:58:42]   round 3 tierA                            bs32x7    warm     55.08 timed     55.53     56.75     56.53 ms
[11:58:42]   round 3 tierA                            bs32x8    warm     57.18 timed     55.67     57.28     55.07 ms
[11:58:42]   round 4 o1+stage_rhs=shared              bs128x1   warm     66.93 timed     66.82     65.70     66.01 ms
[11:58:43]   round 4 o1+stage_rhs=shared              bs64x1    warm    116.99 timed    115.44    114.70    115.23 ms
[11:58:43]   round 4 o1+stage_rhs=shared              bs64x2    warm     64.11 timed     66.06     65.81     66.78 ms
[11:58:43]   round 4 o1+stage_rhs=shared              bs32x3    warm     78.94 timed     79.25     79.73     79.40 ms
[11:58:44]   round 4 o1+stage_rhs=shared              bs32x4    warm     63.85 timed     64.25     65.00     65.80 ms
[11:58:44]   round 4 o1+stage_rhs=shared              bs32x5    warm     58.61 timed     57.42     57.94     59.61 ms
[11:58:44]   round 4 o1+stage_rhs=shared              bs64x3    warm     56.06 timed     55.49     56.58     56.01 ms
[11:58:44]   round 4 opt:other_small=0 state=shared   bs256x1   warm     64.62 timed     62.98     62.92     63.38 ms
[11:58:45]   round 4 opt:other_small=0 state=shared   bs128x1   warm     75.27 timed     74.08     73.72     74.20 ms
[11:58:45]   round 4 opt:other_small=0 state=shared   bs128x2   warm     61.67 timed     64.48     64.19     62.17 ms
[11:58:46]   round 4 opt:other_small=0 state=shared   bs64x1    warm    128.45 timed    125.53    126.21    126.80 ms
[11:58:46]   round 4 opt:other_small=0 state=shared   bs64x2    warm     73.21 timed     73.97     73.80     74.76 ms
[11:58:46]   round 4 opt:other_small=0 state=shared   bs64x3    warm     66.92 timed     66.93     67.96     66.04 ms
[11:58:46]   round 4 opt:other_small=0 state=shared   bs64x4    warm     62.46 timed     63.65     63.27     62.67 ms
[11:58:47]   round 4 opt:other_small=0 state=shared   bs32x6    warm     65.15 timed     64.77     64.94     64.90 ms
[11:58:47]   round 4 opt:other_small=0 state=shared   bs32x7    warm     63.97 timed     63.76     64.31     65.47 ms
[11:58:47]   round 4 opt:other_small=0 state=shared   bs32x8    warm     63.21 timed     62.71     63.83     63.35 ms
[11:58:48]   round 4 opt:other_small=0 state=local    bs256x1   warm     65.91 timed     64.42     64.57     65.07 ms
[11:58:48]   round 4 opt:other_small=0 state=local    bs128x1   warm     78.83 timed     77.48     77.37     76.53 ms
[11:58:48]   round 4 opt:other_small=0 state=local    bs128x2   warm     64.59 timed     66.17     64.46     65.44 ms
[11:58:49]   round 4 opt:other_small=0 state=local    bs64x1    warm    127.04 timed    126.61    125.14    124.73 ms
[11:58:49]   round 4 opt:other_small=0 state=local    bs64x2    warm     76.85 timed     75.78     76.11     76.94 ms
[11:58:49]   round 4 opt:other_small=0 state=local    bs64x3    warm     69.11 timed     71.51     71.46     70.71 ms
[11:58:49]   round 4 opt:other_small=0 state=local    bs64x4    warm     64.40 timed     64.07     65.14     65.78 ms
[11:58:50]   round 4 opt:other_small=0 state=local    bs32x6    warm     70.77 timed     69.34     72.40     69.88 ms
[11:58:50]   round 4 opt:other_small=0 state=local    bs32x7    warm     70.21 timed     72.03     69.84     70.16 ms
[11:58:50]   round 4 opt:other_small=0 state=local    bs32x8    warm     64.82 timed     65.08     66.44     66.54 ms
[11:58:51]   round 4 plain                            bs256x1   warm     62.00 timed     62.30     64.66     64.95 ms
[11:58:51]   round 4 plain                            bs128x1   warm     91.12 timed     90.99     90.87     88.33 ms
[11:58:51]   round 4 plain                            bs128x2   warm     61.04 timed     62.21     61.99     61.71 ms
[11:58:52]   round 4 plain                            bs64x1    warm    142.79 timed    142.51    141.01    146.82 ms
[11:58:52]   round 4 plain                            bs64x2    warm     88.83 timed     87.59     88.09     87.63 ms
[11:58:53]   round 4 plain                            bs64x3    warm     72.85 timed     75.46     74.53     75.12 ms
[11:58:53]   round 4 plain                            bs32x6    warm     75.07 timed     75.06     75.07     75.54 ms
[11:58:53]   round 4 plain                            bs32x7    warm     76.57 timed     76.83     74.54     74.29 ms
[11:58:53]   round 4 plain                            bs32x8    warm     61.78 timed     63.23     62.24     62.01 ms
[11:58:54]   round 4 plain                            bs64x4    warm     61.97 timed     61.95     61.60     61.91 ms
[11:58:54]   round 4 tierA                            bs256x1   warm     56.53 timed     55.78     56.34     57.56 ms
[11:58:54]   round 4 tierA                            bs128x1   warm     67.61 timed     65.89     65.82     66.19 ms
[11:58:54]   round 4 tierA                            bs128x2   warm     53.17 timed     55.73     54.99     54.51 ms
[11:58:55]   round 4 tierA                            bs64x1    warm    118.18 timed    114.45    114.92    115.44 ms
[11:58:55]   round 4 tierA                            bs64x2    warm     65.12 timed     65.06     64.32     64.46 ms
[11:58:55]   round 4 tierA                            bs64x3    warm     55.17 timed     55.69     55.58     56.06 ms
[11:58:56]   round 4 tierA                            bs64x4    warm     54.83 timed     54.45     55.39     55.46 ms
[11:58:56]   round 4 tierA                            bs32x6    warm     56.12 timed     56.26     56.22     55.35 ms
[11:58:56]   round 4 tierA                            bs32x7    warm     54.66 timed     56.23     55.65     55.18 ms
[11:58:56]   round 4 tierA                            bs32x8    warm     56.31 timed     56.34     55.79     54.18 ms
[11:58:56] chain64/cash-karp-54 tierA                            bs32x8     blk/SM  8 best    54.179 ms
[11:58:56] chain64/cash-karp-54 tierA                            bs32x7     blk/SM  7 best    55.176 ms
[11:58:56] chain64/cash-karp-54 tierA                            bs32x6     blk/SM  6 best    55.348 ms
[11:58:56] chain64/cash-karp-54 tierA                            bs32x1     blk/SM  1 best   218.609 ms capped
[11:58:56] chain64/cash-karp-54 tierA                            bs64x4     blk/SM  4 best    54.455 ms
[11:58:56] chain64/cash-karp-54 tierA                            bs64x3     blk/SM  3 best    55.581 ms
[11:58:56] chain64/cash-karp-54 tierA                            bs64x2     blk/SM  2 best    63.792 ms
[11:58:56] chain64/cash-karp-54 tierA                            bs64x1     blk/SM  1 best   113.985 ms
[11:58:56] chain64/cash-karp-54 tierA                            bs128x2    blk/SM  2 best    54.513 ms
[11:58:56] chain64/cash-karp-54 tierA                            bs128x1    blk/SM  1 best    63.805 ms
[11:58:56] chain64/cash-karp-54 tierA                            bs256x1    blk/SM  1 best    55.088 ms
[11:58:56] chain64/cash-karp-54 plain                            bs64x4     blk/SM  4 best    61.410 ms
[11:58:56] chain64/cash-karp-54 plain                            bs32x8     blk/SM  8 best    61.732 ms
[11:58:56] chain64/cash-karp-54 plain                            bs32x7     blk/SM  7 best    73.598 ms
[11:58:56] chain64/cash-karp-54 plain                            bs32x6     blk/SM  6 best    74.626 ms
[11:58:56] chain64/cash-karp-54 plain                            bs32x1     blk/SM  1 best   238.457 ms capped
[11:58:56] chain64/cash-karp-54 plain                            bs64x3     blk/SM  3 best    74.531 ms
[11:58:56] chain64/cash-karp-54 plain                            bs64x2     blk/SM  2 best    86.976 ms
[11:58:56] chain64/cash-karp-54 plain                            bs64x1     blk/SM  1 best   141.010 ms
[11:58:56] chain64/cash-karp-54 plain                            bs128x2    blk/SM  2 best    61.313 ms
[11:58:56] chain64/cash-karp-54 plain                            bs128x1    blk/SM  1 best    88.332 ms
[11:58:56] chain64/cash-karp-54 plain                            bs256x1    blk/SM  1 best    61.572 ms
[11:58:56] chain64/cash-karp-54 opt:other_small=0 state=local    bs32x8     blk/SM  8 best    64.767 ms
[11:58:56] chain64/cash-karp-54 opt:other_small=0 state=local    bs32x7     blk/SM  7 best    69.671 ms
[11:58:56] chain64/cash-karp-54 opt:other_small=0 state=local    bs32x6     blk/SM  6 best    69.340 ms
[11:58:56] chain64/cash-karp-54 opt:other_small=0 state=local    bs32x1     blk/SM  1 best   226.813 ms capped
[11:58:56] chain64/cash-karp-54 opt:other_small=0 state=local    bs64x4     blk/SM  4 best    64.067 ms
[11:58:56] chain64/cash-karp-54 opt:other_small=0 state=local    bs64x3     blk/SM  3 best    69.559 ms
[11:58:56] chain64/cash-karp-54 opt:other_small=0 state=local    bs64x2     blk/SM  2 best    75.781 ms
[11:58:56] chain64/cash-karp-54 opt:other_small=0 state=local    bs64x1     blk/SM  1 best   122.749 ms
[11:58:56] chain64/cash-karp-54 opt:other_small=0 state=local    bs128x2    blk/SM  2 best    63.743 ms
[11:58:56] chain64/cash-karp-54 opt:other_small=0 state=local    bs128x1    blk/SM  1 best    76.528 ms
[11:58:56] chain64/cash-karp-54 opt:other_small=0 state=local    bs256x1    blk/SM  1 best    63.961 ms
[11:58:56] chain64/cash-karp-54 opt:other_small=0 state=shared   bs32x8     blk/SM  8 best    62.713 ms
[11:58:56] chain64/cash-karp-54 opt:other_small=0 state=shared   bs32x7     blk/SM  7 best    63.760 ms
[11:58:56] chain64/cash-karp-54 opt:other_small=0 state=shared   bs32x6     blk/SM  6 best    64.173 ms
[11:58:56] chain64/cash-karp-54 opt:other_small=0 state=shared   bs32x1     blk/SM  1 best   223.040 ms capped
[11:58:56] chain64/cash-karp-54 opt:other_small=0 state=shared   bs64x4     blk/SM  4 best    62.668 ms
[11:58:56] chain64/cash-karp-54 opt:other_small=0 state=shared   bs64x3     blk/SM  3 best    63.970 ms
[11:58:56] chain64/cash-karp-54 opt:other_small=0 state=shared   bs64x2     blk/SM  2 best    73.802 ms
[11:58:56] chain64/cash-karp-54 opt:other_small=0 state=shared   bs64x1     blk/SM  1 best   125.528 ms
[11:58:56] chain64/cash-karp-54 opt:other_small=0 state=shared   bs128x2    blk/SM  2 best    62.167 ms
[11:58:56] chain64/cash-karp-54 opt:other_small=0 state=shared   bs128x1    blk/SM  1 best    73.711 ms
[11:58:56] chain64/cash-karp-54 opt:other_small=0 state=shared   bs256x1    blk/SM  1 best    62.924 ms
[11:58:56] chain64/cash-karp-54 o1+stage_accumulator=shared      bs64x1     blk/SM  1 best   244.986 ms capped
[11:58:56] chain64/cash-karp-54 o1+stage_accumulator=shared      bs32x2     blk/SM  2 best   250.284 ms capped
[11:58:56] chain64/cash-karp-54 o1+stage_accumulator=shared      bs32x1     blk/SM  1 best   451.999 ms capped
[11:58:56] chain64/cash-karp-54 o1+stage_rhs=shared              bs64x3     blk/SM  3 best    55.494 ms
[11:58:56] chain64/cash-karp-54 o1+stage_rhs=shared              bs32x5     blk/SM  5 best    57.422 ms
[11:58:56] chain64/cash-karp-54 o1+stage_rhs=shared              bs32x4     blk/SM  4 best    64.173 ms
[11:58:56] chain64/cash-karp-54 o1+stage_rhs=shared              bs32x3     blk/SM  3 best    79.254 ms
[11:58:56] chain64/cash-karp-54 o1+stage_rhs=shared              bs32x1     blk/SM  1 best   212.889 ms capped
[11:58:56] chain64/cash-karp-54 o1+stage_rhs=shared              bs64x2     blk/SM  2 best    65.605 ms
[11:58:56] chain64/cash-karp-54 o1+stage_rhs=shared              bs64x1     blk/SM  1 best   114.698 ms
[11:58:56] chain64/cash-karp-54 o1+stage_rhs=shared              bs128x1    blk/SM  1 best    65.609 ms
[11:58:56] === chain64/cash-karp-54 done in 77.4 s
[11:58:56] === chain64/dormand-prince-54 n_runs 262144 duration 51.2 arms 8
[11:58:57]   tierA                            regs 255 frame   904 sass   133 KiB shared/run  260 cells bs256x1 bs32x8 bs32x7 bs32x6 bs32x1 bs64x4 bs64x3 bs64x2 bs64x1 bs128x2 bs128x1 (0.2 s)
[11:58:57]   plain                            regs 255 frame   816 sass   128 KiB shared/run    0 cells bs64x4 bs32x8 bs32x7 bs32x6 bs32x1 bs64x3 bs64x2 bs64x1 bs128x2 bs128x1 bs256x1 (0.2 s)
[11:58:57]   opt:other_small=1 state=local    alias of plain
[11:58:57]   opt:other_small=1 state=shared   alias of tierA
[11:58:58]   opt:other_small=0 state=local    regs 255 frame  2080 sass   121 KiB shared/run    0 cells bs32x8 bs32x7 bs32x6 bs32x1 bs64x4 bs64x3 bs64x2 bs64x1 bs128x2 bs128x1 bs256x1 (0.1 s)
[11:58:58]   opt:other_small=0 state=shared   regs 255 frame  1760 sass   125 KiB shared/run  260 cells bs32x8 bs32x7 bs32x6 bs32x1 bs64x4 bs64x3 bs64x2 bs64x1 bs128x2 bs128x1 bs256x1 (0.1 s)
[11:58:58]   o1+stage_accumulator=shared      regs 255 frame  2136 sass   156 KiB shared/run 1796 cells bs32x1 (0.1 s)
[11:58:58]   o1+stage_rhs=shared              regs 255 frame   992 sass   140 KiB shared/run  516 cells bs64x3 bs32x5 bs32x4 bs32x3 bs32x1 bs64x2 bs64x1 bs128x1 (0.1 s)
[11:59:01]   round 1 tierA                            bs256x1   warm     56.64 timed     57.70     56.81     59.82 ms
[11:59:01]   round 1 tierA                            bs32x8    warm     56.63 timed     56.85     57.31     56.43 ms
[11:59:01]   round 1 tierA                            bs32x7    warm     57.32 timed     58.01     58.75     58.66 ms
[11:59:02]   round 1 tierA                            bs32x6    warm     60.28 timed     60.21     59.75     61.61 ms
[11:59:02]   capped tierA bs32x1 warm 225.41 ms > 3.0x floor 56.43
[11:59:02]   round 1 tierA                            bs64x4    warm     54.99 timed     56.84     56.52     56.75 ms
[11:59:03]   round 1 tierA                            bs64x3    warm     61.44 timed     60.60     60.10     60.41 ms
[11:59:03]   round 1 tierA                            bs64x2    warm     75.49 timed     73.44     74.59     73.41 ms
[11:59:03]   round 1 tierA                            bs64x1    warm    124.15 timed    123.62    125.01    123.56 ms
[11:59:04]   round 1 tierA                            bs128x2   warm     55.94 timed     56.69     56.33     56.88 ms
[11:59:04]   round 1 tierA                            bs128x1   warm     76.51 timed     73.37     76.06     74.33 ms
[11:59:04]   round 1 plain                            bs64x4    warm     46.61 timed     47.02     45.89     47.22 ms
[11:59:04]   round 1 plain                            bs32x8    warm     46.80 timed     47.35     47.18     46.98 ms
[11:59:05]   round 1 plain                            bs32x7    warm     61.99 timed     63.79     61.35     62.16 ms
[11:59:05]   round 1 plain                            bs32x6    warm     66.29 timed     64.02     64.67     64.06 ms
[11:59:05]   capped plain bs32x1 warm 208.30 ms > 3.0x floor 45.89
[11:59:06]   round 1 plain                            bs64x3    warm     61.06 timed     63.51     63.98     63.82 ms
[11:59:06]   round 1 plain                            bs64x2    warm     79.52 timed     78.42     77.93     78.67 ms
[11:59:07]   round 1 plain                            bs64x1    warm    128.26 timed    127.78    126.42    127.47 ms
[11:59:07]   round 1 plain                            bs128x2   warm     44.49 timed     46.37     46.26     45.80 ms
[11:59:07]   round 1 plain                            bs128x1   warm     81.07 timed     81.01     80.57     79.37 ms
[11:59:07]   round 1 plain                            bs256x1   warm     45.09 timed     47.06     47.57     45.83 ms
[11:59:08]   round 1 opt:other_small=0 state=local    bs32x8    warm     55.87 timed     55.51     55.06     55.66 ms
[11:59:08]   round 1 opt:other_small=0 state=local    bs32x7    warm     63.33 timed     61.79     62.56     63.64 ms
[11:59:08]   round 1 opt:other_small=0 state=local    bs32x6    warm     63.19 timed     63.63     65.50     63.80 ms
[11:59:08]   capped opt:other_small=0 state=local bs32x1 warm 215.41 ms > 3.0x floor 45.80
[11:59:09]   round 1 opt:other_small=0 state=local    bs64x4    warm     52.38 timed     53.81     54.20     54.82 ms
[11:59:09]   round 1 opt:other_small=0 state=local    bs64x3    warm     64.25 timed     62.67     62.01     64.39 ms
[11:59:09]   round 1 opt:other_small=0 state=local    bs64x2    warm     72.44 timed     70.60     71.14     70.97 ms
[11:59:10]   round 1 opt:other_small=0 state=local    bs64x1    warm    119.44 timed    120.28    119.84    119.01 ms
[11:59:10]   round 1 opt:other_small=0 state=local    bs128x2   warm     52.89 timed     55.19     55.95     55.22 ms
[11:59:10]   round 1 opt:other_small=0 state=local    bs128x1   warm     73.93 timed     71.27     70.49     71.05 ms
[11:59:10]   round 1 opt:other_small=0 state=local    bs256x1   warm     53.59 timed     56.50     55.42     55.55 ms
[11:59:11]   round 1 opt:other_small=0 state=shared   bs32x8    warm     56.05 timed     56.49     55.06     55.81 ms
[11:59:11]   round 1 opt:other_small=0 state=shared   bs32x7    warm     56.64 timed     55.31     58.31     58.71 ms
[11:59:11]   round 1 opt:other_small=0 state=shared   bs32x6    warm     58.29 timed     58.34     58.41     58.60 ms
[11:59:12]   capped opt:other_small=0 state=shared bs32x1 warm 212.46 ms > 3.0x floor 45.80
[11:59:12]   round 1 opt:other_small=0 state=shared   bs64x4    warm     54.26 timed     55.27     57.37     55.55 ms
[11:59:12]   round 1 opt:other_small=0 state=shared   bs64x3    warm     58.83 timed     58.71     58.63     58.87 ms
[11:59:12]   round 1 opt:other_small=0 state=shared   bs64x2    warm     68.61 timed     66.97     66.46     65.44 ms
[11:59:13]   round 1 opt:other_small=0 state=shared   bs64x1    warm    111.50 timed    113.42    114.19    111.65 ms
[11:59:13]   round 1 opt:other_small=0 state=shared   bs128x2   warm     55.29 timed     58.50     57.10     56.40 ms
[11:59:13]   round 1 opt:other_small=0 state=shared   bs128x1   warm     68.59 timed     67.40     65.75     67.36 ms
[11:59:14]   round 1 opt:other_small=0 state=shared   bs256x1   warm     53.33 timed     56.94     56.58     56.00 ms
[11:59:15]   capped o1+stage_accumulator=shared bs32x1 warm 370.64 ms > 3.0x floor 45.80
[11:59:15]   round 1 o1+stage_rhs=shared              bs64x3    warm     74.66 timed     74.88     75.16     74.49 ms
[11:59:15]   round 1 o1+stage_rhs=shared              bs32x5    warm     77.97 timed     80.16     74.82     78.12 ms
[11:59:16]   round 1 o1+stage_rhs=shared              bs32x4    warm     87.08 timed     83.82     85.96     83.65 ms
[11:59:16]   round 1 o1+stage_rhs=shared              bs32x3    warm    102.23 timed    100.88    101.71    101.82 ms
[11:59:17]   capped o1+stage_rhs=shared bs32x1 warm 248.96 ms > 3.0x floor 45.80
[11:59:17]   round 1 o1+stage_rhs=shared              bs64x2    warm     82.59 timed     81.09     81.03     83.86 ms
[11:59:18]   round 1 o1+stage_rhs=shared              bs64x1    warm    133.97 timed    136.02    134.04    133.79 ms
[11:59:18]   round 1 o1+stage_rhs=shared              bs128x1   warm     81.44 timed     83.08     81.91     83.55 ms
[11:59:18]   round 2 o1+stage_rhs=shared              bs128x1   warm     85.81 timed     82.40     83.14     83.22 ms
[11:59:19]   round 2 o1+stage_rhs=shared              bs64x1    warm    135.25 timed    136.27    138.05    139.57 ms
[11:59:19]   round 2 o1+stage_rhs=shared              bs64x2    warm     82.66 timed     81.92     82.16     81.12 ms
[11:59:20]   round 2 o1+stage_rhs=shared              bs32x3    warm     97.85 timed     97.72     97.32     96.75 ms
[11:59:20]   round 2 o1+stage_rhs=shared              bs32x4    warm     84.19 timed     82.99     84.19     82.04 ms
[11:59:20]   round 2 o1+stage_rhs=shared              bs32x5    warm     75.28 timed     75.40     75.53     76.29 ms
[11:59:21]   round 2 o1+stage_rhs=shared              bs64x3    warm     70.98 timed     71.81     71.08     73.40 ms
[11:59:21]   round 2 opt:other_small=0 state=shared   bs256x1   warm     56.05 timed     56.85     57.04     55.10 ms
[11:59:21]   round 2 opt:other_small=0 state=shared   bs128x1   warm     70.39 timed     67.81     66.49     66.91 ms
[11:59:21]   round 2 opt:other_small=0 state=shared   bs128x2   warm     53.64 timed     59.19     57.70     55.82 ms
[11:59:22]   round 2 opt:other_small=0 state=shared   bs64x1    warm    116.19 timed    111.70    114.06    112.22 ms
[11:59:22]   round 2 opt:other_small=0 state=shared   bs64x2    warm     66.14 timed     68.02     68.39     67.43 ms
[11:59:22]   round 2 opt:other_small=0 state=shared   bs64x3    warm     56.88 timed     59.51     59.67     58.57 ms
[11:59:23]   round 2 opt:other_small=0 state=shared   bs64x4    warm     54.50 timed     56.67     55.80     56.01 ms
[11:59:23]   round 2 opt:other_small=0 state=shared   bs32x6    warm     58.20 timed     57.48     58.05     57.13 ms
[11:59:23]   round 2 opt:other_small=0 state=shared   bs32x7    warm     56.40 timed     57.26     58.42     57.65 ms
[11:59:23]   round 2 opt:other_small=0 state=shared   bs32x8    warm     55.06 timed     55.11     55.88     55.71 ms
[11:59:24]   round 2 opt:other_small=0 state=local    bs256x1   warm     54.80 timed     55.09     55.01     56.13 ms
[11:59:24]   round 2 opt:other_small=0 state=local    bs128x1   warm     72.88 timed     71.18     71.14     70.94 ms
[11:59:24]   round 2 opt:other_small=0 state=local    bs128x2   warm     54.66 timed     56.58     56.60     55.01 ms
[11:59:25]   round 2 opt:other_small=0 state=local    bs64x1    warm    122.00 timed    121.15    118.84    119.10 ms
[11:59:25]   round 2 opt:other_small=0 state=local    bs64x2    warm     68.95 timed     69.60     71.05     70.41 ms
[11:59:25]   round 2 opt:other_small=0 state=local    bs64x3    warm     62.42 timed     64.92     64.03     65.09 ms
[11:59:25]   round 2 opt:other_small=0 state=local    bs64x4    warm     62.05 timed     80.38     72.12     55.39 ms
[11:59:26]   round 2 opt:other_small=0 state=local    bs32x6    warm     63.23 timed     62.50     63.17     63.25 ms
[11:59:26]   round 2 opt:other_small=0 state=local    bs32x7    warm     62.09 timed     61.80     62.76     63.46 ms
[11:59:26]   round 2 opt:other_small=0 state=local    bs32x8    warm     57.42 timed     55.81     56.28     57.39 ms
[11:59:26]   round 2 plain                            bs256x1   warm     46.65 timed     45.77     46.52     47.06 ms
[11:59:27]   round 2 plain                            bs128x1   warm     81.07 timed     81.11     78.78     78.61 ms
[11:59:27]   round 2 plain                            bs128x2   warm     44.16 timed     46.44     45.92     47.55 ms
[11:59:28]   round 2 plain                            bs64x1    warm    130.54 timed    128.11    128.08    128.46 ms
[11:59:28]   round 2 plain                            bs64x2    warm     79.87 timed     79.14     78.78     80.04 ms
[11:59:28]   round 2 plain                            bs64x3    warm     64.54 timed     65.31     65.56     65.10 ms
[11:59:28]   round 2 plain                            bs32x6    warm     64.53 timed     63.84     64.11     64.60 ms
[11:59:29]   round 2 plain                            bs32x7    warm     61.44 timed     62.93     62.40     61.73 ms
[11:59:29]   round 2 plain                            bs32x8    warm     48.59 timed     47.48     47.83     47.71 ms
[11:59:29]   round 2 plain                            bs64x4    warm     48.55 timed     48.21     49.57     46.46 ms
[11:59:29]   round 2 tierA                            bs128x1   warm     76.58 timed     74.19     74.02     82.89 ms
[11:59:30]   round 2 tierA                            bs128x2   warm     55.52 timed     57.24     59.62     56.74 ms
[11:59:30]   round 2 tierA                            bs64x1    warm    127.53 timed    124.32    128.71    128.26 ms
[11:59:31]   round 2 tierA                            bs64x2    warm     75.27 timed     75.89     73.84     73.86 ms
[11:59:31]   round 2 tierA                            bs64x3    warm     58.98 timed     60.58     59.72     60.33 ms
[11:59:31]   round 2 tierA                            bs64x4    warm     58.75 timed     56.42     56.77     59.32 ms
[11:59:31]   round 2 tierA                            bs32x6    warm     62.25 timed     60.22     60.48     60.64 ms
[11:59:32]   round 2 tierA                            bs32x7    warm     57.96 timed     61.14     57.94     58.37 ms
[11:59:32]   round 2 tierA                            bs32x8    warm     56.74 timed     56.52     57.14     56.75 ms
[11:59:32]   round 2 tierA                            bs256x1   warm     57.90 timed     56.60     57.70     59.70 ms
[11:59:32]   round 3 o1+stage_rhs=shared              bs128x1   warm     80.51 timed     81.07     81.42     80.74 ms
[11:59:33]   round 3 o1+stage_rhs=shared              bs64x1    warm    133.60 timed    134.97    133.09    132.81 ms
[11:59:33]   round 3 o1+stage_rhs=shared              bs64x2    warm     80.85 timed     79.82     80.65     80.78 ms
[11:59:34]   round 3 o1+stage_rhs=shared              bs32x3    warm     97.92 timed     98.07     97.84     97.61 ms
[11:59:34]   round 3 o1+stage_rhs=shared              bs32x4    warm     82.19 timed     83.29     82.06     83.76 ms
[11:59:34]   round 3 o1+stage_rhs=shared              bs32x5    warm     73.98 timed     74.45     77.31     74.60 ms
[11:59:35]   round 3 o1+stage_rhs=shared              bs64x3    warm     70.24 timed     71.58     71.96     71.82 ms
[11:59:35]   round 3 opt:other_small=0 state=shared   bs256x1   warm     57.48 timed     56.49     57.33     56.49 ms
[11:59:35]   round 3 opt:other_small=0 state=shared   bs128x1   warm     69.99 timed     66.63     65.73     65.96 ms
[11:59:35]   round 3 opt:other_small=0 state=shared   bs128x2   warm     54.31 timed     55.39     55.69     55.47 ms
[11:59:36]   round 3 opt:other_small=0 state=shared   bs64x1    warm    115.68 timed    112.15    112.47    111.05 ms
[11:59:36]   round 3 opt:other_small=0 state=shared   bs64x2    warm     64.80 timed     68.04     65.34     64.85 ms
[11:59:36]   round 3 opt:other_small=0 state=shared   bs64x3    warm     56.62 timed     58.19     57.41     57.02 ms
[11:59:37]   round 3 opt:other_small=0 state=shared   bs64x4    warm     56.25 timed     57.21     56.25     55.88 ms
[11:59:37]   round 3 opt:other_small=0 state=shared   bs32x6    warm     59.22 timed     57.39     58.02     59.46 ms
[11:59:37]   round 3 opt:other_small=0 state=shared   bs32x7    warm     57.50 timed     56.93     56.94     57.20 ms
[11:59:37]   round 3 opt:other_small=0 state=shared   bs32x8    warm     54.44 timed     56.65     55.82     55.41 ms
[11:59:38]   round 3 opt:other_small=0 state=local    bs256x1   warm     55.28 timed     55.01     54.21     56.45 ms
[11:59:38]   round 3 opt:other_small=0 state=local    bs128x1   warm     72.29 timed     70.87     70.45     70.78 ms
[11:59:38]   round 3 opt:other_small=0 state=local    bs128x2   warm     53.51 timed     57.70     55.79     54.55 ms
[11:59:39]   round 3 opt:other_small=0 state=local    bs64x1    warm    123.27 timed    119.19    119.31    119.59 ms
[11:59:39]   round 3 opt:other_small=0 state=local    bs64x2    warm     70.10 timed     70.19     70.62     70.19 ms
[11:59:39]   round 3 opt:other_small=0 state=local    bs64x3    warm     61.86 timed     63.31     63.67     63.90 ms
[11:59:39]   round 3 opt:other_small=0 state=local    bs64x4    warm     55.44 timed     55.40     55.57     55.74 ms
[11:59:40]   round 3 opt:other_small=0 state=local    bs32x6    warm     61.93 timed     63.51     63.67     63.28 ms
[11:59:40]   round 3 opt:other_small=0 state=local    bs32x7    warm     62.52 timed     62.66     62.64     62.25 ms
[11:59:40]   round 3 opt:other_small=0 state=local    bs32x8    warm     55.92 timed     56.23     55.95     55.36 ms
[11:59:40]   round 3 plain                            bs256x1   warm     46.62 timed     45.99     47.02     47.32 ms
[11:59:41]   round 3 plain                            bs128x1   warm     80.26 timed     79.07     78.24     78.27 ms
[11:59:41]   round 3 plain                            bs128x2   warm     44.79 timed     47.00     45.54     46.74 ms
[11:59:41]   round 3 plain                            bs64x1    warm    130.22 timed    127.88    126.58    127.95 ms
[11:59:42]   round 3 plain                            bs64x2    warm     79.10 timed     78.32     81.45     78.73 ms
[11:59:42]   round 3 plain                            bs64x3    warm     61.77 timed     64.11     64.20     66.90 ms
[11:59:42]   round 3 plain                            bs32x6    warm     64.47 timed     64.66     64.08     64.31 ms
[11:59:43]   round 3 plain                            bs32x7    warm     60.94 timed     61.45     60.58     61.84 ms
[11:59:43]   round 3 plain                            bs32x8    warm     48.26 timed     47.49     47.85     47.38 ms
[11:59:43]   round 3 plain                            bs64x4    warm     47.75 timed     47.95     47.09     47.02 ms
[11:59:43]   round 3 tierA                            bs128x1   warm     75.65 timed     73.95     75.23     73.82 ms
[11:59:44]   round 3 tierA                            bs128x2   warm     54.60 timed     57.34     56.95     56.53 ms
[11:59:44]   round 3 tierA                            bs64x1    warm    125.50 timed    124.60    125.94    127.74 ms
[11:59:44]   round 3 tierA                            bs64x2    warm     74.00 timed     74.98     74.01     73.32 ms
[11:59:45]   round 3 tierA                            bs64x3    warm     59.61 timed     60.85     59.85     61.30 ms
[11:59:45]   round 3 tierA                            bs64x4    warm     57.04 timed     57.00     58.04     57.38 ms
[11:59:45]   round 3 tierA                            bs32x6    warm     61.37 timed     60.79     63.68     61.30 ms
[11:59:45]   round 3 tierA                            bs32x7    warm     60.19 timed     58.65     58.00     58.76 ms
[11:59:46]   round 3 tierA                            bs32x8    warm     56.51 timed     58.74     57.21     57.22 ms
[11:59:46]   round 3 tierA                            bs256x1   warm     57.02 timed     56.64     58.30     58.50 ms
[11:59:46]   round 4 o1+stage_rhs=shared              bs128x1   warm     81.73 timed     81.68     82.19     80.93 ms
[11:59:47]   round 4 o1+stage_rhs=shared              bs64x1    warm    134.08 timed    133.44    132.75    135.18 ms
[11:59:47]   round 4 o1+stage_rhs=shared              bs64x2    warm     81.27 timed     79.95     80.97     80.37 ms
[11:59:48]   round 4 o1+stage_rhs=shared              bs32x3    warm     96.91 timed     98.24     98.53     97.67 ms
[11:59:48]   round 4 o1+stage_rhs=shared              bs32x4    warm     82.30 timed     81.91     82.11     81.92 ms
[11:59:48]   round 4 o1+stage_rhs=shared              bs32x5    warm     74.19 timed     75.39     76.16     74.98 ms
[11:59:48]   round 4 o1+stage_rhs=shared              bs64x3    warm     70.13 timed     70.24     71.28     72.24 ms
[11:59:49]   round 4 opt:other_small=0 state=shared   bs256x1   warm     57.10 timed     57.47     56.24     56.40 ms
[11:59:49]   round 4 opt:other_small=0 state=shared   bs128x1   warm     68.97 timed     65.26     65.61     66.66 ms
[11:59:49]   round 4 opt:other_small=0 state=shared   bs128x2   warm     54.43 timed     58.82     55.75     56.18 ms
[11:59:50]   round 4 opt:other_small=0 state=shared   bs64x1    warm    113.78 timed    111.14    110.94    112.31 ms
[11:59:50]   round 4 opt:other_small=0 state=shared   bs64x2    warm     66.14 timed     65.48     64.95     64.85 ms
[11:59:50]   round 4 opt:other_small=0 state=shared   bs64x3    warm     56.90 timed     57.10     57.18     57.22 ms
[11:59:50]   round 4 opt:other_small=0 state=shared   bs64x4    warm     55.47 timed     67.94     53.94     55.13 ms
[11:59:51]   round 4 opt:other_small=0 state=shared   bs32x6    warm     58.77 timed     57.27     57.44     58.54 ms
[11:59:51]   round 4 opt:other_small=0 state=shared   bs32x7    warm     57.25 timed     58.57     56.59     57.64 ms
[11:59:51]   round 4 opt:other_small=0 state=shared   bs32x8    warm     56.31 timed     55.93     56.92     56.36 ms
[11:59:51]   round 4 opt:other_small=0 state=local    bs256x1   warm     55.48 timed     55.45     54.39     55.33 ms
[11:59:52]   round 4 opt:other_small=0 state=local    bs128x1   warm     72.99 timed     71.07     70.86     70.65 ms
[11:59:52]   round 4 opt:other_small=0 state=local    bs128x2   warm     56.53 timed     57.38     56.51     55.52 ms
[11:59:52]   round 4 opt:other_small=0 state=local    bs64x1    warm    123.93 timed    119.89    119.55    118.92 ms
[11:59:53]   round 4 opt:other_small=0 state=local    bs64x2    warm     69.96 timed     69.95     70.13     70.41 ms
[11:59:53]   round 4 opt:other_small=0 state=local    bs64x3    warm     62.24 timed     63.00     62.88     63.40 ms
[11:59:53]   round 4 opt:other_small=0 state=local    bs64x4    warm     57.14 timed     54.84     56.20     57.25 ms
[11:59:54]   round 4 opt:other_small=0 state=local    bs32x6    warm     63.08 timed     63.33     64.18     63.45 ms
[11:59:54]   round 4 opt:other_small=0 state=local    bs32x7    warm     62.97 timed     62.96     61.82     63.08 ms
[11:59:54]   round 4 opt:other_small=0 state=local    bs32x8    warm     56.19 timed     55.60     56.10     55.73 ms
[11:59:54]   round 4 plain                            bs256x1   warm     47.27 timed     46.38     45.84     54.31 ms
[11:59:55]   round 4 plain                            bs128x1   warm     89.34 timed    113.88     81.89     79.48 ms
[11:59:55]   round 4 plain                            bs128x2   warm     45.92 timed     47.15     46.29     47.12 ms
[11:59:55]   round 4 plain                            bs64x1    warm    130.52 timed    130.57    128.26    128.69 ms
[11:59:56]   round 4 plain                            bs64x2    warm     78.53 timed     78.69     79.13     81.05 ms
[11:59:56]   round 4 plain                            bs64x3    warm     63.20 timed     63.98     63.55     64.51 ms
[11:59:56]   round 4 plain                            bs32x6    warm     64.56 timed     65.81     65.56     64.45 ms
[11:59:56]   round 4 plain                            bs32x7    warm     60.51 timed     61.88     61.16     61.36 ms
[11:59:57]   round 4 plain                            bs32x8    warm     47.30 timed     49.93     46.36     47.35 ms
[11:59:57]   round 4 plain                            bs64x4    warm     46.54 timed     47.42     46.77     47.14 ms
[11:59:57]   round 4 tierA                            bs128x1   warm     75.65 timed     75.86     75.77     74.90 ms
[11:59:58]   round 4 tierA                            bs128x2   warm     57.65 timed     56.03     57.92     59.08 ms
[11:59:58]   round 4 tierA                            bs64x1    warm    128.63 timed    125.62    123.90    125.45 ms
[11:59:58]   round 4 tierA                            bs64x2    warm     78.37 timed     76.56     74.49     75.67 ms
[11:59:59]   round 4 tierA                            bs64x3    warm     60.27 timed     62.20     62.02     60.92 ms
[11:59:59]   round 4 tierA                            bs64x4    warm     55.92 timed     58.37     56.55     56.91 ms
[11:59:59]   round 4 tierA                            bs32x6    warm     63.20 timed     61.38     60.76     61.45 ms
[11:59:59]   round 4 tierA                            bs32x7    warm     59.84 timed     58.95     60.79     58.88 ms
[12:00:00]   round 4 tierA                            bs32x8    warm     58.20 timed     59.85     58.48     57.52 ms
[12:00:00]   round 4 tierA                            bs256x1   warm     59.31 timed     58.42     59.02     58.47 ms
[12:00:00] chain64/dormand-prince-54 tierA                            bs256x1    blk/SM  1 best    56.596 ms
[12:00:00] chain64/dormand-prince-54 tierA                            bs32x8     blk/SM  8 best    56.429 ms
[12:00:00] chain64/dormand-prince-54 tierA                            bs32x7     blk/SM  7 best    57.936 ms
[12:00:00] chain64/dormand-prince-54 tierA                            bs32x6     blk/SM  6 best    59.750 ms
[12:00:00] chain64/dormand-prince-54 tierA                            bs32x1     blk/SM  1 best   225.406 ms capped
[12:00:00] chain64/dormand-prince-54 tierA                            bs64x4     blk/SM  4 best    56.421 ms
[12:00:00] chain64/dormand-prince-54 tierA                            bs64x3     blk/SM  3 best    59.717 ms
[12:00:00] chain64/dormand-prince-54 tierA                            bs64x2     blk/SM  2 best    73.319 ms
[12:00:00] chain64/dormand-prince-54 tierA                            bs64x1     blk/SM  1 best   123.558 ms
[12:00:00] chain64/dormand-prince-54 tierA                            bs128x2    blk/SM  2 best    56.026 ms
[12:00:00] chain64/dormand-prince-54 tierA                            bs128x1    blk/SM  1 best    73.367 ms
[12:00:00] chain64/dormand-prince-54 plain                            bs64x4     blk/SM  4 best    45.890 ms
[12:00:00] chain64/dormand-prince-54 plain                            bs32x8     blk/SM  8 best    46.358 ms
[12:00:00] chain64/dormand-prince-54 plain                            bs32x7     blk/SM  7 best    60.576 ms
[12:00:00] chain64/dormand-prince-54 plain                            bs32x6     blk/SM  6 best    63.835 ms
[12:00:00] chain64/dormand-prince-54 plain                            bs32x1     blk/SM  1 best   208.296 ms capped
[12:00:00] chain64/dormand-prince-54 plain                            bs64x3     blk/SM  3 best    63.510 ms
[12:00:00] chain64/dormand-prince-54 plain                            bs64x2     blk/SM  2 best    77.929 ms
[12:00:00] chain64/dormand-prince-54 plain                            bs64x1     blk/SM  1 best   126.421 ms
[12:00:00] chain64/dormand-prince-54 plain                            bs128x2    blk/SM  2 best    45.538 ms
[12:00:00] chain64/dormand-prince-54 plain                            bs128x1    blk/SM  1 best    78.243 ms
[12:00:00] chain64/dormand-prince-54 plain                            bs256x1    blk/SM  1 best    45.775 ms
[12:00:00] chain64/dormand-prince-54 opt:other_small=0 state=local    bs32x8     blk/SM  8 best    55.059 ms
[12:00:00] chain64/dormand-prince-54 opt:other_small=0 state=local    bs32x7     blk/SM  7 best    61.790 ms
[12:00:00] chain64/dormand-prince-54 opt:other_small=0 state=local    bs32x6     blk/SM  6 best    62.497 ms
[12:00:00] chain64/dormand-prince-54 opt:other_small=0 state=local    bs32x1     blk/SM  1 best   215.412 ms capped
[12:00:00] chain64/dormand-prince-54 opt:other_small=0 state=local    bs64x4     blk/SM  4 best    53.812 ms
[12:00:00] chain64/dormand-prince-54 opt:other_small=0 state=local    bs64x3     blk/SM  3 best    62.010 ms
[12:00:00] chain64/dormand-prince-54 opt:other_small=0 state=local    bs64x2     blk/SM  2 best    69.598 ms
[12:00:00] chain64/dormand-prince-54 opt:other_small=0 state=local    bs64x1     blk/SM  1 best   118.839 ms
[12:00:00] chain64/dormand-prince-54 opt:other_small=0 state=local    bs128x2    blk/SM  2 best    54.553 ms
[12:00:00] chain64/dormand-prince-54 opt:other_small=0 state=local    bs128x1    blk/SM  1 best    70.448 ms
[12:00:00] chain64/dormand-prince-54 opt:other_small=0 state=local    bs256x1    blk/SM  1 best    54.207 ms
[12:00:00] chain64/dormand-prince-54 opt:other_small=0 state=shared   bs32x8     blk/SM  8 best    55.063 ms
[12:00:00] chain64/dormand-prince-54 opt:other_small=0 state=shared   bs32x7     blk/SM  7 best    55.311 ms
[12:00:00] chain64/dormand-prince-54 opt:other_small=0 state=shared   bs32x6     blk/SM  6 best    57.126 ms
[12:00:00] chain64/dormand-prince-54 opt:other_small=0 state=shared   bs32x1     blk/SM  1 best   212.458 ms capped
[12:00:00] chain64/dormand-prince-54 opt:other_small=0 state=shared   bs64x4     blk/SM  4 best    53.939 ms
[12:00:00] chain64/dormand-prince-54 opt:other_small=0 state=shared   bs64x3     blk/SM  3 best    57.017 ms
[12:00:00] chain64/dormand-prince-54 opt:other_small=0 state=shared   bs64x2     blk/SM  2 best    64.849 ms
[12:00:00] chain64/dormand-prince-54 opt:other_small=0 state=shared   bs64x1     blk/SM  1 best   110.940 ms
[12:00:00] chain64/dormand-prince-54 opt:other_small=0 state=shared   bs128x2    blk/SM  2 best    55.395 ms
[12:00:00] chain64/dormand-prince-54 opt:other_small=0 state=shared   bs128x1    blk/SM  1 best    65.261 ms
[12:00:00] chain64/dormand-prince-54 opt:other_small=0 state=shared   bs256x1    blk/SM  1 best    55.097 ms
[12:00:00] chain64/dormand-prince-54 o1+stage_accumulator=shared      bs32x1     blk/SM  1 best   370.639 ms capped
[12:00:00] chain64/dormand-prince-54 o1+stage_rhs=shared              bs64x3     blk/SM  3 best    70.241 ms
[12:00:00] chain64/dormand-prince-54 o1+stage_rhs=shared              bs32x5     blk/SM  5 best    74.448 ms
[12:00:00] chain64/dormand-prince-54 o1+stage_rhs=shared              bs32x4     blk/SM  4 best    81.912 ms
[12:00:00] chain64/dormand-prince-54 o1+stage_rhs=shared              bs32x3     blk/SM  3 best    96.752 ms
[12:00:00] chain64/dormand-prince-54 o1+stage_rhs=shared              bs32x1     blk/SM  1 best   248.956 ms capped
[12:00:00] chain64/dormand-prince-54 o1+stage_rhs=shared              bs64x2     blk/SM  2 best    79.820 ms
[12:00:00] chain64/dormand-prince-54 o1+stage_rhs=shared              bs64x1     blk/SM  1 best   132.753 ms
[12:00:00] chain64/dormand-prince-54 o1+stage_rhs=shared              bs128x1    blk/SM  1 best    80.742 ms
[12:00:00] === chain64/dormand-prince-54 done in 63.5 s
[12:00:00] === chain64/dop853 n_runs 262144 duration 51.2 arms 8
[12:00:00]   tierA                            regs 255 frame  2840 sass   288 KiB shared/run  260 cells bs64x3 bs32x8 bs32x6 bs32x7 bs32x1 bs64x4 bs64x2 bs64x1 bs128x2 bs128x1 bs256x1 (0.2 s)
[12:00:01]   plain                            regs 255 frame  2776 sass   289 KiB shared/run    0 cells bs64x4 bs32x8 bs32x7 bs32x6 bs32x1 bs64x3 bs64x2 bs64x1 bs128x2 bs128x1 bs256x1 (0.2 s)
[12:00:01]   opt:other_small=1 state=local    alias of plain
[12:00:01]   opt:other_small=1 state=shared   alias of tierA
[12:00:01]   opt:other_small=0 state=local    regs 255 frame  4112 sass   280 KiB shared/run    0 cells bs128x1 bs32x8 bs32x4 bs32x7 bs32x6 bs32x1 bs64x4 bs64x2 bs64x3 bs64x1 bs128x2 bs256x1 (0.2 s)
[12:00:01]   opt:other_small=0 state=shared   regs 255 frame  2816 sass   279 KiB shared/run  260 cells bs64x3 bs32x8 bs32x6 bs32x7 bs32x1 bs64x4 bs64x2 bs64x1 bs128x2 bs128x1 bs256x1 (0.2 s)
[12:00:02]   o1+stage_accumulator=shared      regs 255 frame  8952 sass   490 KiB shared/run 3076 cells bs32x1 (0.1 s)
[12:00:02]   o1+stage_rhs=shared              regs 255 frame  3512 sass   285 KiB shared/run  516 cells bs128x1 bs32x5 bs32x4 bs32x3 bs32x1 bs64x3 bs64x2 bs64x1 (0.2 s)
[12:00:21]   round 1 tierA                            bs64x3    warm   1352.14 timed   1322.21   1317.14   1364.96 ms
[12:00:26]   round 1 tierA                            bs32x8    warm   1850.48 timed   1344.41    563.62    561.35 ms
[12:00:27]   round 1 tierA                            bs32x6    warm    383.14 timed    383.90    392.26    391.40 ms
[12:00:29]   round 1 tierA                            bs32x7    warm    464.42 timed    473.75    475.11    474.87 ms
[12:00:33]   round 1 tierA                            bs32x1    warm    888.53 timed    890.57    889.71    889.10 ms
[12:00:35]   round 1 tierA                            bs64x4    warm    548.82 timed    551.19    551.07    547.82 ms
[12:00:36]   round 1 tierA                            bs64x2    warm    344.88 timed    343.05    344.95    347.88 ms
[12:00:38]   round 1 tierA                            bs64x1    warm    491.99 timed    495.39    492.93    504.55 ms
[12:00:40]   round 1 tierA                            bs128x2   warm    554.71 timed    554.11    556.20    553.30 ms
[12:00:42]   round 1 tierA                            bs128x1   warm    348.12 timed    351.80    351.16    348.81 ms
[12:00:44]   round 1 tierA                            bs256x1   warm    578.17 timed    577.06    567.80    567.81 ms
[12:00:47]   round 1 plain                            bs64x4    warm    511.57 timed    507.08    510.80    508.69 ms
[12:00:49]   round 1 plain                            bs32x8    warm    509.16 timed    511.19    507.89    509.29 ms
[12:00:50]   round 1 plain                            bs32x7    warm    394.91 timed    389.68    394.07    389.05 ms
[12:00:52]   round 1 plain                            bs32x6    warm    352.83 timed    353.69    356.34    360.16 ms
[12:00:55]   round 1 plain                            bs32x1    warm    913.14 timed    906.14    905.26    905.12 ms
[12:00:57]   round 1 plain                            bs64x3    warm    363.11 timed    364.80    364.99    362.60 ms
[12:00:58]   round 1 plain                            bs64x2    warm    369.06 timed    361.24    363.92    367.37 ms
[12:01:00]   round 1 plain                            bs64x1    warm    504.08 timed    506.35    505.73    509.68 ms
[12:01:02]   round 1 plain                            bs128x2   warm    505.40 timed    504.94    503.44    503.65 ms
[12:01:04]   round 1 plain                            bs128x1   warm    365.63 timed    370.01    362.85    360.63 ms
[12:01:06]   round 1 plain                            bs256x1   warm    527.12 timed    520.09    522.89    527.99 ms
[12:01:08]   round 1 opt:other_small=0 state=local    bs128x1   warm    357.15 timed    355.43    358.13    355.36 ms
[12:01:10]   round 1 opt:other_small=0 state=local    bs32x8    warm    652.21 timed    647.68    653.62    648.81 ms
[12:01:12]   round 1 opt:other_small=0 state=local    bs32x4    warm    355.37 timed    354.29    352.87    351.49 ms
[12:01:14]   round 1 opt:other_small=0 state=local    bs32x7    warm    537.04 timed    529.77    543.71    535.11 ms
[12:01:16]   round 1 opt:other_small=0 state=local    bs32x6    warm    456.94 timed    457.84    461.66    456.77 ms
[12:01:19]   round 1 opt:other_small=0 state=local    bs32x1    warm    895.37 timed    896.03    894.54    895.12 ms
[12:01:22]   round 1 opt:other_small=0 state=local    bs64x4    warm    645.31 timed    659.89    653.23    654.78 ms
[12:01:23]   round 1 opt:other_small=0 state=local    bs64x2    warm    360.17 timed    355.56    359.84    359.19 ms
[12:01:25]   round 1 opt:other_small=0 state=local    bs64x3    warm    459.75 timed    465.08    461.13    458.08 ms
[12:01:27]   round 1 opt:other_small=0 state=local    bs64x1    warm    492.48 timed    495.43    494.23    496.09 ms
[12:01:30]   round 1 opt:other_small=0 state=local    bs128x2   warm    639.78 timed    641.61    641.40    639.88 ms
[12:01:32]   round 1 opt:other_small=0 state=local    bs256x1   warm    652.00 timed    650.62    650.71    651.49 ms
[12:01:34]   round 1 opt:other_small=0 state=shared   bs64x3    warm    364.67 timed    362.86    369.84    382.00 ms
[12:01:37]   round 1 opt:other_small=0 state=shared   bs32x8    warm    550.04 timed    556.26    551.08    557.67 ms
[12:01:38]   round 1 opt:other_small=0 state=shared   bs32x6    warm    373.38 timed    374.42    378.53    374.58 ms
[12:01:40]   round 1 opt:other_small=0 state=shared   bs32x7    warm    467.30 timed    466.25    456.22    455.71 ms
[12:01:44]   round 1 opt:other_small=0 state=shared   bs32x1    warm    891.61 timed    892.45    895.01    893.58 ms
[12:01:46]   round 1 opt:other_small=0 state=shared   bs64x4    warm    536.80 timed    542.95    539.05    541.54 ms
[12:01:47]   round 1 opt:other_small=0 state=shared   bs64x2    warm    341.19 timed    344.53    340.56    343.05 ms
[12:01:49]   round 1 opt:other_small=0 state=shared   bs64x1    warm    494.91 timed    498.65    504.59    500.06 ms
[12:01:51]   round 1 opt:other_small=0 state=shared   bs128x2   warm    555.28 timed    547.51    547.25    551.38 ms
[12:01:53]   round 1 opt:other_small=0 state=shared   bs128x1   warm    343.87 timed    355.59    350.76    346.38 ms
[12:01:55]   round 1 opt:other_small=0 state=shared   bs256x1   warm    568.68 timed    558.05    561.64    559.54 ms
[12:02:00]   capped o1+stage_accumulator=shared bs32x1 warm 1772.51 ms > 3.0x floor 340.56
[12:02:02]   round 1 o1+stage_rhs=shared              bs128x1   warm    307.19 timed    308.13    311.96    307.09 ms
[12:02:03]   round 1 o1+stage_rhs=shared              bs32x5    warm    326.12 timed    325.63    329.35    335.21 ms
[12:02:04]   round 1 o1+stage_rhs=shared              bs32x4    warm    316.36 timed    316.98    316.43    313.70 ms
[12:02:06]   round 1 o1+stage_rhs=shared              bs32x3    warm    353.57 timed    355.22    360.03    355.03 ms
[12:02:09]   round 1 o1+stage_rhs=shared              bs32x1    warm    888.39 timed    874.40    868.08    880.79 ms
[12:02:11]   round 1 o1+stage_rhs=shared              bs64x3    warm    373.85 timed    372.73    372.57    373.49 ms
[12:02:12]   round 1 o1+stage_rhs=shared              bs64x2    warm    309.77 timed    311.52    309.41    313.64 ms
[12:02:14]   round 1 o1+stage_rhs=shared              bs64x1    warm    474.74 timed    473.23    473.84    468.56 ms
[12:02:16]   round 2 o1+stage_rhs=shared              bs64x1    warm    479.88 timed    468.40    475.31    474.68 ms
[12:02:17]   round 2 o1+stage_rhs=shared              bs64x2    warm    318.95 timed    315.03    322.30    323.23 ms
[12:02:19]   round 2 o1+stage_rhs=shared              bs64x3    warm    383.97 timed    382.32    389.86    384.25 ms
[12:02:22]   round 2 o1+stage_rhs=shared              bs32x1    warm    892.42 timed    890.72    888.16    877.24 ms
[12:02:24]   round 2 o1+stage_rhs=shared              bs32x3    warm    355.07 timed    355.30    354.34    352.82 ms
[12:02:25]   round 2 o1+stage_rhs=shared              bs32x4    warm    312.75 timed    312.22    318.38    312.79 ms
[12:02:26]   round 2 o1+stage_rhs=shared              bs32x5    warm    322.70 timed    323.77    320.70    320.07 ms
[12:02:28]   round 2 o1+stage_rhs=shared              bs128x1   warm    305.37 timed    306.41    306.74    308.72 ms
[12:02:30]   round 2 opt:other_small=0 state=shared   bs256x1   warm    570.93 timed    566.52    561.21    563.45 ms
[12:02:32]   round 2 opt:other_small=0 state=shared   bs128x1   warm    346.67 timed    347.30    345.78    344.51 ms
[12:02:34]   round 2 opt:other_small=0 state=shared   bs128x2   warm    544.08 timed    544.17    543.01    543.08 ms
[12:02:36]   round 2 opt:other_small=0 state=shared   bs64x1    warm    498.67 timed    495.50    496.56    488.29 ms
[12:02:37]   round 2 opt:other_small=0 state=shared   bs64x2    warm    340.51 timed    340.74    339.67    341.08 ms
[12:02:39]   round 2 opt:other_small=0 state=shared   bs64x4    warm    539.12 timed    532.94    534.61    533.35 ms
[12:02:43]   round 2 opt:other_small=0 state=shared   bs32x1    warm    886.27 timed    884.48    883.35    885.80 ms
[12:02:45]   round 2 opt:other_small=0 state=shared   bs32x7    warm    466.38 timed    453.55    468.53    467.52 ms
[12:02:46]   round 2 opt:other_small=0 state=shared   bs32x6    warm    375.27 timed    378.53    369.80    373.62 ms
[12:02:49]   round 2 opt:other_small=0 state=shared   bs32x8    warm    556.85 timed    550.17    554.11    555.41 ms
[12:02:50]   round 2 opt:other_small=0 state=shared   bs64x3    warm    367.65 timed    364.63    355.36    358.98 ms
[12:02:53]   round 2 opt:other_small=0 state=local    bs256x1   warm    645.29 timed    649.69    646.61    640.79 ms
[12:02:56]   round 2 opt:other_small=0 state=local    bs128x2   warm    635.34 timed    635.56    640.12    633.48 ms
[12:02:58]   round 2 opt:other_small=0 state=local    bs64x1    warm    490.39 timed    488.80    491.14    489.27 ms
[12:03:00]   round 2 opt:other_small=0 state=local    bs64x3    warm    458.81 timed    453.55    453.27    455.29 ms
[12:03:01]   round 2 opt:other_small=0 state=local    bs64x2    warm    354.05 timed    355.34    357.25    353.46 ms
[12:03:04]   round 2 opt:other_small=0 state=local    bs64x4    warm    644.50 timed    646.30    647.70    636.16 ms
[12:03:07]   round 2 opt:other_small=0 state=local    bs32x1    warm    888.93 timed    890.26    885.92    887.44 ms
[12:03:09]   round 2 opt:other_small=0 state=local    bs32x6    warm    459.78 timed    451.85    456.71    456.24 ms
[12:03:11]   round 2 opt:other_small=0 state=local    bs32x7    warm    533.54 timed    530.62    529.71    532.32 ms
[12:03:13]   round 2 opt:other_small=0 state=local    bs32x4    warm    348.18 timed    351.01    357.35    357.18 ms
[12:03:15]   round 2 opt:other_small=0 state=local    bs32x8    warm    646.22 timed    643.37    649.61    643.47 ms
[12:03:17]   round 2 opt:other_small=0 state=local    bs128x1   warm    355.04 timed    353.19    357.75    357.02 ms
[12:03:19]   round 2 plain                            bs256x1   warm    525.21 timed    523.80    521.35    523.06 ms
[12:03:21]   round 2 plain                            bs128x1   warm    362.23 timed    373.23    367.26    364.42 ms
[12:03:23]   round 2 plain                            bs128x2   warm    500.79 timed    500.79    499.71    500.92 ms
[12:03:25]   round 2 plain                            bs64x1    warm    501.53 timed    505.34    501.22    504.28 ms
[12:03:26]   round 2 plain                            bs64x2    warm    362.68 timed    361.18    365.72    368.99 ms
[12:03:28]   round 2 plain                            bs64x3    warm    361.30 timed    359.93    358.55    358.43 ms
[12:03:31]   round 2 plain                            bs32x1    warm    917.56 timed    945.45    913.98    900.72 ms
[12:03:33]   round 2 plain                            bs32x6    warm    356.44 timed    352.95    360.81    356.73 ms
[12:03:34]   round 2 plain                            bs32x7    warm    388.92 timed    390.61    392.06    394.58 ms
[12:03:36]   round 2 plain                            bs32x8    warm    507.90 timed    501.57    505.37    504.08 ms
[12:03:38]   round 2 plain                            bs64x4    warm    500.53 timed    513.00    504.95    503.07 ms
[12:03:41]   round 2 tierA                            bs256x1   warm    566.37 timed    571.22    573.04    578.40 ms
[12:03:43]   round 2 tierA                            bs128x1   warm    353.55 timed    352.61    352.34    355.02 ms
[12:03:45]   round 2 tierA                            bs128x2   warm    554.90 timed    548.73    548.45    547.32 ms
[12:03:47]   round 2 tierA                            bs64x1    warm    494.79 timed    498.86    499.32    492.52 ms
[12:03:48]   round 2 tierA                            bs64x2    warm    345.43 timed    349.16    349.69    348.26 ms
[12:03:50]   round 2 tierA                            bs64x4    warm    553.61 timed    545.03    543.49    539.49 ms
[12:03:54]   round 2 tierA                            bs32x1    warm    890.80 timed    895.35    884.27    889.12 ms
[12:03:56]   round 2 tierA                            bs32x7    warm    490.29 timed    469.24    475.33    478.55 ms
[12:03:58]   round 2 tierA                            bs32x6    warm    388.72 timed    393.65    385.83    392.99 ms
[12:04:00]   round 2 tierA                            bs32x8    warm    563.06 timed    567.69    571.20    546.70 ms
[12:04:01]   round 2 tierA                            bs64x3    warm    372.95 timed    378.66    375.43    377.83 ms
[12:04:04]   round 3 o1+stage_rhs=shared              bs64x1    warm    481.39 timed    477.36    470.45    475.09 ms
[12:04:05]   round 3 o1+stage_rhs=shared              bs64x2    warm    308.63 timed    311.37    313.56    307.31 ms
[12:04:06]   round 3 o1+stage_rhs=shared              bs64x3    warm    371.88 timed    372.72    375.48    365.54 ms
[12:04:10]   round 3 o1+stage_rhs=shared              bs32x1    warm    875.31 timed    884.58    887.40    886.99 ms
[12:04:11]   round 3 o1+stage_rhs=shared              bs32x3    warm    358.50 timed    360.25    356.11    362.33 ms
[12:04:13]   round 3 o1+stage_rhs=shared              bs32x4    warm    312.63 timed    311.17    319.43    316.92 ms
[12:04:14]   round 3 o1+stage_rhs=shared              bs32x5    warm    333.91 timed    323.98    325.84    320.05 ms
[12:04:15]   round 3 o1+stage_rhs=shared              bs128x1   warm    307.51 timed    307.49    310.19    308.37 ms
[12:04:18]   round 3 opt:other_small=0 state=shared   bs256x1   warm    559.99 timed    556.83    560.82    561.49 ms
[12:04:19]   round 3 opt:other_small=0 state=shared   bs128x1   warm    344.92 timed    342.87    342.85    344.38 ms
[12:04:22]   round 3 opt:other_small=0 state=shared   bs128x2   warm    547.89 timed    541.33    535.97    544.78 ms
[12:04:24]   round 3 opt:other_small=0 state=shared   bs64x1    warm    503.91 timed    504.72    509.78    498.94 ms
[12:04:25]   round 3 opt:other_small=0 state=shared   bs64x2    warm    347.92 timed    347.64    345.92    343.94 ms
[12:04:27]   round 3 opt:other_small=0 state=shared   bs64x4    warm    548.18 timed    541.42    548.55    545.03 ms
[12:04:31]   round 3 opt:other_small=0 state=shared   bs32x1    warm    888.54 timed    888.38    895.67    892.38 ms
[12:04:33]   round 3 opt:other_small=0 state=shared   bs32x7    warm    451.48 timed    454.00    456.58    452.31 ms
[12:04:34]   round 3 opt:other_small=0 state=shared   bs32x6    warm    364.84 timed    367.79    367.78    366.94 ms
[12:04:36]   round 3 opt:other_small=0 state=shared   bs32x8    warm    548.36 timed    536.66    552.98    555.22 ms
[12:04:38]   round 3 opt:other_small=0 state=shared   bs64x3    warm    374.62 timed    376.42    367.99    367.47 ms
[12:04:41]   round 3 opt:other_small=0 state=local    bs256x1   warm    671.01 timed    663.91    670.05    666.43 ms
[12:04:44]   round 3 opt:other_small=0 state=local    bs128x2   warm    637.99 timed    647.88    640.78    642.54 ms
[12:04:46]   round 3 opt:other_small=0 state=local    bs64x1    warm    496.10 timed    496.38    495.17    494.42 ms
[12:04:48]   round 3 opt:other_small=0 state=local    bs64x3    warm    451.45 timed    452.87    451.23    455.00 ms
[12:04:49]   round 3 opt:other_small=0 state=local    bs64x2    warm    354.37 timed    353.20    357.40    356.32 ms
[12:04:52]   round 3 opt:other_small=0 state=local    bs64x4    warm    654.91 timed    659.25    664.04    677.89 ms
[12:04:55]   round 3 opt:other_small=0 state=local    bs32x1    warm    932.88 timed    916.35    910.14    908.45 ms
[12:04:57]   round 3 opt:other_small=0 state=local    bs32x6    warm    458.56 timed    458.79    459.18    455.22 ms
[12:04:59]   round 3 opt:other_small=0 state=local    bs32x7    warm    541.41 timed    535.82    539.66    538.86 ms
[12:05:01]   round 3 opt:other_small=0 state=local    bs32x4    warm    354.68 timed    356.43    351.32    354.42 ms
[12:05:03]   round 3 opt:other_small=0 state=local    bs32x8    warm    644.44 timed    653.20    641.49    641.68 ms
[12:05:05]   round 3 opt:other_small=0 state=local    bs128x1   warm    354.42 timed    356.50    366.14    361.42 ms
[12:05:07]   round 3 plain                            bs256x1   warm    537.65 timed    534.06    538.68    533.14 ms
[12:05:09]   round 3 plain                            bs128x1   warm    374.31 timed    369.24    368.31    373.97 ms
[12:05:11]   round 3 plain                            bs128x2   warm    508.55 timed    507.77    506.86    506.63 ms
[12:05:13]   round 3 plain                            bs64x1    warm    510.29 timed    515.78    511.11    521.92 ms
[12:05:15]   round 3 plain                            bs64x2    warm    371.65 timed    368.06    364.42    365.69 ms
[12:05:16]   round 3 plain                            bs64x3    warm    359.10 timed    352.35    358.26    357.64 ms
[12:05:20]   round 3 plain                            bs32x1    warm    893.87 timed    898.93    933.27    909.60 ms
[12:05:21]   round 3 plain                            bs32x6    warm    356.85 timed    368.95    365.81    367.82 ms
[12:05:23]   round 3 plain                            bs32x7    warm    403.28 timed    434.70    409.88    409.35 ms
[12:05:25]   round 3 plain                            bs32x8    warm    546.34 timed    510.19    506.10    508.59 ms
[12:05:27]   round 3 plain                            bs64x4    warm    506.33 timed    512.17    508.35    505.54 ms
[12:05:30]   round 3 tierA                            bs256x1   warm    565.68 timed    565.64    568.04    571.95 ms
[12:05:31]   round 3 tierA                            bs128x1   warm    342.88 timed    357.11    355.66    345.72 ms
[12:05:33]   round 3 tierA                            bs128x2   warm    572.94 timed    562.53    561.04    553.43 ms
[12:05:35]   round 3 tierA                            bs64x1    warm    502.74 timed    504.71    499.21    501.54 ms
[12:05:37]   round 3 tierA                            bs64x2    warm    355.89 timed    347.54    347.30    349.13 ms
[12:05:39]   round 3 tierA                            bs64x4    warm    553.10 timed    557.14    538.66    544.06 ms
[12:05:43]   round 3 tierA                            bs32x1    warm    883.67 timed    881.06    880.56    880.93 ms
[12:05:44]   round 3 tierA                            bs32x7    warm    459.12 timed    460.62    464.00    464.74 ms
[12:05:46]   round 3 tierA                            bs32x6    warm    376.08 timed    375.26    377.45    377.51 ms
[12:05:48]   round 3 tierA                            bs32x8    warm    553.32 timed    555.46    552.79    557.38 ms
[12:05:50]   round 3 tierA                            bs64x3    warm    378.72 timed    380.03    377.05    381.31 ms
[12:05:52]   round 4 o1+stage_rhs=shared              bs64x1    warm    474.09 timed    477.81    470.95    475.29 ms
[12:05:53]   round 4 o1+stage_rhs=shared              bs64x2    warm    306.88 timed    308.54    308.58    308.38 ms
[12:05:55]   round 4 o1+stage_rhs=shared              bs64x3    warm    365.73 timed    366.94    368.35    367.96 ms
[12:05:58]   round 4 o1+stage_rhs=shared              bs32x1    warm    868.50 timed    869.51    870.13    868.23 ms
[12:06:00]   round 4 o1+stage_rhs=shared              bs32x3    warm    348.65 timed    349.60    348.80    350.77 ms
[12:06:01]   round 4 o1+stage_rhs=shared              bs32x4    warm    309.64 timed    310.96    315.04    315.40 ms
[12:06:02]   round 4 o1+stage_rhs=shared              bs32x5    warm    320.22 timed    319.20    325.27    319.31 ms
[12:06:03]   round 4 o1+stage_rhs=shared              bs128x1   warm    308.76 timed    311.15    310.66    309.09 ms
[12:06:06]   round 4 opt:other_small=0 state=shared   bs256x1   warm    560.31 timed    569.05    560.42    548.01 ms
[12:06:08]   round 4 opt:other_small=0 state=shared   bs128x1   warm    339.79 timed    340.53    340.56    344.35 ms
[12:06:10]   round 4 opt:other_small=0 state=shared   bs128x2   warm    538.10 timed    540.84    536.60    540.30 ms
[12:06:12]   round 4 opt:other_small=0 state=shared   bs64x1    warm    489.73 timed    491.54    492.88    491.44 ms
[12:06:13]   round 4 opt:other_small=0 state=shared   bs64x2    warm    344.30 timed    342.47    343.75    340.89 ms
[12:06:15]   round 4 opt:other_small=0 state=shared   bs64x4    warm    535.12 timed    542.21    553.57    540.40 ms
[12:06:19]   round 4 opt:other_small=0 state=shared   bs32x1    warm    900.76 timed    898.42    897.28    897.87 ms
[12:06:21]   round 4 opt:other_small=0 state=shared   bs32x7    warm    458.26 timed    449.51    456.41    449.77 ms
[12:06:22]   round 4 opt:other_small=0 state=shared   bs32x6    warm    360.70 timed    363.21    366.98    364.18 ms
[12:06:24]   round 4 opt:other_small=0 state=shared   bs32x8    warm    540.30 timed    533.09    539.66    535.15 ms
[12:06:26]   round 4 opt:other_small=0 state=shared   bs64x3    warm    360.60 timed    361.02    358.14    366.77 ms
[12:06:29]   round 4 opt:other_small=0 state=local    bs256x1   warm    652.27 timed    645.88    657.45    661.46 ms
[12:06:32]   round 4 opt:other_small=0 state=local    bs128x2   warm    652.13 timed    647.30    649.68    650.94 ms
[12:06:34]   round 4 opt:other_small=0 state=local    bs64x1    warm    496.95 timed    495.84    499.60    491.10 ms
[12:06:35]   round 4 opt:other_small=0 state=local    bs64x3    warm    457.80 timed    446.25    451.40    445.84 ms
[12:06:37]   round 4 opt:other_small=0 state=local    bs64x2    warm    351.69 timed    351.09    349.49    352.27 ms
[12:06:39]   round 4 opt:other_small=0 state=local    bs64x4    warm    637.99 timed    635.96    638.82    633.52 ms
[12:06:43]   round 4 opt:other_small=0 state=local    bs32x1    warm    890.89 timed    889.12    892.26    903.25 ms
[12:06:45]   round 4 opt:other_small=0 state=local    bs32x6    warm    460.27 timed    464.93    463.42    467.24 ms
[12:06:47]   round 4 opt:other_small=0 state=local    bs32x7    warm    543.34 timed    545.18    544.37    547.60 ms
[12:06:49]   round 4 opt:other_small=0 state=local    bs32x4    warm    352.05 timed    352.73    353.94    358.72 ms
[12:06:51]   round 4 opt:other_small=0 state=local    bs32x8    warm    656.37 timed    684.33    635.69    639.73 ms
[12:06:53]   round 4 opt:other_small=0 state=local    bs128x1   warm    350.51 timed    352.29    354.22    351.17 ms
[12:06:55]   round 4 plain                            bs256x1   warm    521.24 timed    524.08    525.52    521.96 ms
[12:06:57]   round 4 plain                            bs128x1   warm    363.90 timed    366.62    365.82    366.74 ms
[12:06:59]   round 4 plain                            bs128x2   warm    514.29 timed    506.58    517.41    507.10 ms
[12:07:01]   round 4 plain                            bs64x1    warm    514.50 timed    507.77    512.09    511.64 ms
[12:07:02]   round 4 plain                            bs64x2    warm    371.10 timed    365.23    366.89    363.34 ms
[12:07:04]   round 4 plain                            bs64x3    warm    351.31 timed    355.60    349.65    350.38 ms
[12:07:07]   round 4 plain                            bs32x1    warm    888.04 timed    888.07    886.56    884.58 ms
[12:07:09]   round 4 plain                            bs32x6    warm    348.48 timed    349.96    353.70    348.54 ms
[12:07:10]   round 4 plain                            bs32x7    warm    384.85 timed    385.06    388.29    387.53 ms
[12:07:12]   round 4 plain                            bs32x8    warm    515.34 timed    512.87    507.88    514.11 ms
[12:07:14]   round 4 plain                            bs64x4    warm    507.33 timed    512.30    507.61    512.83 ms
[12:07:17]   round 4 tierA                            bs256x1   warm    570.73 timed    559.41    562.08    558.75 ms
[12:07:18]   round 4 tierA                            bs128x1   warm    343.10 timed    345.06    341.78    342.51 ms
[12:07:21]   round 4 tierA                            bs128x2   warm    543.25 timed    537.80    545.89    533.81 ms
[12:07:23]   round 4 tierA                            bs64x1    warm    492.60 timed    486.75    504.91    486.12 ms
[12:07:24]   round 4 tierA                            bs64x2    warm    343.22 timed    344.44    341.12    346.63 ms
[12:07:26]   round 4 tierA                            bs64x4    warm    555.43 timed    550.13    549.50    550.23 ms
[12:07:30]   round 4 tierA                            bs32x1    warm    891.59 timed    893.58    889.21    882.75 ms
[12:07:32]   round 4 tierA                            bs32x7    warm    463.01 timed    455.41    461.72    452.07 ms
[12:07:33]   round 4 tierA                            bs32x6    warm    375.16 timed    377.27    372.11    380.44 ms
[12:07:35]   round 4 tierA                            bs32x8    warm    556.73 timed    551.81    555.96    554.95 ms
[12:07:37]   round 4 tierA                            bs64x3    warm    371.51 timed    372.60    370.51    367.08 ms
[12:07:37] chain64/dop853 tierA                            bs64x3     blk/SM  3 best   367.081 ms
[12:07:37] chain64/dop853 tierA                            bs32x8     blk/SM  8 best   546.702 ms
[12:07:37] chain64/dop853 tierA                            bs32x6     blk/SM  6 best   372.114 ms
[12:07:37] chain64/dop853 tierA                            bs32x7     blk/SM  7 best   452.068 ms
[12:07:37] chain64/dop853 tierA                            bs32x1     blk/SM  1 best   880.559 ms
[12:07:37] chain64/dop853 tierA                            bs64x4     blk/SM  4 best   538.662 ms
[12:07:37] chain64/dop853 tierA                            bs64x2     blk/SM  2 best   341.119 ms
[12:07:37] chain64/dop853 tierA                            bs64x1     blk/SM  1 best   486.116 ms
[12:07:37] chain64/dop853 tierA                            bs128x2    blk/SM  2 best   533.813 ms
[12:07:37] chain64/dop853 tierA                            bs128x1    blk/SM  1 best   341.779 ms
[12:07:37] chain64/dop853 tierA                            bs256x1    blk/SM  1 best   558.753 ms
[12:07:37] chain64/dop853 plain                            bs64x4     blk/SM  4 best   503.071 ms
[12:07:37] chain64/dop853 plain                            bs32x8     blk/SM  8 best   501.575 ms
[12:07:37] chain64/dop853 plain                            bs32x7     blk/SM  7 best   385.056 ms
[12:07:37] chain64/dop853 plain                            bs32x6     blk/SM  6 best   348.543 ms
[12:07:37] chain64/dop853 plain                            bs32x1     blk/SM  1 best   884.577 ms
[12:07:37] chain64/dop853 plain                            bs64x3     blk/SM  3 best   349.650 ms
[12:07:37] chain64/dop853 plain                            bs64x2     blk/SM  2 best   361.180 ms
[12:07:37] chain64/dop853 plain                            bs64x1     blk/SM  1 best   501.222 ms
[12:07:37] chain64/dop853 plain                            bs128x2    blk/SM  2 best   499.708 ms
[12:07:37] chain64/dop853 plain                            bs128x1    blk/SM  1 best   360.631 ms
[12:07:37] chain64/dop853 plain                            bs256x1    blk/SM  1 best   520.093 ms
[12:07:37] chain64/dop853 opt:other_small=0 state=local    bs128x1    blk/SM  1 best   351.170 ms
[12:07:37] chain64/dop853 opt:other_small=0 state=local    bs32x8     blk/SM  8 best   635.694 ms
[12:07:37] chain64/dop853 opt:other_small=0 state=local    bs32x4     blk/SM  4 best   351.010 ms
[12:07:37] chain64/dop853 opt:other_small=0 state=local    bs32x7     blk/SM  7 best   529.711 ms
[12:07:37] chain64/dop853 opt:other_small=0 state=local    bs32x6     blk/SM  6 best   451.847 ms
[12:07:37] chain64/dop853 opt:other_small=0 state=local    bs32x1     blk/SM  1 best   885.918 ms
[12:07:37] chain64/dop853 opt:other_small=0 state=local    bs64x4     blk/SM  4 best   633.522 ms
[12:07:37] chain64/dop853 opt:other_small=0 state=local    bs64x2     blk/SM  2 best   349.487 ms
[12:07:37] chain64/dop853 opt:other_small=0 state=local    bs64x3     blk/SM  3 best   445.845 ms
[12:07:37] chain64/dop853 opt:other_small=0 state=local    bs64x1     blk/SM  1 best   488.802 ms
[12:07:37] chain64/dop853 opt:other_small=0 state=local    bs128x2    blk/SM  2 best   633.483 ms
[12:07:37] chain64/dop853 opt:other_small=0 state=local    bs256x1    blk/SM  1 best   640.788 ms
[12:07:37] chain64/dop853 opt:other_small=0 state=shared   bs64x3     blk/SM  3 best   355.361 ms
[12:07:37] chain64/dop853 opt:other_small=0 state=shared   bs32x8     blk/SM  8 best   533.088 ms
[12:07:37] chain64/dop853 opt:other_small=0 state=shared   bs32x6     blk/SM  6 best   363.213 ms
[12:07:37] chain64/dop853 opt:other_small=0 state=shared   bs32x7     blk/SM  7 best   449.505 ms
[12:07:37] chain64/dop853 opt:other_small=0 state=shared   bs32x1     blk/SM  1 best   883.351 ms
[12:07:37] chain64/dop853 opt:other_small=0 state=shared   bs64x4     blk/SM  4 best   532.935 ms
[12:07:37] chain64/dop853 opt:other_small=0 state=shared   bs64x2     blk/SM  2 best   339.666 ms
[12:07:37] chain64/dop853 opt:other_small=0 state=shared   bs64x1     blk/SM  1 best   488.289 ms
[12:07:37] chain64/dop853 opt:other_small=0 state=shared   bs128x2    blk/SM  2 best   535.972 ms
[12:07:37] chain64/dop853 opt:other_small=0 state=shared   bs128x1    blk/SM  1 best   340.525 ms
[12:07:37] chain64/dop853 opt:other_small=0 state=shared   bs256x1    blk/SM  1 best   548.012 ms
[12:07:37] chain64/dop853 o1+stage_accumulator=shared      bs32x1     blk/SM  1 best  1772.510 ms capped
[12:07:37] chain64/dop853 o1+stage_rhs=shared              bs128x1    blk/SM  1 best   306.408 ms
[12:07:37] chain64/dop853 o1+stage_rhs=shared              bs32x5     blk/SM  5 best   319.200 ms
[12:07:37] chain64/dop853 o1+stage_rhs=shared              bs32x4     blk/SM  4 best   310.961 ms
[12:07:37] chain64/dop853 o1+stage_rhs=shared              bs32x3     blk/SM  3 best   348.805 ms
[12:07:37] chain64/dop853 o1+stage_rhs=shared              bs32x1     blk/SM  1 best   868.084 ms
[12:07:37] chain64/dop853 o1+stage_rhs=shared              bs64x3     blk/SM  3 best   365.544 ms
[12:07:37] chain64/dop853 o1+stage_rhs=shared              bs64x2     blk/SM  2 best   307.311 ms
[12:07:37] chain64/dop853 o1+stage_rhs=shared              bs64x1     blk/SM  1 best   468.399 ms
[12:07:37] === chain64/dop853 done in 457.0 s
[12:07:37] === chain32_c8/cash-karp-54 n_runs 262144 duration 51.2 arms 8
[12:07:37]   tierA                            regs 245 frame     0 sass    53 KiB shared/run    0 cells bs32x8 bs64x4 bs128x2 bs256x1 (0.1 s)
[12:07:37]   plain                            alias of tierA
[12:07:37]   opt:other_small=1 state=local    alias of tierA
[12:07:37]   opt:other_small=1 state=shared   regs 186 frame     0 sass    56 KiB shared/run  132 cells bs32x8 bs64x4 bs128x2 bs256x1 (0.1 s)
[12:07:37]   opt:other_small=0 state=local    regs 223 frame   544 sass    53 KiB shared/run    0 cells bs32x8 bs32x7 bs32x6 bs32x1 bs64x4 bs64x3 bs64x2 bs64x1 bs128x2 bs128x1 bs256x1 (0.1 s)
[12:07:38]   opt:other_small=0 state=shared   regs 184 frame     0 sass    53 KiB shared/run  132 cells bs32x8 bs64x4 bs128x2 bs256x1 (0.1 s)
[12:07:38]   o1+stage_accumulator=shared      regs 255 frame   392 sass    63 KiB shared/run  644 cells bs32x4 bs32x3 bs32x2 bs32x1 bs64x2 bs64x1 bs128x1 (0.1 s)
[12:07:38]   o1+stage_rhs=shared              regs 243 frame     0 sass    54 KiB shared/run  132 cells bs32x8 bs64x4 bs128x2 bs256x1 (0.1 s)
[12:07:39]   round 1 tierA                            bs32x8    warm     18.78 timed     19.04     18.83     17.51 ms
[12:07:39]   round 1 tierA                            bs64x4    warm     12.42 timed     13.11     12.79     12.71 ms
[12:07:39]   round 1 tierA                            bs128x2   warm     13.36 timed     13.39     13.98     12.97 ms
[12:07:39]   round 1 tierA                            bs256x1   warm     13.19 timed     13.16     13.22     13.58 ms
[12:07:39]   round 1 opt:other_small=1 state=shared   bs32x8    warm     12.94 timed     13.21     13.25     13.01 ms
[12:07:39]   round 1 opt:other_small=1 state=shared   bs64x4    warm     13.08 timed     13.09     14.50     13.20 ms
[12:07:39]   round 1 opt:other_small=1 state=shared   bs128x2   warm     13.09 timed     13.21     12.98     13.28 ms
[12:07:39]   round 1 opt:other_small=1 state=shared   bs256x1   warm     13.75 timed     13.65     13.40     13.63 ms
[12:07:40]   round 1 opt:other_small=0 state=local    bs32x8    warm     13.98 timed     13.53     14.03     13.81 ms
[12:07:40]   round 1 opt:other_small=0 state=local    bs32x7    warm     14.89 timed     15.08     14.98     14.79 ms
[12:07:40]   round 1 opt:other_small=0 state=local    bs32x6    warm     15.39 timed     15.38     15.63     15.33 ms
[12:07:40]   capped opt:other_small=0 state=local bs32x1 warm 63.19 ms > 3.0x floor 12.71
[12:07:40]   round 1 opt:other_small=0 state=local    bs64x4    warm     14.03 timed     13.82     13.49     14.36 ms
[12:07:40]   round 1 opt:other_small=0 state=local    bs64x3    warm     15.72 timed     15.62     16.43     15.51 ms
[12:07:40]   round 1 opt:other_small=0 state=local    bs64x2    warm     17.10 timed     18.64     17.99     17.19 ms
[12:07:40]   round 1 opt:other_small=0 state=local    bs64x1    warm     32.73 timed     32.98     32.33     32.35 ms
[12:07:40]   round 1 opt:other_small=0 state=local    bs128x2   warm     13.70 timed     13.56     14.02     14.34 ms
[12:07:40]   round 1 opt:other_small=0 state=local    bs128x1   warm     18.53 timed     17.73     17.40     17.46 ms
[12:07:40]   round 1 opt:other_small=0 state=local    bs256x1   warm     13.96 timed     16.41     14.42     13.96 ms
[12:07:40]   round 1 opt:other_small=0 state=shared   bs32x8    warm     13.96 timed     13.41     13.70     13.18 ms
[12:07:40]   round 1 opt:other_small=0 state=shared   bs64x4    warm     13.74 timed     13.89     13.57     14.07 ms
[12:07:41]   round 1 opt:other_small=0 state=shared   bs128x2   warm     14.07 timed     14.12     14.30     13.47 ms
[12:07:41]   round 1 opt:other_small=0 state=shared   bs256x1   warm     14.31 timed     13.91     13.87     14.07 ms
[12:07:41]   round 1 o1+stage_accumulator=shared      bs32x4    warm     28.00 timed     27.84     28.13     27.86 ms
[12:07:41]   round 1 o1+stage_accumulator=shared      bs32x3    warm     34.72 timed     34.48     34.34     34.69 ms
[12:07:41]   capped o1+stage_accumulator=shared bs32x2 warm 47.77 ms > 3.0x floor 12.71
[12:07:41]   capped o1+stage_accumulator=shared bs32x1 warm 83.59 ms > 3.0x floor 12.71
[12:07:41]   round 1 o1+stage_accumulator=shared      bs64x2    warm     27.33 timed     28.47     27.74     28.14 ms
[12:07:41]   capped o1+stage_accumulator=shared bs64x1 warm 48.38 ms > 3.0x floor 12.71
[12:07:42]   round 1 o1+stage_accumulator=shared      bs128x1   warm     29.86 timed     27.90     29.43     29.43 ms
[12:07:42]   round 1 o1+stage_rhs=shared              bs32x8    warm     12.66 timed     12.99     12.81     12.77 ms
[12:07:42]   round 1 o1+stage_rhs=shared              bs64x4    warm     13.04 timed     12.76     13.10     13.18 ms
[12:07:42]   round 1 o1+stage_rhs=shared              bs128x2   warm     13.48 timed     12.67     12.83     13.30 ms
[12:07:42]   round 1 o1+stage_rhs=shared              bs256x1   warm     13.37 timed     13.53     13.13     13.43 ms
[12:07:42]   round 2 o1+stage_rhs=shared              bs256x1   warm     13.37 timed     13.03     13.24     13.28 ms
[12:07:42]   round 2 o1+stage_rhs=shared              bs128x2   warm     13.02 timed     12.62     14.01     13.83 ms
[12:07:42]   round 2 o1+stage_rhs=shared              bs64x4    warm     12.96 timed     13.27     13.47     13.25 ms
[12:07:42]   round 2 o1+stage_rhs=shared              bs32x8    warm     13.26 timed     12.86     13.28     13.02 ms
[12:07:42]   round 2 o1+stage_accumulator=shared      bs128x1   warm     29.27 timed     28.25     27.77     28.93 ms
[12:07:42]   round 2 o1+stage_accumulator=shared      bs64x2    warm     28.23 timed     28.15     28.26     28.69 ms
[12:07:42]   round 2 o1+stage_accumulator=shared      bs32x3    warm     34.53 timed     34.41     34.03     34.37 ms
[12:07:43]   round 2 o1+stage_accumulator=shared      bs32x4    warm     27.23 timed     28.16     27.98     28.10 ms
[12:07:43]   round 2 opt:other_small=0 state=shared   bs256x1   warm     14.03 timed     13.76     14.71     14.07 ms
[12:07:43]   round 2 opt:other_small=0 state=shared   bs128x2   warm     13.56 timed     13.85     15.26     13.44 ms
[12:07:43]   round 2 opt:other_small=0 state=shared   bs64x4    warm     13.65 timed     13.80     14.02     13.52 ms
[12:07:43]   round 2 opt:other_small=0 state=shared   bs32x8    warm     13.38 timed     14.10     13.44     13.79 ms
[12:07:43]   round 2 opt:other_small=0 state=local    bs256x1   warm     14.39 timed     14.93     15.30     14.94 ms
[12:07:43]   round 2 opt:other_small=0 state=local    bs128x1   warm     17.82 timed     17.52     17.33     17.54 ms
[12:07:43]   round 2 opt:other_small=0 state=local    bs128x2   warm     13.91 timed     13.49     13.66     14.22 ms
[12:07:43]   round 2 opt:other_small=0 state=local    bs64x1    warm     35.06 timed     32.71     33.49     32.60 ms
[12:07:43]   round 2 opt:other_small=0 state=local    bs64x2    warm     16.64 timed     17.02     17.19     17.47 ms
[12:07:43]   round 2 opt:other_small=0 state=local    bs64x3    warm     15.12 timed     15.12     15.30     15.19 ms
[12:07:43]   round 2 opt:other_small=0 state=local    bs64x4    warm     13.42 timed     13.73     13.61     13.59 ms
[12:07:43]   round 2 opt:other_small=0 state=local    bs32x6    warm     15.43 timed     15.42     15.40     15.26 ms
[12:07:44]   round 2 opt:other_small=0 state=local    bs32x7    warm     14.52 timed     14.50     14.73     14.74 ms
[12:07:44]   round 2 opt:other_small=0 state=local    bs32x8    warm     13.51 timed     13.46     13.87     13.83 ms
[12:07:44]   round 2 opt:other_small=1 state=shared   bs256x1   warm     13.54 timed     13.37     13.39     13.49 ms
[12:07:44]   round 2 opt:other_small=1 state=shared   bs128x2   warm     12.74 timed     13.01     13.07     13.50 ms
[12:07:44]   round 2 opt:other_small=1 state=shared   bs64x4    warm     14.01 timed     13.66     12.87     13.57 ms
[12:07:44]   round 2 opt:other_small=1 state=shared   bs32x8    warm     13.14 timed     12.94     14.35     12.69 ms
[12:07:44]   round 2 tierA                            bs256x1   warm     13.32 timed     14.15     13.62     13.25 ms
[12:07:44]   round 2 tierA                            bs128x2   warm     12.48 timed     12.61     12.55     12.75 ms
[12:07:44]   round 2 tierA                            bs64x4    warm     12.75 timed     12.72     12.38     12.82 ms
[12:07:44]   round 2 tierA                            bs32x8    warm     13.52 timed     12.71     12.63     13.11 ms
[12:07:44]   round 3 o1+stage_rhs=shared              bs256x1   warm     13.25 timed     13.45     13.37     13.28 ms
[12:07:44]   round 3 o1+stage_rhs=shared              bs128x2   warm     12.56 timed     12.61     13.35     12.91 ms
[12:07:44]   round 3 o1+stage_rhs=shared              bs64x4    warm     12.84 timed     12.47     12.97     13.12 ms
[12:07:44]   round 3 o1+stage_rhs=shared              bs32x8    warm     13.02 timed     13.01     12.95     13.77 ms
[12:07:45]   round 3 o1+stage_accumulator=shared      bs128x1   warm     28.21 timed     28.04     27.75     28.15 ms
[12:07:45]   round 3 o1+stage_accumulator=shared      bs64x2    warm     27.68 timed     28.36     27.74     27.70 ms
[12:07:45]   round 3 o1+stage_accumulator=shared      bs32x3    warm     34.33 timed     34.27     33.96     34.28 ms
[12:07:45]   round 3 o1+stage_accumulator=shared      bs32x4    warm     27.24 timed     27.30     28.29     29.81 ms
[12:07:45]   round 3 opt:other_small=0 state=shared   bs256x1   warm     14.17 timed     14.14     13.80     13.78 ms
[12:07:45]   round 3 opt:other_small=0 state=shared   bs128x2   warm     14.24 timed     13.77     13.70     13.68 ms
[12:07:45]   round 3 opt:other_small=0 state=shared   bs64x4    warm     14.05 timed     13.62     13.55     13.57 ms
[12:07:45]   round 3 opt:other_small=0 state=shared   bs32x8    warm     13.38 timed     13.43     13.66     13.68 ms
[12:07:45]   round 3 opt:other_small=0 state=local    bs256x1   warm     14.18 timed     14.38     14.31     14.21 ms
[12:07:45]   round 3 opt:other_small=0 state=local    bs128x1   warm     17.41 timed     17.26     17.16     17.10 ms
[12:07:45]   round 3 opt:other_small=0 state=local    bs128x2   warm     13.38 timed     13.41     13.53     13.80 ms
[12:07:46]   round 3 opt:other_small=0 state=local    bs64x1    warm     33.54 timed     32.39     32.09     31.88 ms
[12:07:46]   round 3 opt:other_small=0 state=local    bs64x2    warm     17.23 timed     16.71     16.75     16.78 ms
[12:07:46]   round 3 opt:other_small=0 state=local    bs64x3    warm     14.94 timed     14.90     14.96     15.44 ms
[12:07:46]   round 3 opt:other_small=0 state=local    bs64x4    warm     13.87 timed     13.55     13.50     13.39 ms
[12:07:46]   round 3 opt:other_small=0 state=local    bs32x6    warm     16.13 timed     15.59     15.27     15.19 ms
[12:07:46]   round 3 opt:other_small=0 state=local    bs32x7    warm     14.43 timed     14.41     14.46     14.80 ms
[12:07:46]   round 3 opt:other_small=0 state=local    bs32x8    warm     14.29 timed     14.69     13.48     13.66 ms
[12:07:46]   round 3 opt:other_small=1 state=shared   bs256x1   warm     13.53 timed     13.40     13.28     13.21 ms
[12:07:46]   round 3 opt:other_small=1 state=shared   bs128x2   warm     13.31 timed     13.25     13.17     13.21 ms
[12:07:46]   round 3 opt:other_small=1 state=shared   bs64x4    warm     13.24 timed     12.92     13.06     13.02 ms
[12:07:46]   round 3 opt:other_small=1 state=shared   bs32x8    warm     12.72 timed     14.71     12.94     12.96 ms
[12:07:46]   round 3 tierA                            bs256x1   warm     13.23 timed     13.55     13.13     12.92 ms
[12:07:46]   round 3 tierA                            bs128x2   warm     12.43 timed     12.63     12.59     12.58 ms
[12:07:46]   round 3 tierA                            bs64x4    warm     13.06 timed     12.88     12.79     12.55 ms
[12:07:46]   round 3 tierA                            bs32x8    warm     12.87 timed     13.11     13.15     12.68 ms
[12:07:47]   round 4 o1+stage_rhs=shared              bs256x1   warm     13.44 timed     13.24     13.23     13.23 ms
[12:07:47]   round 4 o1+stage_rhs=shared              bs128x2   warm     12.68 timed     12.59     12.98     13.06 ms
[12:07:47]   round 4 o1+stage_rhs=shared              bs64x4    warm     13.03 timed     12.59     12.80     12.98 ms
[12:07:47]   round 4 o1+stage_rhs=shared              bs32x8    warm     12.69 timed     12.81     12.79     12.90 ms
[12:07:47]   round 4 o1+stage_accumulator=shared      bs128x1   warm     28.42 timed     27.74     28.37     28.40 ms
[12:07:47]   round 4 o1+stage_accumulator=shared      bs64x2    warm     27.56 timed     28.11     29.20     28.10 ms
[12:07:47]   round 4 o1+stage_accumulator=shared      bs32x3    warm     34.27 timed     33.83     34.29     33.81 ms
[12:07:47]   round 4 o1+stage_accumulator=shared      bs32x4    warm     26.96 timed     27.90     28.51     28.44 ms
[12:07:47]   round 4 opt:other_small=0 state=shared   bs256x1   warm     13.73 timed     13.71     13.71     15.35 ms
[12:07:47]   round 4 opt:other_small=0 state=shared   bs128x2   warm     13.39 timed     13.49     13.76     13.54 ms
[12:07:47]   round 4 opt:other_small=0 state=shared   bs64x4    warm     13.60 timed     13.53     13.50     13.95 ms
[12:07:48]   round 4 opt:other_small=0 state=shared   bs32x8    warm     13.45 timed     13.79     13.55     13.54 ms
[12:07:48]   round 4 opt:other_small=0 state=local    bs256x1   warm     14.28 timed     14.19     14.19     14.47 ms
[12:07:48]   round 4 opt:other_small=0 state=local    bs128x1   warm     17.43 timed     17.50     17.10     17.10 ms
[12:07:48]   round 4 opt:other_small=0 state=local    bs128x2   warm     13.41 timed     13.53     13.54     13.46 ms
[12:07:48]   round 4 opt:other_small=0 state=local    bs64x1    warm     33.84 timed     32.66     32.03     32.05 ms
[12:07:48]   round 4 opt:other_small=0 state=local    bs64x2    warm     16.98 timed     17.74     17.49     16.89 ms
[12:07:48]   round 4 opt:other_small=0 state=local    bs64x3    warm     15.80 timed     15.03     15.05     15.23 ms
[12:07:48]   round 4 opt:other_small=0 state=local    bs64x4    warm     13.66 timed     14.03     14.06     13.60 ms
[12:07:48]   round 4 opt:other_small=0 state=local    bs32x6    warm     15.29 timed     15.30     15.08     15.25 ms
[12:07:48]   round 4 opt:other_small=0 state=local    bs32x7    warm     14.56 timed     14.32     14.50     14.68 ms
[12:07:48]   round 4 opt:other_small=0 state=local    bs32x8    warm     13.78 timed     13.55     13.41     13.74 ms
[12:07:48]   round 4 opt:other_small=1 state=shared   bs256x1   warm     13.37 timed     14.39     13.32     13.44 ms
[12:07:48]   round 4 opt:other_small=1 state=shared   bs128x2   warm     12.73 timed     12.81     12.97     13.02 ms
[12:07:48]   round 4 opt:other_small=1 state=shared   bs64x4    warm     12.92 timed     12.80     14.37     12.94 ms
[12:07:49]   round 4 opt:other_small=1 state=shared   bs32x8    warm     12.79 timed     12.94     12.86     13.07 ms
[12:07:49]   round 4 tierA                            bs256x1   warm     14.01 timed     12.85     12.97     13.07 ms
[12:07:49]   round 4 tierA                            bs128x2   warm     12.66 timed     12.53     12.79     13.03 ms
[12:07:49]   round 4 tierA                            bs64x4    warm     12.72 timed     12.70     12.72     12.65 ms
[12:07:49]   round 4 tierA                            bs32x8    warm     13.03 timed     13.24     12.89     12.75 ms
[12:07:49] chain32_c8/cash-karp-54 tierA                            bs32x8     blk/SM  8 best    12.627 ms
[12:07:49] chain32_c8/cash-karp-54 tierA                            bs64x4     blk/SM  4 best    12.381 ms
[12:07:49] chain32_c8/cash-karp-54 tierA                            bs128x2    blk/SM  2 best    12.535 ms
[12:07:49] chain32_c8/cash-karp-54 tierA                            bs256x1    blk/SM  1 best    12.849 ms
[12:07:49] chain32_c8/cash-karp-54 opt:other_small=1 state=shared   bs32x8     blk/SM  8 best    12.692 ms
[12:07:49] chain32_c8/cash-karp-54 opt:other_small=1 state=shared   bs64x4     blk/SM  4 best    12.796 ms
[12:07:49] chain32_c8/cash-karp-54 opt:other_small=1 state=shared   bs128x2    blk/SM  2 best    12.814 ms
[12:07:49] chain32_c8/cash-karp-54 opt:other_small=1 state=shared   bs256x1    blk/SM  1 best    13.214 ms
[12:07:49] chain32_c8/cash-karp-54 opt:other_small=0 state=local    bs32x8     blk/SM  8 best    13.413 ms
[12:07:49] chain32_c8/cash-karp-54 opt:other_small=0 state=local    bs32x7     blk/SM  7 best    14.324 ms
[12:07:49] chain32_c8/cash-karp-54 opt:other_small=0 state=local    bs32x6     blk/SM  6 best    15.080 ms
[12:07:49] chain32_c8/cash-karp-54 opt:other_small=0 state=local    bs32x1     blk/SM  1 best    63.187 ms capped
[12:07:49] chain32_c8/cash-karp-54 opt:other_small=0 state=local    bs64x4     blk/SM  4 best    13.391 ms
[12:07:49] chain32_c8/cash-karp-54 opt:other_small=0 state=local    bs64x3     blk/SM  3 best    14.903 ms
[12:07:49] chain32_c8/cash-karp-54 opt:other_small=0 state=local    bs64x2     blk/SM  2 best    16.710 ms
[12:07:49] chain32_c8/cash-karp-54 opt:other_small=0 state=local    bs64x1     blk/SM  1 best    31.884 ms
[12:07:49] chain32_c8/cash-karp-54 opt:other_small=0 state=local    bs128x2    blk/SM  2 best    13.406 ms
[12:07:49] chain32_c8/cash-karp-54 opt:other_small=0 state=local    bs128x1    blk/SM  1 best    17.100 ms
[12:07:49] chain32_c8/cash-karp-54 opt:other_small=0 state=local    bs256x1    blk/SM  1 best    13.958 ms
[12:07:49] chain32_c8/cash-karp-54 opt:other_small=0 state=shared   bs32x8     blk/SM  8 best    13.178 ms
[12:07:49] chain32_c8/cash-karp-54 opt:other_small=0 state=shared   bs64x4     blk/SM  4 best    13.501 ms
[12:07:49] chain32_c8/cash-karp-54 opt:other_small=0 state=shared   bs128x2    blk/SM  2 best    13.442 ms
[12:07:49] chain32_c8/cash-karp-54 opt:other_small=0 state=shared   bs256x1    blk/SM  1 best    13.706 ms
[12:07:49] chain32_c8/cash-karp-54 o1+stage_accumulator=shared      bs32x4     blk/SM  4 best    27.302 ms
[12:07:49] chain32_c8/cash-karp-54 o1+stage_accumulator=shared      bs32x3     blk/SM  3 best    33.812 ms
[12:07:49] chain32_c8/cash-karp-54 o1+stage_accumulator=shared      bs32x2     blk/SM  2 best    47.766 ms capped
[12:07:49] chain32_c8/cash-karp-54 o1+stage_accumulator=shared      bs32x1     blk/SM  1 best    83.593 ms capped
[12:07:49] chain32_c8/cash-karp-54 o1+stage_accumulator=shared      bs64x2     blk/SM  2 best    27.701 ms
[12:07:49] chain32_c8/cash-karp-54 o1+stage_accumulator=shared      bs64x1     blk/SM  1 best    48.375 ms capped
[12:07:49] chain32_c8/cash-karp-54 o1+stage_accumulator=shared      bs128x1    blk/SM  1 best    27.738 ms
[12:07:49] chain32_c8/cash-karp-54 o1+stage_rhs=shared              bs32x8     blk/SM  8 best    12.769 ms
[12:07:49] chain32_c8/cash-karp-54 o1+stage_rhs=shared              bs64x4     blk/SM  4 best    12.469 ms
[12:07:49] chain32_c8/cash-karp-54 o1+stage_rhs=shared              bs128x2    blk/SM  2 best    12.594 ms
[12:07:49] chain32_c8/cash-karp-54 o1+stage_rhs=shared              bs256x1    blk/SM  1 best    13.027 ms
[12:07:49] === chain32_c8/cash-karp-54 done in 11.9 s
[12:07:49] === chain32_c8/dormand-prince-54 n_runs 262144 duration 51.2 arms 8
[12:07:49]   tierA                            regs 255 frame     0 sass    59 KiB shared/run    0 cells bs32x8 bs64x4 bs128x2 bs256x1 (0.1 s)
[12:07:49]   plain                            alias of tierA
[12:07:49]   opt:other_small=1 state=local    alias of tierA
[12:07:49]   opt:other_small=1 state=shared   regs 252 frame     0 sass    62 KiB shared/run  132 cells bs32x8 bs64x4 bs128x2 bs256x1 (0.1 s)
[12:07:49]   opt:other_small=0 state=local    regs 227 frame   528 sass    58 KiB shared/run    0 cells bs32x8 bs32x7 bs32x6 bs32x1 bs64x4 bs64x3 bs64x2 bs64x1 bs128x2 bs128x1 bs256x1 (0.1 s)
[12:07:49]   opt:other_small=0 state=shared   regs 254 frame     0 sass    64 KiB shared/run  132 cells bs32x8 bs64x4 bs128x2 bs256x1 (0.1 s)
[12:07:49]   o1+stage_accumulator=shared      regs 255 frame   312 sass    69 KiB shared/run  772 cells bs64x2 bs32x3 bs32x2 bs32x1 bs64x1 bs128x1 (0.1 s)
[12:07:50]   o1+stage_rhs=shared              regs 253 frame     0 sass    61 KiB shared/run  132 cells bs32x8 bs64x4 bs128x2 bs256x1 (0.2 s)
[12:07:51]   round 1 tierA                            bs32x8    warm     18.79 timed     22.48     15.62     15.65 ms
[12:07:51]   round 1 tierA                            bs64x4    warm     15.55 timed     15.54     15.58     15.53 ms
[12:07:51]   round 1 tierA                            bs128x2   warm     15.55 timed     15.52     15.51     21.61 ms
[12:07:51]   round 1 tierA                            bs256x1   warm     16.04 timed     13.74     13.77     13.80 ms
[12:07:51]   round 1 opt:other_small=1 state=shared   bs32x8    warm     14.03 timed     14.01     14.24     13.91 ms
[12:07:51]   round 1 opt:other_small=1 state=shared   bs64x4    warm     14.13 timed     14.12     14.33     14.11 ms
[12:07:51]   round 1 opt:other_small=1 state=shared   bs128x2   warm     14.02 timed     14.10     14.28     14.20 ms
[12:07:51]   round 1 opt:other_small=1 state=shared   bs256x1   warm     14.70 timed     14.60     14.59     14.68 ms
[12:07:51]   round 1 opt:other_small=0 state=local    bs32x8    warm     14.64 timed     14.90     14.98     15.24 ms
[12:07:51]   round 1 opt:other_small=0 state=local    bs32x7    warm     16.34 timed     16.26     16.02     15.96 ms
[12:07:52]   round 1 opt:other_small=0 state=local    bs32x6    warm     16.72 timed     16.70     16.81     16.71 ms
[12:07:52]   capped opt:other_small=0 state=local bs32x1 warm 69.17 ms > 3.0x floor 13.74
[12:07:52]   round 1 opt:other_small=0 state=local    bs64x4    warm     14.66 timed     14.60     15.37     15.56 ms
[12:07:52]   round 1 opt:other_small=0 state=local    bs64x3    warm     17.13 timed     17.63     17.09     17.08 ms
[12:07:52]   round 1 opt:other_small=0 state=local    bs64x2    warm     19.18 timed     18.87     18.73     20.00 ms
[12:07:52]   round 1 opt:other_small=0 state=local    bs64x1    warm     37.16 timed     35.59     35.65     35.94 ms
[12:07:52]   round 1 opt:other_small=0 state=local    bs128x2   warm     14.60 timed     14.54     14.63     15.41 ms
[12:07:52]   round 1 opt:other_small=0 state=local    bs128x1   warm     19.81 timed     19.71     19.07     19.22 ms
[12:07:52]   round 1 opt:other_small=0 state=local    bs256x1   warm     15.57 timed     15.33     15.69     15.81 ms
[12:07:52]   round 1 opt:other_small=0 state=shared   bs32x8    warm     14.52 timed     15.05     14.55     15.11 ms
[12:07:52]   round 1 opt:other_small=0 state=shared   bs64x4    warm     14.93 timed     15.29     14.98     15.04 ms
[12:07:53]   round 1 opt:other_small=0 state=shared   bs128x2   warm     15.04 timed     14.78     15.08     14.62 ms
[12:07:53]   round 1 opt:other_small=0 state=shared   bs256x1   warm     15.15 timed     15.22     15.14     14.94 ms
[12:07:53]   round 1 o1+stage_accumulator=shared      bs64x2    warm     25.87 timed     26.58     26.15     26.52 ms
[12:07:53]   round 1 o1+stage_accumulator=shared      bs32x3    warm     32.79 timed     32.41     32.39     33.52 ms
[12:07:53]   capped o1+stage_accumulator=shared bs32x2 warm 43.48 ms > 3.0x floor 13.74
[12:07:53]   capped o1+stage_accumulator=shared bs32x1 warm 86.13 ms > 3.0x floor 13.74
[12:07:53]   capped o1+stage_accumulator=shared bs64x1 warm 43.38 ms > 3.0x floor 13.74
[12:07:53]   round 1 o1+stage_accumulator=shared      bs128x1   warm     25.44 timed     25.47     26.02     26.72 ms
[12:07:53]   round 1 o1+stage_rhs=shared              bs32x8    warm     13.92 timed     14.09     14.30     13.86 ms
[12:07:54]   round 1 o1+stage_rhs=shared              bs64x4    warm     14.35 timed     14.16     14.19     14.14 ms
[12:07:54]   round 1 o1+stage_rhs=shared              bs128x2   warm     14.55 timed     14.53     14.54     14.23 ms
[12:07:54]   round 1 o1+stage_rhs=shared              bs256x1   warm     14.51 timed     14.80     15.07     14.57 ms
[12:07:54]   round 2 o1+stage_rhs=shared              bs256x1   warm     14.56 timed     14.79     14.42     15.01 ms
[12:07:54]   round 2 o1+stage_rhs=shared              bs128x2   warm     14.38 timed     14.67     14.14     14.12 ms
[12:07:54]   round 2 o1+stage_rhs=shared              bs64x4    warm     14.60 timed     14.73     14.43     14.47 ms
[12:07:54]   round 2 o1+stage_rhs=shared              bs32x8    warm     14.64 timed     14.37     14.65     15.55 ms
[12:07:54]   round 2 o1+stage_accumulator=shared      bs128x1   warm     26.76 timed     27.06     25.92     27.73 ms
[12:07:54]   round 2 o1+stage_accumulator=shared      bs32x3    warm     33.48 timed     32.20     33.66     32.40 ms
[12:07:54]   round 2 o1+stage_accumulator=shared      bs64x2    warm     25.39 timed     26.60     27.70     26.04 ms
[12:07:54]   round 2 opt:other_small=0 state=shared   bs256x1   warm     15.32 timed     15.23     15.31     14.85 ms
[12:07:54]   round 2 opt:other_small=0 state=shared   bs128x2   warm     14.98 timed     14.86     14.89     15.17 ms
[12:07:55]   round 2 opt:other_small=0 state=shared   bs64x4    warm     15.01 timed     14.98     14.98     14.93 ms
[12:07:55]   round 2 opt:other_small=0 state=shared   bs32x8    warm     14.88 timed     15.15     15.32     14.95 ms
[12:07:55]   round 2 opt:other_small=0 state=local    bs256x1   warm     15.62 timed     15.84     16.06     15.80 ms
[12:07:55]   round 2 opt:other_small=0 state=local    bs128x1   warm     19.63 timed     19.20     19.21     18.76 ms
[12:07:55]   round 2 opt:other_small=0 state=local    bs128x2   warm     14.92 timed     14.96     15.09     15.33 ms
[12:07:55]   round 2 opt:other_small=0 state=local    bs64x1    warm     37.10 timed     38.61     35.96     35.79 ms
[12:07:55]   round 2 opt:other_small=0 state=local    bs64x2    warm     18.44 timed     18.46     18.46     19.31 ms
[12:07:55]   round 2 opt:other_small=0 state=local    bs64x3    warm     16.79 timed     16.62     16.86     17.08 ms
[12:07:55]   round 2 opt:other_small=0 state=local    bs64x4    warm     15.36 timed     14.88     15.67     15.05 ms
[12:07:55]   round 2 opt:other_small=0 state=local    bs32x6    warm     17.24 timed     17.10     16.75     17.04 ms
[12:07:55]   round 2 opt:other_small=0 state=local    bs32x7    warm     15.93 timed     15.97     18.51     16.21 ms
[12:07:55]   round 2 opt:other_small=0 state=local    bs32x8    warm     15.31 timed     14.91     14.80     15.37 ms
[12:07:56]   round 2 opt:other_small=1 state=shared   bs256x1   warm     15.01 timed     14.56     14.51     14.96 ms
[12:07:56]   round 2 opt:other_small=1 state=shared   bs128x2   warm     14.57 timed     14.18     13.97     14.15 ms
[12:07:56]   round 2 opt:other_small=1 state=shared   bs64x4    warm     14.48 timed     14.42     14.38     14.09 ms
[12:07:56]   round 2 opt:other_small=1 state=shared   bs32x8    warm     14.36 timed     14.53     14.42     14.13 ms
[12:07:56]   round 2 tierA                            bs256x1   warm     14.39 timed     14.78     14.14     14.18 ms
[12:07:56]   round 2 tierA                            bs128x2   warm     13.94 timed     13.93     13.99     14.32 ms
[12:07:56]   round 2 tierA                            bs64x4    warm     13.98 timed     14.99     15.23     14.64 ms
[12:07:56]   round 2 tierA                            bs32x8    warm     14.64 timed     14.18     14.20     13.78 ms
[12:07:56]   round 3 o1+stage_rhs=shared              bs256x1   warm     15.18 timed     15.05     14.98     14.91 ms
[12:07:56]   round 3 o1+stage_rhs=shared              bs128x2   warm     14.40 timed     14.36     13.98     14.64 ms
[12:07:56]   round 3 o1+stage_rhs=shared              bs64x4    warm     14.13 timed     14.52     14.49     14.28 ms
[12:07:56]   round 3 o1+stage_rhs=shared              bs32x8    warm     14.51 timed     14.77     14.56     14.42 ms
[12:07:56]   round 3 o1+stage_accumulator=shared      bs128x1   warm     27.77 timed     26.42     25.74     26.06 ms
[12:07:57]   round 3 o1+stage_accumulator=shared      bs32x3    warm     32.57 timed     32.26     32.88     32.13 ms
[12:07:57]   round 3 o1+stage_accumulator=shared      bs64x2    warm     26.13 timed     26.46     27.10     26.82 ms
[12:07:57]   round 3 opt:other_small=0 state=shared   bs256x1   warm     15.06 timed     15.06     15.02     15.06 ms
[12:07:57]   round 3 opt:other_small=0 state=shared   bs128x2   warm     14.92 timed     14.83     15.09     15.11 ms
[12:07:57]   round 3 opt:other_small=0 state=shared   bs64x4    warm     15.13 timed     14.92     15.26     16.04 ms
[12:07:57]   round 3 opt:other_small=0 state=shared   bs32x8    warm     15.89 timed     15.31     14.96     15.24 ms
[12:07:57]   round 3 opt:other_small=0 state=local    bs256x1   warm     15.78 timed     15.42     15.37     15.94 ms
[12:07:57]   round 3 opt:other_small=0 state=local    bs128x1   warm     20.05 timed     19.25     19.02     19.10 ms
[12:07:57]   round 3 opt:other_small=0 state=local    bs128x2   warm     14.99 timed     15.15     15.17     15.18 ms
[12:07:57]   round 3 opt:other_small=0 state=local    bs64x1    warm     37.23 timed     36.15     35.39     35.34 ms
[12:07:57]   round 3 opt:other_small=0 state=local    bs64x2    warm     18.19 timed     18.39     18.65     18.59 ms
[12:07:58]   round 3 opt:other_small=0 state=local    bs64x3    warm     17.33 timed     16.50     16.65     16.89 ms
[12:07:58]   round 3 opt:other_small=0 state=local    bs64x4    warm     14.71 timed     14.71     15.87     14.89 ms
[12:07:58]   round 3 opt:other_small=0 state=local    bs32x6    warm     17.04 timed     17.04     16.86     16.73 ms
[12:07:58]   round 3 opt:other_small=0 state=local    bs32x7    warm     16.10 timed     16.03     16.16     16.19 ms
[12:07:58]   round 3 opt:other_small=0 state=local    bs32x8    warm     14.87 timed     14.86     17.20     14.78 ms
[12:07:58]   round 3 opt:other_small=1 state=shared   bs256x1   warm     14.78 timed     14.68     15.09     15.34 ms
[12:07:58]   round 3 opt:other_small=1 state=shared   bs128x2   warm     14.69 timed     14.26     13.96     14.00 ms
[12:07:58]   round 3 opt:other_small=1 state=shared   bs64x4    warm     13.99 timed     14.44     14.38     14.17 ms
[12:07:58]   round 3 opt:other_small=1 state=shared   bs32x8    warm     14.04 timed     14.13     14.76     14.13 ms
[12:07:58]   round 3 tierA                            bs256x1   warm     14.20 timed     13.98     14.72     14.08 ms
[12:07:58]   round 3 tierA                            bs128x2   warm     13.70 timed     13.91     13.60     13.82 ms
[12:07:58]   round 3 tierA                            bs64x4    warm     14.08 timed     14.08     14.00     13.91 ms
[12:07:58]   round 3 tierA                            bs32x8    warm     14.00 timed     13.99     13.96     13.87 ms
[12:07:58]   round 4 o1+stage_rhs=shared              bs256x1   warm     14.65 timed     14.83     14.62     14.45 ms
[12:07:58]   round 4 o1+stage_rhs=shared              bs128x2   warm     13.94 timed     14.16     14.41     14.39 ms
[12:07:59]   round 4 o1+stage_rhs=shared              bs64x4    warm     14.08 timed     14.13     14.21     14.23 ms
[12:07:59]   round 4 o1+stage_rhs=shared              bs32x8    warm     14.26 timed     14.47     14.17     14.06 ms
[12:07:59]   round 4 o1+stage_accumulator=shared      bs128x1   warm     26.11 timed     26.15     26.08     26.82 ms
[12:07:59]   round 4 o1+stage_accumulator=shared      bs32x3    warm     32.34 timed     32.41     32.34     32.68 ms
[12:07:59]   round 4 o1+stage_accumulator=shared      bs64x2    warm     26.79 timed     26.71     26.46     25.42 ms
[12:07:59]   round 4 opt:other_small=0 state=shared   bs256x1   warm     15.04 timed     15.04     14.95     14.88 ms
[12:07:59]   round 4 opt:other_small=0 state=shared   bs128x2   warm     14.77 timed     14.74     15.06     14.83 ms
[12:07:59]   round 4 opt:other_small=0 state=shared   bs64x4    warm     14.67 timed     14.75     15.06     14.81 ms
[12:07:59]   round 4 opt:other_small=0 state=shared   bs32x8    warm     14.82 timed     14.79     14.64     14.56 ms
[12:07:59]   round 4 opt:other_small=0 state=local    bs256x1   warm     15.56 timed     16.14     15.59     15.40 ms
[12:07:59]   round 4 opt:other_small=0 state=local    bs128x1   warm     19.02 timed     18.86     18.70     18.64 ms
[12:08:00]   round 4 opt:other_small=0 state=local    bs128x2   warm     14.66 timed     14.82     14.97     15.04 ms
[12:08:00]   round 4 opt:other_small=0 state=local    bs64x1    warm     37.43 timed     36.31     35.28     35.30 ms
[12:08:00]   round 4 opt:other_small=0 state=local    bs64x2    warm     18.98 timed     18.68     18.58     18.68 ms
[12:08:00]   round 4 opt:other_small=0 state=local    bs64x3    warm     17.25 timed     16.58     16.52     16.86 ms
[12:08:00]   round 4 opt:other_small=0 state=local    bs64x4    warm     14.64 timed     15.65     16.14     15.15 ms
[12:08:00]   round 4 opt:other_small=0 state=local    bs32x6    warm     16.96 timed     17.53     16.86     16.72 ms
[12:08:00]   round 4 opt:other_small=0 state=local    bs32x7    warm     15.95 timed     16.15     15.89     16.57 ms
[12:08:00]   round 4 opt:other_small=0 state=local    bs32x8    warm     15.19 timed     14.76     15.81     15.09 ms
[12:08:00]   round 4 opt:other_small=1 state=shared   bs256x1   warm     14.84 timed     14.74     14.58     14.60 ms
[12:08:00]   round 4 opt:other_small=1 state=shared   bs128x2   warm     14.19 timed     13.88     13.91     13.96 ms
[12:08:00]   round 4 opt:other_small=1 state=shared   bs64x4    warm     13.93 timed     14.06     14.19     14.13 ms
[12:08:00]   round 4 opt:other_small=1 state=shared   bs32x8    warm     14.02 timed     14.00     13.99     14.14 ms
[12:08:00]   round 4 tierA                            bs256x1   warm     14.23 timed     14.18     14.12     14.19 ms
[12:08:01]   round 4 tierA                            bs128x2   warm     13.59 timed     13.60     13.74     14.37 ms
[12:08:01]   round 4 tierA                            bs64x4    warm     13.51 timed     13.50     13.52     13.66 ms
[12:08:01]   round 4 tierA                            bs32x8    warm     13.72 timed     13.73     13.83     13.80 ms
[12:08:01] chain32_c8/dormand-prince-54 tierA                            bs32x8     blk/SM  8 best    13.733 ms
[12:08:01] chain32_c8/dormand-prince-54 tierA                            bs64x4     blk/SM  4 best    13.503 ms
[12:08:01] chain32_c8/dormand-prince-54 tierA                            bs128x2    blk/SM  2 best    13.604 ms
[12:08:01] chain32_c8/dormand-prince-54 tierA                            bs256x1    blk/SM  1 best    13.737 ms
[12:08:01] chain32_c8/dormand-prince-54 opt:other_small=1 state=shared   bs32x8     blk/SM  8 best    13.914 ms
[12:08:01] chain32_c8/dormand-prince-54 opt:other_small=1 state=shared   bs64x4     blk/SM  4 best    14.057 ms
[12:08:01] chain32_c8/dormand-prince-54 opt:other_small=1 state=shared   bs128x2    blk/SM  2 best    13.879 ms
[12:08:01] chain32_c8/dormand-prince-54 opt:other_small=1 state=shared   bs256x1    blk/SM  1 best    14.507 ms
[12:08:01] chain32_c8/dormand-prince-54 opt:other_small=0 state=local    bs32x8     blk/SM  8 best    14.756 ms
[12:08:01] chain32_c8/dormand-prince-54 opt:other_small=0 state=local    bs32x7     blk/SM  7 best    15.894 ms
[12:08:01] chain32_c8/dormand-prince-54 opt:other_small=0 state=local    bs32x6     blk/SM  6 best    16.698 ms
[12:08:01] chain32_c8/dormand-prince-54 opt:other_small=0 state=local    bs32x1     blk/SM  1 best    69.169 ms capped
[12:08:01] chain32_c8/dormand-prince-54 opt:other_small=0 state=local    bs64x4     blk/SM  4 best    14.602 ms
[12:08:01] chain32_c8/dormand-prince-54 opt:other_small=0 state=local    bs64x3     blk/SM  3 best    16.496 ms
[12:08:01] chain32_c8/dormand-prince-54 opt:other_small=0 state=local    bs64x2     blk/SM  2 best    18.387 ms
[12:08:01] chain32_c8/dormand-prince-54 opt:other_small=0 state=local    bs64x1     blk/SM  1 best    35.284 ms
[12:08:01] chain32_c8/dormand-prince-54 opt:other_small=0 state=local    bs128x2    blk/SM  2 best    14.544 ms
[12:08:01] chain32_c8/dormand-prince-54 opt:other_small=0 state=local    bs128x1    blk/SM  1 best    18.637 ms
[12:08:01] chain32_c8/dormand-prince-54 opt:other_small=0 state=local    bs256x1    blk/SM  1 best    15.334 ms
[12:08:01] chain32_c8/dormand-prince-54 opt:other_small=0 state=shared   bs32x8     blk/SM  8 best    14.549 ms
[12:08:01] chain32_c8/dormand-prince-54 opt:other_small=0 state=shared   bs64x4     blk/SM  4 best    14.749 ms
[12:08:01] chain32_c8/dormand-prince-54 opt:other_small=0 state=shared   bs128x2    blk/SM  2 best    14.617 ms
[12:08:01] chain32_c8/dormand-prince-54 opt:other_small=0 state=shared   bs256x1    blk/SM  1 best    14.846 ms
[12:08:01] chain32_c8/dormand-prince-54 o1+stage_accumulator=shared      bs64x2     blk/SM  2 best    25.423 ms
[12:08:01] chain32_c8/dormand-prince-54 o1+stage_accumulator=shared      bs32x3     blk/SM  3 best    32.130 ms
[12:08:01] chain32_c8/dormand-prince-54 o1+stage_accumulator=shared      bs32x2     blk/SM  2 best    43.481 ms capped
[12:08:01] chain32_c8/dormand-prince-54 o1+stage_accumulator=shared      bs32x1     blk/SM  1 best    86.130 ms capped
[12:08:01] chain32_c8/dormand-prince-54 o1+stage_accumulator=shared      bs64x1     blk/SM  1 best    43.383 ms capped
[12:08:01] chain32_c8/dormand-prince-54 o1+stage_accumulator=shared      bs128x1    blk/SM  1 best    25.468 ms
[12:08:01] chain32_c8/dormand-prince-54 o1+stage_rhs=shared              bs32x8     blk/SM  8 best    13.864 ms
[12:08:01] chain32_c8/dormand-prince-54 o1+stage_rhs=shared              bs64x4     blk/SM  4 best    14.129 ms
[12:08:01] chain32_c8/dormand-prince-54 o1+stage_rhs=shared              bs128x2    blk/SM  2 best    13.981 ms
[12:08:01] chain32_c8/dormand-prince-54 o1+stage_rhs=shared              bs256x1    blk/SM  1 best    14.419 ms
[12:08:01] === chain32_c8/dormand-prince-54 done in 11.9 s
[12:08:01] === chain32_c8/dop853 n_runs 262144 duration 51.2 arms 8
[12:08:01]   tierA                            regs 255 frame   632 sass   112 KiB shared/run  132 cells bs32x8 bs32x7 bs32x6 bs32x1 bs64x4 bs64x3 bs64x2 bs64x1 bs128x2 bs128x1 bs256x1 (0.1 s)
[12:08:01]   plain                            regs 255 frame   848 sass   114 KiB shared/run    0 cells bs64x4 bs32x8 bs32x7 bs32x6 bs32x1 bs64x3 bs64x2 bs64x1 bs128x2 bs128x1 bs256x1 (0.1 s)
[12:08:01]   opt:other_small=1 state=local    alias of plain
[12:08:01]   opt:other_small=1 state=shared   alias of tierA
[12:08:01]   opt:other_small=0 state=local    regs 255 frame  1136 sass   110 KiB shared/run    0 cells bs32x8 bs32x7 bs32x6 bs32x1 bs64x4 bs64x3 bs64x2 bs64x1 bs128x2 bs128x1 bs256x1 (0.1 s)
[12:08:01]   opt:other_small=0 state=shared   regs 255 frame   640 sass   109 KiB shared/run  132 cells bs32x8 bs32x7 bs32x6 bs32x1 bs64x4 bs64x3 bs64x2 bs64x1 bs128x2 bs128x1 bs256x1 (0.1 s)
[12:08:01]   o1+stage_accumulator=shared      regs 255 frame  1696 sass   138 KiB shared/run 1540 cells bs64x1 bs32x2 bs32x1 (0.1 s)
[12:08:01]   o1+stage_rhs=shared              regs 255 frame   624 sass   113 KiB shared/run  260 cells bs32x8 bs32x7 bs32x6 bs32x1 bs64x4 bs64x3 bs64x2 bs64x1 bs128x2 bs128x1 bs256x1 (0.1 s)
[12:08:03]   round 1 tierA                            bs32x8    warm     40.17 timed     41.42     40.24     39.36 ms
[12:08:03]   round 1 tierA                            bs32x7    warm     41.91 timed     42.31     42.28     41.55 ms
[12:08:03]   round 1 tierA                            bs32x6    warm     43.17 timed     42.76     42.67     42.70 ms
[12:08:04]   capped tierA bs32x1 warm 184.79 ms > 3.0x floor 39.36
[12:08:04]   round 1 tierA                            bs64x4    warm     38.33 timed     40.59     39.43     39.53 ms
[12:08:04]   round 1 tierA                            bs64x3    warm     45.31 timed     42.72     42.88     43.35 ms
[12:08:04]   round 1 tierA                            bs64x2    warm     55.41 timed     54.81     53.85     54.68 ms
[12:08:05]   round 1 tierA                            bs64x1    warm    100.91 timed    100.78    100.61    100.91 ms
[12:08:05]   round 1 tierA                            bs128x2   warm     38.35 timed     40.07     40.10     39.95 ms
[12:08:05]   round 1 tierA                            bs128x1   warm     57.72 timed     54.16     54.17     54.89 ms
[12:08:05]   round 1 tierA                            bs256x1   warm     37.62 timed     39.17     38.95     39.01 ms
[12:08:06]   round 1 plain                            bs64x4    warm     51.36 timed     52.43     49.49     49.25 ms
[12:08:06]   round 1 plain                            bs32x8    warm     49.23 timed     49.22     50.95     50.88 ms
[12:08:06]   round 1 plain                            bs32x7    warm     62.10 timed     59.72     61.77     63.01 ms
[12:08:06]   round 1 plain                            bs32x6    warm     65.34 timed     63.39     61.52     61.95 ms
[12:08:07]   capped plain bs32x1 warm 221.44 ms > 3.0x floor 38.95
[12:08:07]   round 1 plain                            bs64x3    warm     61.76 timed     61.15     63.48     61.32 ms
[12:08:07]   round 1 plain                            bs64x2    warm     76.72 timed     76.00     76.35     74.92 ms
[12:08:08]   capped plain bs64x1 warm 121.32 ms > 3.0x floor 38.95
[12:08:08]   round 1 plain                            bs128x2   warm     48.88 timed     50.30     50.76     49.78 ms
[12:08:08]   round 1 plain                            bs128x1   warm     77.79 timed     77.13     74.47     75.46 ms
[12:08:08]   round 1 plain                            bs256x1   warm     48.34 timed     50.09     50.09     50.47 ms
[12:08:08]   round 1 opt:other_small=0 state=local    bs32x8    warm     40.66 timed     39.79     39.67     39.59 ms
[12:08:09]   round 1 opt:other_small=0 state=local    bs32x7    warm     44.37 timed     44.72     44.62     44.60 ms
[12:08:09]   round 1 opt:other_small=0 state=local    bs32x6    warm     46.55 timed     47.00     46.68     48.42 ms
[12:08:09]   capped opt:other_small=0 state=local bs32x1 warm 188.50 ms > 3.0x floor 38.95
[12:08:09]   round 1 opt:other_small=0 state=local    bs64x4    warm     37.17 timed     38.89     39.48     39.79 ms
[12:08:10]   round 1 opt:other_small=0 state=local    bs64x3    warm     47.14 timed     46.26     47.60     46.85 ms
[12:08:10]   round 1 opt:other_small=0 state=local    bs64x2    warm     62.25 timed     59.32     59.82     62.94 ms
[12:08:10]   round 1 opt:other_small=0 state=local    bs64x1    warm    112.08 timed    108.74    109.72    107.35 ms
[12:08:10]   round 1 opt:other_small=0 state=local    bs128x2   warm     40.28 timed     40.68     41.13     40.85 ms
[12:08:11]   round 1 opt:other_small=0 state=local    bs128x1   warm     64.91 timed     62.09     59.53     58.90 ms
[12:08:11]   round 1 opt:other_small=0 state=local    bs256x1   warm     38.76 timed     40.04     41.90     39.95 ms
[12:08:11]   round 1 opt:other_small=0 state=shared   bs32x8    warm     47.25 timed     42.80     41.22     41.04 ms
[12:08:11]   round 1 opt:other_small=0 state=shared   bs32x7    warm     43.19 timed     41.79     42.41     41.28 ms
[12:08:12]   round 1 opt:other_small=0 state=shared   bs32x6    warm     43.23 timed     43.46     43.97     43.16 ms
[12:08:12]   capped opt:other_small=0 state=shared bs32x1 warm 187.48 ms > 3.0x floor 38.89
[12:08:12]   round 1 opt:other_small=0 state=shared   bs64x4    warm     38.09 timed     39.93     39.45     38.97 ms
[12:08:12]   round 1 opt:other_small=0 state=shared   bs64x3    warm     43.97 timed     42.80     42.60     42.76 ms
[12:08:12]   round 1 opt:other_small=0 state=shared   bs64x2    warm     57.24 timed     54.18     54.29     53.97 ms
[12:08:13]   round 1 opt:other_small=0 state=shared   bs64x1    warm    102.00 timed    101.86    102.61    104.26 ms
[12:08:13]   round 1 opt:other_small=0 state=shared   bs128x2   warm     40.72 timed     39.84     40.89     39.44 ms
[12:08:13]   round 1 opt:other_small=0 state=shared   bs128x1   warm     57.34 timed     54.57     54.74     54.96 ms
[12:08:13]   round 1 opt:other_small=0 state=shared   bs256x1   warm     37.54 timed     39.40     38.86     39.88 ms
[12:08:14]   capped o1+stage_accumulator=shared bs64x1 warm 175.45 ms > 3.0x floor 38.86
[12:08:14]   capped o1+stage_accumulator=shared bs32x2 warm 180.78 ms > 3.0x floor 38.86
[12:08:15]   capped o1+stage_accumulator=shared bs32x1 warm 327.04 ms > 3.0x floor 38.86
[12:08:15]   round 1 o1+stage_rhs=shared              bs32x8    warm     44.61 timed     43.46     44.25     43.88 ms
[12:08:15]   round 1 o1+stage_rhs=shared              bs32x7    warm     41.63 timed     42.89     42.15     41.88 ms
[12:08:16]   round 1 o1+stage_rhs=shared              bs32x6    warm     46.18 timed     45.17     44.91     44.74 ms
[12:08:16]   capped o1+stage_rhs=shared bs32x1 warm 186.01 ms > 3.0x floor 38.86
[12:08:16]   round 1 o1+stage_rhs=shared              bs64x4    warm     39.91 timed     42.51     41.76     41.61 ms
[12:08:16]   round 1 o1+stage_rhs=shared              bs64x3    warm     44.18 timed     43.13     45.51     42.96 ms
[12:08:17]   round 1 o1+stage_rhs=shared              bs64x2    warm     56.79 timed     53.96     53.65     53.56 ms
[12:08:17]   round 1 o1+stage_rhs=shared              bs64x1    warm    102.05 timed    102.44    104.36    104.01 ms
[12:08:17]   round 1 o1+stage_rhs=shared              bs128x2   warm     40.28 timed     43.97     41.45     41.75 ms
[12:08:17]   round 1 o1+stage_rhs=shared              bs128x1   warm     56.13 timed     54.13     54.77     53.97 ms
[12:08:18]   round 1 o1+stage_rhs=shared              bs256x1   warm     40.38 timed     40.80     40.83     40.42 ms
[12:08:18]   round 2 o1+stage_rhs=shared              bs256x1   warm     40.68 timed     40.71     41.26     40.57 ms
[12:08:18]   round 2 o1+stage_rhs=shared              bs128x1   warm     56.84 timed     54.18     54.76     56.96 ms
[12:08:18]   round 2 o1+stage_rhs=shared              bs128x2   warm     40.08 timed     42.09     42.50     41.79 ms
[12:08:19]   round 2 o1+stage_rhs=shared              bs64x1    warm    105.65 timed    102.69    101.35    101.79 ms
[12:08:19]   round 2 o1+stage_rhs=shared              bs64x2    warm     54.80 timed     53.47     53.50     53.79 ms
[12:08:19]   round 2 o1+stage_rhs=shared              bs64x3    warm     42.33 timed     44.01     44.72     42.83 ms
[12:08:19]   round 2 o1+stage_rhs=shared              bs64x4    warm     41.40 timed     41.73     43.41     41.91 ms
[12:08:19]   round 2 o1+stage_rhs=shared              bs32x6    warm     43.71 timed     43.14     42.93     43.17 ms
[12:08:20]   round 2 o1+stage_rhs=shared              bs32x7    warm     41.49 timed     41.93     42.43     43.53 ms
[12:08:20]   round 2 o1+stage_rhs=shared              bs32x8    warm     42.07 timed     42.43     42.49     41.89 ms
[12:08:20]   round 2 opt:other_small=0 state=shared   bs256x1   warm     39.68 timed     39.42     38.76     38.75 ms
[12:08:20]   round 2 opt:other_small=0 state=shared   bs128x1   warm     59.08 timed     55.20     54.66     56.19 ms
[12:08:20]   round 2 opt:other_small=0 state=shared   bs128x2   warm     38.29 timed     39.72     40.35     40.59 ms
[12:08:21]   round 2 opt:other_small=0 state=shared   bs64x1    warm    106.25 timed    104.38    103.26    104.68 ms
[12:08:21]   round 2 opt:other_small=0 state=shared   bs64x2    warm     54.66 timed     57.22     54.61     58.16 ms
[12:08:21]   round 2 opt:other_small=0 state=shared   bs64x3    warm     42.34 timed     42.25     43.21     42.85 ms
[12:08:21]   round 2 opt:other_small=0 state=shared   bs64x4    warm     39.20 timed     40.00     39.15     41.83 ms
[12:08:21]   round 2 opt:other_small=0 state=shared   bs32x6    warm     42.79 timed     43.87     42.36     42.76 ms
[12:08:22]   round 2 opt:other_small=0 state=shared   bs32x7    warm     41.58 timed     41.64     41.54     41.48 ms
[12:08:22]   round 2 opt:other_small=0 state=shared   bs32x8    warm     39.43 timed     40.30     43.11     42.56 ms
[12:08:22]   round 2 opt:other_small=0 state=local    bs256x1   warm     41.70 timed     41.01     39.82     39.52 ms
[12:08:22]   round 2 opt:other_small=0 state=local    bs128x1   warm     65.69 timed     58.86     58.46     59.27 ms
[12:08:22]   round 2 opt:other_small=0 state=local    bs128x2   warm     37.89 timed     39.58     40.89     39.16 ms
[12:08:23]   round 2 opt:other_small=0 state=local    bs64x1    warm    105.86 timed    103.00    102.64    103.23 ms
[12:08:23]   round 2 opt:other_small=0 state=local    bs64x2    warm     60.85 timed     58.61     60.06     60.23 ms
[12:08:23]   round 2 opt:other_small=0 state=local    bs64x3    warm     44.71 timed     46.13     47.14     45.86 ms
[12:08:23]   round 2 opt:other_small=0 state=local    bs64x4    warm     38.54 timed     38.40     39.42     38.74 ms
[12:08:24]   round 2 opt:other_small=0 state=local    bs32x6    warm     46.80 timed     46.50     48.01     46.12 ms
[12:08:24]   round 2 opt:other_small=0 state=local    bs32x7    warm     43.91 timed     44.84     45.63     45.17 ms
[12:08:24]   round 2 opt:other_small=0 state=local    bs32x8    warm     40.20 timed     43.08     39.95     39.84 ms
[12:08:24]   round 2 plain                            bs256x1   warm     49.55 timed     50.14     50.40     50.18 ms
[12:08:25]   round 2 plain                            bs128x1   warm     76.45 timed     78.09     74.65     74.92 ms
[12:08:25]   round 2 plain                            bs128x2   warm     48.96 timed     49.59     49.71     52.61 ms
[12:08:25]   round 2 plain                            bs64x2    warm     75.64 timed     76.50     75.58     75.71 ms
[12:08:25]   round 2 plain                            bs64x3    warm     60.44 timed     62.01     62.03     61.18 ms
[12:08:26]   round 2 plain                            bs32x6    warm     60.72 timed     61.05     62.40     60.75 ms
[12:08:26]   round 2 plain                            bs32x7    warm     59.33 timed     58.31     59.91     59.75 ms
[12:08:26]   round 2 plain                            bs32x8    warm     51.88 timed     50.92     49.90     49.43 ms
[12:08:26]   round 2 plain                            bs64x4    warm     48.91 timed     49.00     49.40     49.15 ms
[12:08:27]   round 2 tierA                            bs256x1   warm     40.49 timed     41.29     40.31     41.35 ms
[12:08:27]   round 2 tierA                            bs128x1   warm     58.13 timed     56.56     56.37     56.49 ms
[12:08:27]   round 2 tierA                            bs128x2   warm     40.34 timed     40.75     39.37     42.20 ms
[12:08:27]   round 2 tierA                            bs64x1    warm    102.82 timed    108.03    105.92    101.22 ms
[12:08:28]   round 2 tierA                            bs64x2    warm     53.56 timed     54.21     53.81     55.75 ms
[12:08:28]   round 2 tierA                            bs64x3    warm     43.69 timed     47.82     42.83     42.81 ms
[12:08:28]   round 2 tierA                            bs64x4    warm     41.17 timed     41.14     41.79     42.75 ms
[12:08:28]   round 2 tierA                            bs32x6    warm     45.49 timed     45.09     43.31     42.87 ms
[12:08:28]   round 2 tierA                            bs32x7    warm     41.20 timed     41.97     42.29     41.36 ms
[12:08:28]   round 2 tierA                            bs32x8    warm     40.09 timed     40.68     39.66     40.04 ms
[12:08:29]   round 3 o1+stage_rhs=shared              bs256x1   warm     40.79 timed     40.48     40.66     40.65 ms
[12:08:29]   round 3 o1+stage_rhs=shared              bs128x1   warm     56.89 timed     54.25     53.84     54.74 ms
[12:08:29]   round 3 o1+stage_rhs=shared              bs128x2   warm     43.22 timed     42.06     42.12     43.12 ms
[12:08:30]   round 3 o1+stage_rhs=shared              bs64x1    warm    104.38 timed    101.79    101.68    103.47 ms
[12:08:30]   round 3 o1+stage_rhs=shared              bs64x2    warm     53.79 timed     54.12     53.82     53.83 ms
[12:08:30]   round 3 o1+stage_rhs=shared              bs64x3    warm     42.97 timed     43.43     43.25     43.28 ms
[12:08:30]   round 3 o1+stage_rhs=shared              bs64x4    warm     43.67 timed     41.69     41.84     43.43 ms
[12:08:30]   round 3 o1+stage_rhs=shared              bs32x6    warm     43.46 timed     43.22     45.03     44.01 ms
[12:08:30]   round 3 o1+stage_rhs=shared              bs32x7    warm     41.55 timed     42.17     42.05     42.68 ms
[12:08:31]   round 3 o1+stage_rhs=shared              bs32x8    warm     42.15 timed     41.74     42.47     42.08 ms
[12:08:31]   round 3 opt:other_small=0 state=shared   bs256x1   warm     38.64 timed     38.83     39.06     39.41 ms
[12:08:31]   round 3 opt:other_small=0 state=shared   bs128x1   warm     56.53 timed     55.51     55.85     55.06 ms
[12:08:31]   round 3 opt:other_small=0 state=shared   bs128x2   warm     37.56 timed     39.38     39.64     39.31 ms
[12:08:32]   round 3 opt:other_small=0 state=shared   bs64x1    warm    104.90 timed    103.26    102.05    101.92 ms
[12:08:32]   round 3 opt:other_small=0 state=shared   bs64x2    warm     53.95 timed     54.02     54.99     54.20 ms
[12:08:32]   round 3 opt:other_small=0 state=shared   bs64x3    warm     40.90 timed     44.47     42.33     43.26 ms
[12:08:32]   round 3 opt:other_small=0 state=shared   bs64x4    warm     39.75 timed     38.77     39.16     39.18 ms
[12:08:32]   round 3 opt:other_small=0 state=shared   bs32x6    warm     42.41 timed     42.20     42.27     42.39 ms
[12:08:33]   round 3 opt:other_small=0 state=shared   bs32x7    warm     40.74 timed     42.04     41.22     41.15 ms
[12:08:33]   round 3 opt:other_small=0 state=shared   bs32x8    warm     39.41 timed     38.54     40.02     39.26 ms
[12:08:33]   round 3 opt:other_small=0 state=local    bs256x1   warm     39.33 timed     39.15     39.00     41.57 ms
[12:08:33]   round 3 opt:other_small=0 state=local    bs128x1   warm     60.45 timed     59.08     58.19     58.25 ms
[12:08:33]   round 3 opt:other_small=0 state=local    bs128x2   warm     37.11 timed     40.15     38.43     38.42 ms
[12:08:34]   round 3 opt:other_small=0 state=local    bs64x1    warm    103.89 timed    102.16    103.13    101.83 ms
[12:08:34]   round 3 opt:other_small=0 state=local    bs64x2    warm     58.62 timed     58.68     57.72     58.77 ms
[12:08:34]   round 3 opt:other_small=0 state=local    bs64x3    warm     48.27 timed     46.53     45.51     46.41 ms
[12:08:34]   round 3 opt:other_small=0 state=local    bs64x4    warm     38.63 timed     39.73     38.95     39.82 ms
[12:08:35]   round 3 opt:other_small=0 state=local    bs32x6    warm     46.58 timed     47.40     46.11     46.36 ms
[12:08:35]   round 3 opt:other_small=0 state=local    bs32x7    warm     44.37 timed     44.91     44.86     46.04 ms
[12:08:35]   round 3 opt:other_small=0 state=local    bs32x8    warm     40.64 timed     39.77     40.11     40.25 ms
[12:08:35]   round 3 plain                            bs256x1   warm     49.77 timed     52.39     49.64     50.05 ms
[12:08:36]   round 3 plain                            bs128x1   warm     76.79 timed     75.23     74.89     75.19 ms
[12:08:36]   round 3 plain                            bs128x2   warm     48.41 timed     49.69     50.77     49.81 ms
[12:08:36]   round 3 plain                            bs64x2    warm     76.65 timed     75.72     75.58     76.71 ms
[12:08:36]   round 3 plain                            bs64x3    warm     60.90 timed     61.52     61.29     63.45 ms
[12:08:37]   round 3 plain                            bs32x6    warm     60.85 timed     62.47     61.07     61.06 ms
[12:08:37]   round 3 plain                            bs32x7    warm     59.42 timed     60.09     60.62     60.41 ms
[12:08:37]   round 3 plain                            bs32x8    warm     51.25 timed     50.56     50.71     52.23 ms
[12:08:37]   round 3 plain                            bs64x4    warm     50.51 timed     51.19     50.00     49.67 ms
[12:08:37]   round 3 tierA                            bs256x1   warm     40.02 timed     40.02     39.54     39.84 ms
[12:08:38]   round 3 tierA                            bs128x1   warm     57.23 timed     55.60     55.06     54.64 ms
[12:08:38]   round 3 tierA                            bs128x2   warm     39.14 timed     40.20     40.38     40.62 ms
[12:08:38]   round 3 tierA                            bs64x1    warm    106.47 timed    104.20    103.03    103.13 ms
[12:08:38]   round 3 tierA                            bs64x2    warm     53.97 timed     54.22     54.48     54.64 ms
[12:08:39]   round 3 tierA                            bs64x3    warm     41.79 timed     43.68     43.18     43.97 ms
[12:08:39]   round 3 tierA                            bs64x4    warm     41.46 timed     40.56     40.69     40.11 ms
[12:08:39]   round 3 tierA                            bs32x6    warm     43.26 timed     43.71     43.98     44.91 ms
[12:08:39]   round 3 tierA                            bs32x7    warm     41.37 timed     43.41     42.69     42.56 ms
[12:08:39]   round 3 tierA                            bs32x8    warm     40.15 timed     39.59     42.87     38.97 ms
[12:08:40]   round 4 o1+stage_rhs=shared              bs256x1   warm     40.35 timed     40.47     40.70     40.46 ms
[12:08:40]   round 4 o1+stage_rhs=shared              bs128x1   warm     56.75 timed     54.38     53.84     55.10 ms
[12:08:40]   round 4 o1+stage_rhs=shared              bs128x2   warm     40.89 timed     42.91     41.74     43.79 ms
[12:08:40]   round 4 o1+stage_rhs=shared              bs64x1    warm    104.28 timed    101.61    101.73    101.82 ms
[12:08:41]   round 4 o1+stage_rhs=shared              bs64x2    warm     54.59 timed     54.67     54.66     53.80 ms
[12:08:41]   round 4 o1+stage_rhs=shared              bs64x3    warm     42.29 timed     43.49     43.36     43.55 ms
[12:08:41]   round 4 o1+stage_rhs=shared              bs64x4    warm     41.19 timed     42.56     41.91     42.55 ms
[12:08:41]   round 4 o1+stage_rhs=shared              bs32x6    warm     45.37 timed     43.70     43.67     43.16 ms
[12:08:41]   round 4 o1+stage_rhs=shared              bs32x7    warm     41.41 timed     42.22     42.07     42.12 ms
[12:08:42]   round 4 o1+stage_rhs=shared              bs32x8    warm     41.73 timed     42.18     42.38     41.97 ms
[12:08:42]   round 4 opt:other_small=0 state=shared   bs256x1   warm     40.07 timed     38.91     39.97     39.11 ms
[12:08:42]   round 4 opt:other_small=0 state=shared   bs128x1   warm     57.20 timed     55.18     54.40     54.63 ms
[12:08:42]   round 4 opt:other_small=0 state=shared   bs128x2   warm     40.05 timed     38.79     41.15     39.90 ms
[12:08:43]   round 4 opt:other_small=0 state=shared   bs64x1    warm    104.54 timed    102.88    101.91    102.17 ms
[12:08:43]   round 4 opt:other_small=0 state=shared   bs64x2    warm     53.99 timed     54.56     55.03     54.39 ms
[12:08:43]   round 4 opt:other_small=0 state=shared   bs64x3    warm     41.57 timed     42.07     43.01     42.43 ms
[12:08:43]   round 4 opt:other_small=0 state=shared   bs64x4    warm     41.23 timed     38.91     42.64     40.85 ms
[12:08:43]   round 4 opt:other_small=0 state=shared   bs32x6    warm     43.90 timed     45.11     44.56     43.67 ms
[12:08:43]   round 4 opt:other_small=0 state=shared   bs32x7    warm     41.86 timed     42.42     42.44     41.97 ms
[12:08:44]   round 4 opt:other_small=0 state=shared   bs32x8    warm     39.64 timed     39.98     41.73     40.29 ms
[12:08:44]   round 4 opt:other_small=0 state=local    bs256x1   warm     40.74 timed     40.82     41.04     40.02 ms
[12:08:44]   round 4 opt:other_small=0 state=local    bs128x1   warm     60.58 timed     59.90     60.21     59.23 ms
[12:08:44]   round 4 opt:other_small=0 state=local    bs128x2   warm     37.32 timed     38.54     39.04     38.42 ms
[12:08:45]   round 4 opt:other_small=0 state=local    bs64x1    warm    104.82 timed    101.69    102.18    101.52 ms
[12:08:45]   round 4 opt:other_small=0 state=local    bs64x2    warm     57.75 timed     58.29     57.72     58.20 ms
[12:08:45]   round 4 opt:other_small=0 state=local    bs64x3    warm     44.17 timed     49.32     46.42     47.11 ms
[12:08:45]   round 4 opt:other_small=0 state=local    bs64x4    warm     37.79 timed     38.88     38.85     40.02 ms
[12:08:45]   round 4 opt:other_small=0 state=local    bs32x6    warm     45.94 timed     51.41     47.49     46.51 ms
[12:08:46]   round 4 opt:other_small=0 state=local    bs32x7    warm     43.51 timed     44.15     44.60     44.33 ms
[12:08:46]   round 4 opt:other_small=0 state=local    bs32x8    warm     39.56 timed     39.43     40.17     39.48 ms
[12:08:46]   round 4 plain                            bs256x1   warm     50.48 timed     49.63     54.55     49.15 ms
[12:08:46]   round 4 plain                            bs128x1   warm     76.69 timed     77.11     76.70     76.85 ms
[12:08:47]   round 4 plain                            bs128x2   warm     50.01 timed     50.75     51.18     49.49 ms
[12:08:47]   round 4 plain                            bs64x2    warm     77.20 timed     76.43     75.77     73.53 ms
[12:08:47]   round 4 plain                            bs64x3    warm     61.04 timed     60.58     62.97     65.32 ms
[12:08:47]   round 4 plain                            bs32x6    warm     62.75 timed     60.97     61.65     62.18 ms
[12:08:48]   round 4 plain                            bs32x7    warm     58.72 timed     60.18     60.09     60.64 ms
[12:08:48]   round 4 plain                            bs32x8    warm     49.79 timed     50.91     49.32     49.47 ms
[12:08:48]   round 4 plain                            bs64x4    warm     48.99 timed     50.84     50.71     50.31 ms
[12:08:48]   round 4 tierA                            bs256x1   warm     37.99 timed     39.73     39.86     40.07 ms
[12:08:49]   round 4 tierA                            bs128x1   warm     57.59 timed     55.76     55.96     55.06 ms
[12:08:49]   round 4 tierA                            bs128x2   warm     39.48 timed     40.89     40.81     40.41 ms
[12:08:49]   round 4 tierA                            bs64x1    warm    104.37 timed    102.03    104.81    102.95 ms
[12:08:49]   round 4 tierA                            bs64x2    warm     54.34 timed     55.58     54.77     54.34 ms
[12:08:50]   round 4 tierA                            bs64x3    warm     42.30 timed     43.41     43.61     43.31 ms
[12:08:50]   round 4 tierA                            bs64x4    warm     40.77 timed     40.36     40.46     41.29 ms
[12:08:50]   round 4 tierA                            bs32x6    warm     43.62 timed     43.92     44.35     43.20 ms
[12:08:50]   round 4 tierA                            bs32x7    warm     41.72 timed     42.25     44.40     43.09 ms
[12:08:50]   round 4 tierA                            bs32x8    warm     41.58 timed     39.82     40.46     40.30 ms
[12:08:50] chain32_c8/dop853 tierA                            bs32x8     blk/SM  8 best    38.973 ms
[12:08:50] chain32_c8/dop853 tierA                            bs32x7     blk/SM  7 best    41.357 ms
[12:08:50] chain32_c8/dop853 tierA                            bs32x6     blk/SM  6 best    42.666 ms
[12:08:50] chain32_c8/dop853 tierA                            bs32x1     blk/SM  1 best   184.788 ms capped
[12:08:50] chain32_c8/dop853 tierA                            bs64x4     blk/SM  4 best    39.429 ms
[12:08:50] chain32_c8/dop853 tierA                            bs64x3     blk/SM  3 best    42.715 ms
[12:08:50] chain32_c8/dop853 tierA                            bs64x2     blk/SM  2 best    53.808 ms
[12:08:50] chain32_c8/dop853 tierA                            bs64x1     blk/SM  1 best   100.613 ms
[12:08:50] chain32_c8/dop853 tierA                            bs128x2    blk/SM  2 best    39.366 ms
[12:08:50] chain32_c8/dop853 tierA                            bs128x1    blk/SM  1 best    54.160 ms
[12:08:50] chain32_c8/dop853 tierA                            bs256x1    blk/SM  1 best    38.952 ms
[12:08:50] chain32_c8/dop853 plain                            bs64x4     blk/SM  4 best    48.997 ms
[12:08:50] chain32_c8/dop853 plain                            bs32x8     blk/SM  8 best    49.218 ms
[12:08:50] chain32_c8/dop853 plain                            bs32x7     blk/SM  7 best    58.314 ms
[12:08:50] chain32_c8/dop853 plain                            bs32x6     blk/SM  6 best    60.747 ms
[12:08:50] chain32_c8/dop853 plain                            bs32x1     blk/SM  1 best   221.440 ms capped
[12:08:50] chain32_c8/dop853 plain                            bs64x3     blk/SM  3 best    60.577 ms
[12:08:50] chain32_c8/dop853 plain                            bs64x2     blk/SM  2 best    73.529 ms
[12:08:50] chain32_c8/dop853 plain                            bs64x1     blk/SM  1 best   121.322 ms capped
[12:08:50] chain32_c8/dop853 plain                            bs128x2    blk/SM  2 best    49.490 ms
[12:08:50] chain32_c8/dop853 plain                            bs128x1    blk/SM  1 best    74.472 ms
[12:08:50] chain32_c8/dop853 plain                            bs256x1    blk/SM  1 best    49.153 ms
[12:08:50] chain32_c8/dop853 opt:other_small=0 state=local    bs32x8     blk/SM  8 best    39.431 ms
[12:08:50] chain32_c8/dop853 opt:other_small=0 state=local    bs32x7     blk/SM  7 best    44.148 ms
[12:08:50] chain32_c8/dop853 opt:other_small=0 state=local    bs32x6     blk/SM  6 best    46.114 ms
[12:08:50] chain32_c8/dop853 opt:other_small=0 state=local    bs32x1     blk/SM  1 best   188.495 ms capped
[12:08:50] chain32_c8/dop853 opt:other_small=0 state=local    bs64x4     blk/SM  4 best    38.405 ms
[12:08:50] chain32_c8/dop853 opt:other_small=0 state=local    bs64x3     blk/SM  3 best    45.509 ms
[12:08:50] chain32_c8/dop853 opt:other_small=0 state=local    bs64x2     blk/SM  2 best    57.723 ms
[12:08:50] chain32_c8/dop853 opt:other_small=0 state=local    bs64x1     blk/SM  1 best   101.522 ms
[12:08:50] chain32_c8/dop853 opt:other_small=0 state=local    bs128x2    blk/SM  2 best    38.420 ms
[12:08:50] chain32_c8/dop853 opt:other_small=0 state=local    bs128x1    blk/SM  1 best    58.191 ms
[12:08:50] chain32_c8/dop853 opt:other_small=0 state=local    bs256x1    blk/SM  1 best    39.003 ms
[12:08:50] chain32_c8/dop853 opt:other_small=0 state=shared   bs32x8     blk/SM  8 best    38.535 ms
[12:08:50] chain32_c8/dop853 opt:other_small=0 state=shared   bs32x7     blk/SM  7 best    41.149 ms
[12:08:50] chain32_c8/dop853 opt:other_small=0 state=shared   bs32x6     blk/SM  6 best    42.204 ms
[12:08:50] chain32_c8/dop853 opt:other_small=0 state=shared   bs32x1     blk/SM  1 best   187.476 ms capped
[12:08:50] chain32_c8/dop853 opt:other_small=0 state=shared   bs64x4     blk/SM  4 best    38.767 ms
[12:08:50] chain32_c8/dop853 opt:other_small=0 state=shared   bs64x3     blk/SM  3 best    42.072 ms
[12:08:50] chain32_c8/dop853 opt:other_small=0 state=shared   bs64x2     blk/SM  2 best    53.970 ms
[12:08:50] chain32_c8/dop853 opt:other_small=0 state=shared   bs64x1     blk/SM  1 best   101.861 ms
[12:08:50] chain32_c8/dop853 opt:other_small=0 state=shared   bs128x2    blk/SM  2 best    38.792 ms
[12:08:50] chain32_c8/dop853 opt:other_small=0 state=shared   bs128x1    blk/SM  1 best    54.404 ms
[12:08:50] chain32_c8/dop853 opt:other_small=0 state=shared   bs256x1    blk/SM  1 best    38.745 ms
[12:08:50] chain32_c8/dop853 o1+stage_accumulator=shared      bs64x1     blk/SM  1 best   175.447 ms capped
[12:08:50] chain32_c8/dop853 o1+stage_accumulator=shared      bs32x2     blk/SM  2 best   180.780 ms capped
[12:08:50] chain32_c8/dop853 o1+stage_accumulator=shared      bs32x1     blk/SM  1 best   327.039 ms capped
[12:08:50] chain32_c8/dop853 o1+stage_rhs=shared              bs32x8     blk/SM  8 best    41.737 ms
[12:08:50] chain32_c8/dop853 o1+stage_rhs=shared              bs32x7     blk/SM  7 best    41.876 ms
[12:08:50] chain32_c8/dop853 o1+stage_rhs=shared              bs32x6     blk/SM  6 best    42.933 ms
[12:08:50] chain32_c8/dop853 o1+stage_rhs=shared              bs32x1     blk/SM  1 best   186.007 ms capped
[12:08:50] chain32_c8/dop853 o1+stage_rhs=shared              bs64x4     blk/SM  4 best    41.606 ms
[12:08:50] chain32_c8/dop853 o1+stage_rhs=shared              bs64x3     blk/SM  3 best    42.834 ms
[12:08:50] chain32_c8/dop853 o1+stage_rhs=shared              bs64x2     blk/SM  2 best    53.471 ms
[12:08:50] chain32_c8/dop853 o1+stage_rhs=shared              bs64x1     blk/SM  1 best   101.346 ms
[12:08:50] chain32_c8/dop853 o1+stage_rhs=shared              bs128x2    blk/SM  2 best    41.446 ms
[12:08:50] chain32_c8/dop853 o1+stage_rhs=shared              bs128x1    blk/SM  1 best    53.842 ms
[12:08:50] chain32_c8/dop853 o1+stage_rhs=shared              bs256x1    blk/SM  1 best    40.420 ms
[12:08:50] === chain32_c8/dop853 done in 49.6 s
[12:08:54] device NVIDIA GeForce RTX 4070 SUPER cc (8, 9) SMs 56 L2 48 MiB shared/SM 100 KiB opt-in 99 KiB icache 128 KiB
[12:08:54] backend mlir cubie 0.12.0 cache C:\local_working_projects\orca_worktrees\cubie\cross-machine-autoperf\generated
[12:08:55] 3 configurations, 24 kernels to compile
[12:09:02]   compiled lorenz96_40/cash-karp-54 opt:other_small=1 state=shared      3.7 s 606d5874a0a7
[12:09:02]   compiled lorenz96_40/cash-karp-54 tierA                               4.0 s 499ed6c99d43
[12:09:02]   compiled lorenz96_40/cash-karp-54 plain                               4.1 s 499ed6c99d43
[12:09:02]   compiled lorenz96_40/cash-karp-54 opt:other_small=1 state=local       4.2 s 499ed6c99d43
[12:09:05]   compiled lorenz96_40/cash-karp-54 opt:other_small=0 state=local       3.5 s 64701db7f7c3
[12:09:05]   compiled lorenz96_40/cash-karp-54 opt:other_small=0 state=shared      3.4 s a842dc846abc
[12:09:05]   compiled lorenz96_40/cash-karp-54 opt:other_small=1 state=local stage_rhs=shared    3.4 s 0c2a0ff9ffad
[12:09:06]   compiled lorenz96_40/cash-karp-54 o1+stage_accumulator=shared         4.0 s c5f03fc280aa
[12:09:09]   compiled lorenz96_40/dormand-prince-54 tierA                               3.8 s 1c3c3a0ae89f
[12:09:09]   compiled lorenz96_40/dormand-prince-54 plain                               3.9 s ceeb1605ec5e
[12:09:09]   compiled lorenz96_40/dormand-prince-54 opt:other_small=1 state=local       4.0 s ceeb1605ec5e
[12:09:10]   compiled lorenz96_40/dormand-prince-54 opt:other_small=1 state=shared      3.6 s 1c3c3a0ae89f
[12:09:13]   compiled lorenz96_40/dormand-prince-54 opt:other_small=0 state=local       3.6 s 72b3d4f42abd
[12:09:13]   compiled lorenz96_40/dormand-prince-54 opt:other_small=0 state=shared      3.6 s 8459c9a06976
[12:09:13]   compiled lorenz96_40/dormand-prince-54 opt:other_small=1 state=local stage_rhs=shared    3.7 s 543abd6e95f9
[12:09:15]   compiled lorenz96_40/dormand-prince-54 o1+stage_accumulator=shared         5.0 s f84d36cf9420
[12:09:22]   compiled lorenz96_40/dop853 tierA                               9.5 s f4b45e2fb364
[12:09:23]   compiled lorenz96_40/dop853 plain                              10.0 s c7efe9bbda9a
[12:09:23]   compiled lorenz96_40/dop853 opt:other_small=1 state=shared      8.5 s f4b45e2fb364
[12:09:23]   compiled lorenz96_40/dop853 opt:other_small=1 state=local      10.4 s c7efe9bbda9a
[12:09:33]   compiled lorenz96_40/dop853 opt:other_small=0 state=local      10.7 s 04a4292538be
[12:09:33]   compiled lorenz96_40/dop853 opt:other_small=0 state=shared     10.7 s 5249b9c84c88
[12:09:33]   compiled lorenz96_40/dop853 opt:other_small=1 state=local stage_rhs=shared   10.3 s 9ebb61949d5f
[12:09:41]   compiled lorenz96_40/dop853 o1+stage_accumulator=shared        17.4 s b7c4ec735d04
[12:09:41] compiles done in 46 s
[12:09:41] === lorenz96_40/cash-karp-54 n_runs 32768 duration 16.0 arms 8
[12:09:41]   tierA                            regs 255 frame     0 sass    44 KiB shared/run    0 cells bs32x8 bs64x4 bs128x2 bs256x1 (0.1 s)
[12:09:41]   plain                            alias of tierA
[12:09:41]   opt:other_small=1 state=local    alias of tierA
[12:09:41]   opt:other_small=1 state=shared   regs 197 frame     0 sass    47 KiB shared/run  164 cells bs32x8 bs64x4 bs128x2 bs256x1 (0.1 s)
[12:09:41]   opt:other_small=0 state=local    regs 237 frame   656 sass    41 KiB shared/run    0 cells bs32x8 bs32x7 bs32x6 bs32x1 bs64x4 bs64x3 bs64x2 bs64x1 bs128x2 bs128x1 bs256x1 (0.1 s)
[12:09:41]   opt:other_small=0 state=shared   regs 233 frame   496 sass    43 KiB shared/run  164 cells bs32x8 bs32x7 bs32x6 bs32x1 bs64x4 bs64x3 bs64x2 bs64x1 bs128x2 bs128x1 bs256x1 (0.1 s)
[12:09:41]   opt:other_small=1 state=local stage_rhs=shared regs 255 frame     0 sass    45 KiB shared/run  164 cells bs32x8 bs64x4 bs128x2 bs256x1 (0.1 s)
[12:09:41]   o1+stage_accumulator=shared      regs 255 frame    48 sass    50 KiB shared/run  804 cells bs32x3 bs32x2 bs32x1 bs64x1 (0.1 s)
[12:09:42]   round 1 tierA                            bs32x8    warm      4.02 timed      3.83      4.28      3.66 ms
[12:09:42]   round 1 tierA                            bs64x4    warm      3.92 timed      3.97      4.29      3.96 ms
[12:09:42]   round 1 tierA                            bs128x2   warm      3.88 timed      4.00      4.00      4.30 ms
[12:09:42]   round 1 tierA                            bs256x1   warm      4.07 timed      4.06      4.14      4.02 ms
[12:09:42]   round 1 opt:other_small=1 state=shared   bs32x8    warm      3.81 timed      3.79      3.70      3.67 ms
[12:09:42]   round 1 opt:other_small=1 state=shared   bs64x4    warm      4.92 timed      3.82      3.96      3.74 ms
[12:09:42]   round 1 opt:other_small=1 state=shared   bs128x2   warm      3.75 timed      3.74      3.73      4.18 ms
[12:09:42]   round 1 opt:other_small=1 state=shared   bs256x1   warm      3.87 timed      4.52      3.85      3.84 ms
[12:09:42]   round 1 opt:other_small=0 state=local    bs32x8    warm      3.44 timed      3.51      3.45      3.42 ms
[12:09:42]   round 1 opt:other_small=0 state=local    bs32x7    warm      3.73 timed      3.71      3.71      3.73 ms
[12:09:42]   round 1 opt:other_small=0 state=local    bs32x6    warm      3.95 timed      3.79      3.91      3.78 ms
[12:09:42]   capped opt:other_small=0 state=local bs32x1 warm 12.36 ms > 3.0x floor 3.42
[12:09:42]   round 1 opt:other_small=0 state=local    bs64x4    warm      3.87 timed      4.03      3.83      3.86 ms
[12:09:42]   round 1 opt:other_small=0 state=local    bs64x3    warm      3.88 timed      3.83      3.86      3.82 ms
[12:09:42]   round 1 opt:other_small=0 state=local    bs64x2    warm      3.91 timed      3.82      3.83      3.81 ms
[12:09:42]   round 1 opt:other_small=0 state=local    bs64x1    warm      6.54 timed      6.51      6.52      6.63 ms
[12:09:42]   round 1 opt:other_small=0 state=local    bs128x2   warm      3.86 timed      4.13      4.15      3.87 ms
[12:09:42]   round 1 opt:other_small=0 state=local    bs128x1   warm      3.95 timed      4.06      4.25      4.05 ms
[12:09:42]   round 1 opt:other_small=0 state=local    bs256x1   warm      4.49 timed      3.96      3.93      4.61 ms
[12:09:42]   round 1 opt:other_small=0 state=shared   bs32x8    warm      3.62 timed      3.59      3.96      3.60 ms
[12:09:43]   round 1 opt:other_small=0 state=shared   bs32x7    warm      3.60 timed      4.27      3.70      3.65 ms
[12:09:43]   round 1 opt:other_small=0 state=shared   bs32x6    warm      3.62 timed      3.82      3.67      3.64 ms
[12:09:43]   capped opt:other_small=0 state=shared bs32x1 warm 12.83 ms > 3.0x floor 3.42
[12:09:43]   round 1 opt:other_small=0 state=shared   bs64x4    warm      3.94 timed      3.92      3.93      3.87 ms
[12:09:43]   round 1 opt:other_small=0 state=shared   bs64x3    warm      3.94 timed      4.07      3.73      3.73 ms
[12:09:43]   round 1 opt:other_small=0 state=shared   bs64x2    warm      4.04 timed      3.87      3.74      3.71 ms
[12:09:43]   round 1 opt:other_small=0 state=shared   bs64x1    warm      6.57 timed      6.60      6.55      6.53 ms
[12:09:43]   round 1 opt:other_small=0 state=shared   bs128x2   warm      3.96 timed      3.97      4.14      4.07 ms
[12:09:43]   round 1 opt:other_small=0 state=shared   bs128x1   warm      3.78 timed      3.74      3.74      3.76 ms
[12:09:43]   round 1 opt:other_small=0 state=shared   bs256x1   warm      3.96 timed      4.06      3.94      3.92 ms
[12:09:43]   round 1 opt:other_small=1 state=local stage_rhs=shared bs32x8    warm      3.17 timed      3.14      3.11      3.12 ms
[12:09:43]   round 1 opt:other_small=1 state=local stage_rhs=shared bs64x4    warm      3.47 timed      3.46      3.47      3.45 ms
[12:09:43]   round 1 opt:other_small=1 state=local stage_rhs=shared bs128x2   warm      3.58 timed      3.49      3.48      3.47 ms
[12:09:43]   round 1 opt:other_small=1 state=local stage_rhs=shared bs256x1   warm      3.83 timed      4.27      3.54      3.52 ms
[12:09:43]   round 1 o1+stage_accumulator=shared      bs32x3    warm      5.18 timed      5.13      4.80      4.74 ms
[12:09:43]   round 1 o1+stage_accumulator=shared      bs32x2    warm      6.99 timed      6.73      7.10      6.68 ms
[12:09:43]   capped o1+stage_accumulator=shared bs32x1 warm 13.65 ms > 3.0x floor 3.11
[12:09:43]   round 1 o1+stage_accumulator=shared      bs64x1    warm      6.86 timed      7.02      6.98      7.30 ms
[12:09:43]   round 2 o1+stage_accumulator=shared      bs64x1    warm      6.96 timed      7.05      6.72      6.79 ms
[12:09:43]   round 2 o1+stage_accumulator=shared      bs32x2    warm      6.74 timed      6.73      6.67      6.69 ms
[12:09:43]   round 2 o1+stage_accumulator=shared      bs32x3    warm      4.77 timed      4.77      4.83      4.77 ms
[12:09:43]   round 2 opt:other_small=1 state=local stage_rhs=shared bs256x1   warm      3.53 timed      3.55      3.53      3.52 ms
[12:09:43]   round 2 opt:other_small=1 state=local stage_rhs=shared bs128x2   warm      3.49 timed      3.50      3.48      3.49 ms
[12:09:43]   round 2 opt:other_small=1 state=local stage_rhs=shared bs64x4    warm      3.53 timed      3.51      3.49      3.48 ms
[12:09:43]   round 2 opt:other_small=1 state=local stage_rhs=shared bs32x8    warm      3.17 timed      3.16      3.15      3.18 ms
[12:09:43]   round 2 opt:other_small=0 state=shared   bs256x1   warm      3.93 timed      3.91      4.75      4.23 ms
[12:09:43]   round 2 opt:other_small=0 state=shared   bs128x1   warm      4.09 timed      4.42      3.96      4.07 ms
[12:09:43]   round 2 opt:other_small=0 state=shared   bs128x2   warm      3.95 timed      3.93      3.96      3.90 ms
[12:09:43]   round 2 opt:other_small=0 state=shared   bs64x1    warm      6.54 timed      6.74      6.54      6.55 ms
[12:09:43]   round 2 opt:other_small=0 state=shared   bs64x2    warm      3.72 timed      3.72      3.73      3.72 ms
[12:09:43]   round 2 opt:other_small=0 state=shared   bs64x3    warm      3.73 timed      3.75      3.71      4.03 ms
[12:09:43]   round 2 opt:other_small=0 state=shared   bs64x4    warm      3.94 timed      4.11      4.03      3.92 ms
[12:09:43]   round 2 opt:other_small=0 state=shared   bs32x6    warm      3.63 timed      3.60      3.59      3.67 ms
[12:09:43]   round 2 opt:other_small=0 state=shared   bs32x7    warm      4.19 timed      3.70      3.57      3.57 ms
[12:09:43]   round 2 opt:other_small=0 state=shared   bs32x8    warm      3.53 timed      3.54      3.51      3.51 ms
[12:09:43]   round 2 opt:other_small=0 state=local    bs256x1   warm      3.88 timed      3.85      3.92      3.85 ms
[12:09:43]   round 2 opt:other_small=0 state=local    bs128x1   warm      3.91 timed      4.01      3.99      4.03 ms
[12:09:43]   round 2 opt:other_small=0 state=local    bs128x2   warm      3.82 timed      3.92      3.94      3.93 ms
[12:09:43]   round 2 opt:other_small=0 state=local    bs64x1    warm      6.53 timed      6.66      6.69      6.75 ms
[12:09:43]   round 2 opt:other_small=0 state=local    bs64x2    warm      3.83 timed      3.82      4.01      3.99 ms
[12:09:43]   round 2 opt:other_small=0 state=local    bs64x3    warm      3.94 timed      3.81      3.90      3.76 ms
[12:09:43]   round 2 opt:other_small=0 state=local    bs64x4    warm      3.82 timed      3.87      3.85      3.83 ms
[12:09:43]   round 2 opt:other_small=0 state=local    bs32x6    warm      3.73 timed      3.78      3.79      3.71 ms
[12:09:43]   round 2 opt:other_small=0 state=local    bs32x7    warm      3.77 timed      3.74      3.70      3.68 ms
[12:09:43]   round 2 opt:other_small=0 state=local    bs32x8    warm      3.53 timed      3.57      3.49      3.51 ms
[12:09:43]   round 2 opt:other_small=1 state=shared   bs256x1   warm      4.01 timed      3.84      3.86      3.89 ms
[12:09:43]   round 2 opt:other_small=1 state=shared   bs128x2   warm      3.74 timed      3.76      3.90      3.87 ms
[12:09:44]   round 2 opt:other_small=1 state=shared   bs64x4    warm      3.72 timed      3.88      3.83      3.85 ms
[12:09:44]   round 2 opt:other_small=1 state=shared   bs32x8    warm      3.46 timed      3.40      3.41      3.53 ms
[12:09:44]   round 2 tierA                            bs256x1   warm      3.63 timed      3.62      4.17      3.90 ms
[12:09:44]   round 2 tierA                            bs128x2   warm      3.54 timed      3.52      3.49      3.79 ms
[12:09:44]   round 2 tierA                            bs64x4    warm      3.85 timed      3.55      3.79      3.69 ms
[12:09:44]   round 2 tierA                            bs32x8    warm      3.74 timed      3.36      3.36      3.33 ms
[12:09:44]   round 3 o1+stage_accumulator=shared      bs64x1    warm      7.43 timed      6.88      7.15      6.89 ms
[12:09:44]   round 3 o1+stage_accumulator=shared      bs32x2    warm      7.01 timed      6.76      6.76      6.72 ms
[12:09:44]   round 3 o1+stage_accumulator=shared      bs32x3    warm      4.83 timed      4.88      4.77      4.78 ms
[12:09:44]   round 3 opt:other_small=1 state=local stage_rhs=shared bs256x1   warm      3.62 timed      3.57      3.58      3.54 ms
[12:09:44]   round 3 opt:other_small=1 state=local stage_rhs=shared bs128x2   warm      3.54 timed      3.53      3.55      3.53 ms
[12:09:44]   round 3 opt:other_small=1 state=local stage_rhs=shared bs64x4    warm      3.51 timed      3.50      3.53      3.70 ms
[12:09:44]   round 3 opt:other_small=1 state=local stage_rhs=shared bs32x8    warm      3.18 timed      3.19      3.48      3.40 ms
[12:09:44]   round 3 opt:other_small=0 state=shared   bs256x1   warm      3.97 timed      4.08      4.08      4.08 ms
[12:09:44]   round 3 opt:other_small=0 state=shared   bs128x1   warm      3.77 timed      3.86      3.86      3.77 ms
[12:09:44]   round 3 opt:other_small=0 state=shared   bs128x2   warm      3.96 timed      4.09      4.08      4.07 ms
[12:09:44]   round 3 opt:other_small=0 state=shared   bs64x1    warm      7.34 timed      6.64      6.60      6.61 ms
[12:09:44]   round 3 opt:other_small=0 state=shared   bs64x2    warm      3.76 timed      3.88      3.85      3.85 ms
[12:09:44]   round 3 opt:other_small=0 state=shared   bs64x3    warm      3.68 timed      3.66      3.77      3.75 ms
[12:09:44]   round 3 opt:other_small=0 state=shared   bs64x4    warm      3.96 timed      3.91      3.94      3.91 ms
[12:09:44]   round 3 opt:other_small=0 state=shared   bs32x6    warm      3.66 timed      3.70      3.66      3.62 ms
[12:09:44]   round 3 opt:other_small=0 state=shared   bs32x7    warm      3.79 timed      3.69      3.81      3.88 ms
[12:09:44]   round 3 opt:other_small=0 state=shared   bs32x8    warm      3.65 timed      3.68      3.71      3.57 ms
[12:09:44]   round 3 opt:other_small=0 state=local    bs256x1   warm      4.11 timed      4.04      3.99      4.04 ms
[12:09:44]   round 3 opt:other_small=0 state=local    bs128x1   warm      3.94 timed      4.09      4.07      4.15 ms
[12:09:44]   round 3 opt:other_small=0 state=local    bs128x2   warm      3.92 timed      3.99      4.00      3.97 ms
[12:09:44]   round 3 opt:other_small=0 state=local    bs64x1    warm      6.80 timed      7.60      7.45      7.31 ms
[12:09:44]   round 3 opt:other_small=0 state=local    bs64x2    warm      4.22 timed      4.04      4.34      3.96 ms
[12:09:44]   round 3 opt:other_small=0 state=local    bs64x3    warm      4.22 timed      4.02      3.77      3.98 ms
[12:09:44]   round 3 opt:other_small=0 state=local    bs64x4    warm      3.82 timed      3.96      3.85      3.94 ms
[12:09:44]   round 3 opt:other_small=0 state=local    bs32x6    warm      3.87 timed      3.96      3.81      3.81 ms
[12:09:44]   round 3 opt:other_small=0 state=local    bs32x7    warm      3.73 timed      3.69      3.67      3.72 ms
[12:09:44]   round 3 opt:other_small=0 state=local    bs32x8    warm      3.42 timed      3.47      3.42      3.44 ms
[12:09:44]   round 3 opt:other_small=1 state=shared   bs256x1   warm      3.98 timed      3.81      3.82      3.81 ms
[12:09:44]   round 3 opt:other_small=1 state=shared   bs128x2   warm      3.72 timed      3.76      3.74      3.71 ms
[12:09:44]   round 3 opt:other_small=1 state=shared   bs64x4    warm      3.86 timed      3.71      3.72      3.68 ms
[12:09:44]   round 3 opt:other_small=1 state=shared   bs32x8    warm      3.38 timed      3.31      3.39      3.36 ms
[12:09:44]   round 3 tierA                            bs256x1   warm      3.89 timed      3.61      3.59      3.57 ms
[12:09:44]   round 3 tierA                            bs128x2   warm      3.80 timed      3.68      3.67      3.81 ms
[12:09:44]   round 3 tierA                            bs64x4    warm      3.91 timed      3.57      3.52      3.55 ms
[12:09:44]   round 3 tierA                            bs32x8    warm      3.82 timed      3.25      3.59      3.49 ms
[12:09:44]   round 4 o1+stage_accumulator=shared      bs64x1    warm      6.83 timed      7.16      6.99      7.17 ms
[12:09:44]   round 4 o1+stage_accumulator=shared      bs32x2    warm      6.73 timed      7.07      6.74      7.00 ms
[12:09:44]   round 4 o1+stage_accumulator=shared      bs32x3    warm      4.84 timed      4.93      5.42      4.91 ms
[12:09:44]   round 4 opt:other_small=1 state=local stage_rhs=shared bs256x1   warm      3.96 timed      3.68      3.65      3.66 ms
[12:09:44]   round 4 opt:other_small=1 state=local stage_rhs=shared bs128x2   warm      3.90 timed      3.53      3.75      3.62 ms
[12:09:45]   round 4 opt:other_small=1 state=local stage_rhs=shared bs64x4    warm      3.84 timed      3.72      3.62      3.61 ms
[12:09:45]   round 4 opt:other_small=1 state=local stage_rhs=shared bs32x8    warm      3.33 timed      3.26      3.31      3.26 ms
[12:09:45]   round 4 opt:other_small=0 state=shared   bs256x1   warm      4.05 timed      4.03      4.38      4.15 ms
[12:09:45]   round 4 opt:other_small=0 state=shared   bs128x1   warm      3.88 timed      4.20      3.93      3.87 ms
[12:09:45]   round 4 opt:other_small=0 state=shared   bs128x2   warm      4.27 timed      4.09      4.04      4.28 ms
[12:09:45]   round 4 opt:other_small=0 state=shared   bs64x1    warm      6.72 timed      6.69      6.73      6.71 ms
[12:09:45]   round 4 opt:other_small=0 state=shared   bs64x2    warm      3.79 timed      3.88      3.82      4.22 ms
[12:09:45]   round 4 opt:other_small=0 state=shared   bs64x3    warm      3.77 timed      3.81      3.90      3.86 ms
[12:09:45]   round 4 opt:other_small=0 state=shared   bs64x4    warm      4.01 timed      4.00      3.94      4.51 ms
[12:09:45]   round 4 opt:other_small=0 state=shared   bs32x6    warm      3.77 timed      3.67      3.70      3.97 ms
[12:09:45]   round 4 opt:other_small=0 state=shared   bs32x7    warm      3.62 timed      3.78      3.69      3.79 ms
[12:09:45]   round 4 opt:other_small=0 state=shared   bs32x8    warm      3.64 timed      3.59      3.72      3.49 ms
[12:09:45]   round 4 opt:other_small=0 state=local    bs256x1   warm      3.90 timed      3.85      4.12      3.89 ms
[12:09:45]   round 4 opt:other_small=0 state=local    bs128x1   warm      3.87 timed      3.96      3.92      4.20 ms
[12:09:45]   round 4 opt:other_small=0 state=local    bs128x2   warm      3.83 timed      3.83      3.86      3.81 ms
[12:09:45]   round 4 opt:other_small=0 state=local    bs64x1    warm      6.89 timed      7.08      7.04      6.63 ms
[12:09:45]   round 4 opt:other_small=0 state=local    bs64x2    warm      3.85 timed      3.83      4.12      3.87 ms
[12:09:45]   round 4 opt:other_small=0 state=local    bs64x3    warm      3.95 timed      4.05      3.90      3.80 ms
[12:09:45]   round 4 opt:other_small=0 state=local    bs64x4    warm      4.02 timed      4.11      3.82      3.80 ms
[12:09:45]   round 4 opt:other_small=0 state=local    bs32x6    warm      3.75 timed      3.81      3.99      3.78 ms
[12:09:45]   round 4 opt:other_small=0 state=local    bs32x7    warm      3.75 timed      3.76      3.72      3.79 ms
[12:09:45]   round 4 opt:other_small=0 state=local    bs32x8    warm      3.46 timed      3.42      3.45      3.43 ms
[12:09:45]   round 4 opt:other_small=1 state=shared   bs256x1   warm      4.13 timed      3.83      4.17      4.52 ms
[12:09:45]   round 4 opt:other_small=1 state=shared   bs128x2   warm      4.15 timed      3.73      3.82      3.74 ms
[12:09:45]   round 4 opt:other_small=1 state=shared   bs64x4    warm      4.00 timed      3.85      3.88      3.80 ms
[12:09:45]   round 4 opt:other_small=1 state=shared   bs32x8    warm      3.41 timed      3.54      3.46      3.45 ms
[12:09:45]   round 4 tierA                            bs256x1   warm      3.94 timed      3.68      3.66      4.00 ms
[12:09:45]   round 4 tierA                            bs128x2   warm      3.53 timed      3.98      3.78      3.72 ms
[12:09:45]   round 4 tierA                            bs64x4    warm      4.14 timed      3.98      4.02      3.65 ms
[12:09:45]   round 4 tierA                            bs32x8    warm      3.36 timed      3.29      3.28      3.29 ms
[12:09:45] lorenz96_40/cash-karp-54 tierA                            bs32x8     blk/SM  8 best     3.248 ms
[12:09:45] lorenz96_40/cash-karp-54 tierA                            bs64x4     blk/SM  4 best     3.519 ms
[12:09:45] lorenz96_40/cash-karp-54 tierA                            bs128x2    blk/SM  2 best     3.493 ms
[12:09:45] lorenz96_40/cash-karp-54 tierA                            bs256x1    blk/SM  1 best     3.574 ms
[12:09:45] lorenz96_40/cash-karp-54 opt:other_small=1 state=shared   bs32x8     blk/SM  8 best     3.308 ms
[12:09:45] lorenz96_40/cash-karp-54 opt:other_small=1 state=shared   bs64x4     blk/SM  4 best     3.678 ms
[12:09:45] lorenz96_40/cash-karp-54 opt:other_small=1 state=shared   bs128x2    blk/SM  2 best     3.707 ms
[12:09:45] lorenz96_40/cash-karp-54 opt:other_small=1 state=shared   bs256x1    blk/SM  1 best     3.812 ms
[12:09:45] lorenz96_40/cash-karp-54 opt:other_small=0 state=local    bs32x8     blk/SM  8 best     3.417 ms
[12:09:45] lorenz96_40/cash-karp-54 opt:other_small=0 state=local    bs32x7     blk/SM  7 best     3.670 ms
[12:09:45] lorenz96_40/cash-karp-54 opt:other_small=0 state=local    bs32x6     blk/SM  6 best     3.713 ms
[12:09:45] lorenz96_40/cash-karp-54 opt:other_small=0 state=local    bs32x1     blk/SM  1 best    12.361 ms capped
[12:09:45] lorenz96_40/cash-karp-54 opt:other_small=0 state=local    bs64x4     blk/SM  4 best     3.800 ms
[12:09:45] lorenz96_40/cash-karp-54 opt:other_small=0 state=local    bs64x3     blk/SM  3 best     3.761 ms
[12:09:45] lorenz96_40/cash-karp-54 opt:other_small=0 state=local    bs64x2     blk/SM  2 best     3.808 ms
[12:09:45] lorenz96_40/cash-karp-54 opt:other_small=0 state=local    bs64x1     blk/SM  1 best     6.508 ms
[12:09:45] lorenz96_40/cash-karp-54 opt:other_small=0 state=local    bs128x2    blk/SM  2 best     3.812 ms
[12:09:45] lorenz96_40/cash-karp-54 opt:other_small=0 state=local    bs128x1    blk/SM  1 best     3.917 ms
[12:09:45] lorenz96_40/cash-karp-54 opt:other_small=0 state=local    bs256x1    blk/SM  1 best     3.851 ms
[12:09:45] lorenz96_40/cash-karp-54 opt:other_small=0 state=shared   bs32x8     blk/SM  8 best     3.493 ms
[12:09:45] lorenz96_40/cash-karp-54 opt:other_small=0 state=shared   bs32x7     blk/SM  7 best     3.566 ms
[12:09:45] lorenz96_40/cash-karp-54 opt:other_small=0 state=shared   bs32x6     blk/SM  6 best     3.590 ms
[12:09:45] lorenz96_40/cash-karp-54 opt:other_small=0 state=shared   bs32x1     blk/SM  1 best    12.831 ms capped
[12:09:45] lorenz96_40/cash-karp-54 opt:other_small=0 state=shared   bs64x4     blk/SM  4 best     3.867 ms
[12:09:45] lorenz96_40/cash-karp-54 opt:other_small=0 state=shared   bs64x3     blk/SM  3 best     3.660 ms
[12:09:45] lorenz96_40/cash-karp-54 opt:other_small=0 state=shared   bs64x2     blk/SM  2 best     3.710 ms
[12:09:45] lorenz96_40/cash-karp-54 opt:other_small=0 state=shared   bs64x1     blk/SM  1 best     6.532 ms
[12:09:45] lorenz96_40/cash-karp-54 opt:other_small=0 state=shared   bs128x2    blk/SM  2 best     3.902 ms
[12:09:45] lorenz96_40/cash-karp-54 opt:other_small=0 state=shared   bs128x1    blk/SM  1 best     3.741 ms
[12:09:45] lorenz96_40/cash-karp-54 opt:other_small=0 state=shared   bs256x1    blk/SM  1 best     3.906 ms
[12:09:45] lorenz96_40/cash-karp-54 opt:other_small=1 state=local stage_rhs=shared bs32x8     blk/SM  8 best     3.113 ms
[12:09:45] lorenz96_40/cash-karp-54 opt:other_small=1 state=local stage_rhs=shared bs64x4     blk/SM  4 best     3.453 ms
[12:09:45] lorenz96_40/cash-karp-54 opt:other_small=1 state=local stage_rhs=shared bs128x2    blk/SM  2 best     3.474 ms
[12:09:45] lorenz96_40/cash-karp-54 opt:other_small=1 state=local stage_rhs=shared bs256x1    blk/SM  1 best     3.521 ms
[12:09:45] lorenz96_40/cash-karp-54 o1+stage_accumulator=shared      bs32x3     blk/SM  3 best     4.743 ms
[12:09:45] lorenz96_40/cash-karp-54 o1+stage_accumulator=shared      bs32x2     blk/SM  2 best     6.670 ms
[12:09:45] lorenz96_40/cash-karp-54 o1+stage_accumulator=shared      bs32x1     blk/SM  1 best    13.654 ms capped
[12:09:45] lorenz96_40/cash-karp-54 o1+stage_accumulator=shared      bs64x1     blk/SM  1 best     6.721 ms
[12:09:45] === lorenz96_40/cash-karp-54 done in 4.3 s
[12:09:45] === lorenz96_40/dormand-prince-54 n_runs 32768 duration 16.0 arms 8
[12:09:45]   tierA                            regs 227 frame     0 sass    51 KiB shared/run  164 cells bs32x8 bs64x4 bs128x2 bs256x1 (0.1 s)
[12:09:45]   plain                            regs 255 frame     0 sass    47 KiB shared/run    0 cells bs64x4 bs32x8 bs128x2 bs256x1 (0.1 s)
[12:09:45]   opt:other_small=1 state=local    alias of plain
[12:09:45]   opt:other_small=1 state=shared   alias of tierA
[12:09:45]   opt:other_small=0 state=local    regs 230 frame   640 sass    46 KiB shared/run    0 cells bs32x8 bs32x7 bs32x6 bs32x1 bs64x4 bs64x3 bs64x2 bs64x1 bs128x2 bs128x1 bs256x1 (0.1 s)
[12:09:46]   opt:other_small=0 state=shared   regs 227 frame     0 sass    50 KiB shared/run  164 cells bs32x8 bs64x4 bs128x2 bs256x1 (0.1 s)
[12:09:46]   opt:other_small=1 state=local stage_rhs=shared regs 255 frame     0 sass    49 KiB shared/run  164 cells bs32x8 bs64x4 bs128x2 bs256x1 (0.1 s)
[12:09:46]   o1+stage_accumulator=shared      regs 255 frame     0 sass    58 KiB shared/run 1124 cells bs32x2 bs64x1 (0.1 s)
[12:09:46]   round 1 tierA                            bs32x8    warm      5.18 timed      4.66      4.71      4.84 ms
[12:09:46]   round 1 tierA                            bs64x4    warm      5.56 timed      5.22      5.46      5.24 ms
[12:09:46]   round 1 tierA                            bs128x2   warm      5.44 timed      5.13      5.24      5.17 ms
[12:09:46]   round 1 tierA                            bs256x1   warm      5.67 timed      6.02      6.02      5.35 ms
[12:09:46]   round 1 plain                            bs64x4    warm      5.36 timed      5.01      5.02      5.04 ms
[12:09:46]   round 1 plain                            bs32x8    warm      4.91 timed      5.20      4.53      4.59 ms
[12:09:46]   round 1 plain                            bs128x2   warm      5.18 timed      5.01      5.04      4.92 ms
[12:09:46]   round 1 plain                            bs256x1   warm      5.29 timed      5.00      4.97      4.97 ms
[12:09:46]   round 1 opt:other_small=0 state=local    bs32x8    warm      5.02 timed      4.72      4.66      4.74 ms
[12:09:46]   round 1 opt:other_small=0 state=local    bs32x7    warm      5.48 timed      5.06      5.01      5.32 ms
[12:09:46]   round 1 opt:other_small=0 state=local    bs32x6    warm      5.08 timed      5.03      5.35      5.08 ms
[12:09:46]   capped opt:other_small=0 state=local bs32x1 warm 16.64 ms > 3.0x floor 4.53
[12:09:46]   round 1 opt:other_small=0 state=local    bs64x4    warm      5.20 timed      5.23      5.21      5.20 ms
[12:09:46]   round 1 opt:other_small=0 state=local    bs64x3    warm      5.36 timed      5.58      5.35      5.25 ms
[12:09:46]   round 1 opt:other_small=0 state=local    bs64x2    warm      5.25 timed      5.50      5.21      5.18 ms
[12:09:46]   round 1 opt:other_small=0 state=local    bs64x1    warm      9.15 timed      8.89      8.87      8.89 ms
[12:09:46]   round 1 opt:other_small=0 state=local    bs128x2   warm      5.28 timed      5.37      5.25      5.23 ms
[12:09:47]   round 1 opt:other_small=0 state=local    bs128x1   warm      5.28 timed      5.31      5.35      5.24 ms
[12:09:47]   round 1 opt:other_small=0 state=local    bs256x1   warm      5.58 timed      5.32      5.29      5.55 ms
[12:09:47]   round 1 opt:other_small=0 state=shared   bs32x8    warm      4.71 timed      4.72      4.68      4.97 ms
[12:09:47]   round 1 opt:other_small=0 state=shared   bs64x4    warm      5.26 timed      5.18      5.27      5.23 ms
[12:09:47]   round 1 opt:other_small=0 state=shared   bs128x2   warm      5.47 timed      5.48      5.28      5.55 ms
[12:09:47]   round 1 opt:other_small=0 state=shared   bs256x1   warm      5.69 timed      5.27      5.66      5.37 ms
[12:09:47]   round 1 opt:other_small=1 state=local stage_rhs=shared bs32x8    warm      4.99 timed      4.78      4.69      4.74 ms
[12:09:47]   round 1 opt:other_small=1 state=local stage_rhs=shared bs64x4    warm      5.01 timed      5.35      5.13      5.01 ms
[12:09:47]   round 1 opt:other_small=1 state=local stage_rhs=shared bs128x2   warm      5.23 timed      5.07      5.05      5.38 ms
[12:09:47]   round 1 opt:other_small=1 state=local stage_rhs=shared bs256x1   warm      5.18 timed      5.10      5.39      5.13 ms
[12:09:47]   round 1 o1+stage_accumulator=shared      bs32x2    warm      9.91 timed      9.97      9.80      9.73 ms
[12:09:47]   round 1 o1+stage_accumulator=shared      bs64x1    warm      9.96 timed     10.09      9.73      9.97 ms
[12:09:47]   round 2 o1+stage_accumulator=shared      bs64x1    warm      9.71 timed      9.68      9.64     10.27 ms
[12:09:47]   round 2 o1+stage_accumulator=shared      bs32x2    warm      9.65 timed     10.23      9.66      9.67 ms
[12:09:47]   round 2 opt:other_small=1 state=local stage_rhs=shared bs256x1   warm      5.09 timed      5.40      5.55      5.17 ms
[12:09:47]   round 2 opt:other_small=1 state=local stage_rhs=shared bs128x2   warm      5.27 timed      5.03      4.93      5.03 ms
[12:09:47]   round 2 opt:other_small=1 state=local stage_rhs=shared bs64x4    warm      5.13 timed      5.61      5.03      4.91 ms
[12:09:47]   round 2 opt:other_small=1 state=local stage_rhs=shared bs32x8    warm      4.50 timed      4.87      4.56      4.55 ms
[12:09:47]   round 2 opt:other_small=0 state=shared   bs256x1   warm      5.24 timed      5.22      6.18      5.33 ms
[12:09:47]   round 2 opt:other_small=0 state=shared   bs128x2   warm      5.91 timed      5.65      5.86      5.99 ms
[12:09:47]   round 2 opt:other_small=0 state=shared   bs64x4    warm      5.24 timed      5.20      5.51      5.14 ms
[12:09:47]   round 2 opt:other_small=0 state=shared   bs32x8    warm      4.66 timed      4.74      4.69      4.67 ms
[12:09:47]   round 2 opt:other_small=0 state=local    bs256x1   warm      5.34 timed      5.31      5.51      5.69 ms
[12:09:47]   round 2 opt:other_small=0 state=local    bs128x1   warm      5.26 timed      5.23      5.85      5.25 ms
[12:09:47]   round 2 opt:other_small=0 state=local    bs128x2   warm      5.40 timed      5.30      5.55      5.24 ms
[12:09:47]   round 2 opt:other_small=0 state=local    bs64x1    warm      9.15 timed      8.90     10.03      8.92 ms
[12:09:47]   round 2 opt:other_small=0 state=local    bs64x2    warm      5.48 timed      5.20      5.16      5.28 ms
[12:09:47]   round 2 opt:other_small=0 state=local    bs64x3    warm      5.46 timed      5.27      5.60      5.65 ms
[12:09:47]   round 2 opt:other_small=0 state=local    bs64x4    warm      5.20 timed      5.49      5.24      5.17 ms
[12:09:47]   round 2 opt:other_small=0 state=local    bs32x6    warm      5.16 timed      5.03      5.05      5.31 ms
[12:09:47]   round 2 opt:other_small=0 state=local    bs32x7    warm      5.10 timed      5.33      5.41      5.39 ms
[12:09:47]   round 2 opt:other_small=0 state=local    bs32x8    warm      4.72 timed      4.72      4.69      4.74 ms
[12:09:47]   round 2 plain                            bs256x1   warm      5.26 timed      4.99      4.98      4.96 ms
[12:09:47]   round 2 plain                            bs128x2   warm      5.23 timed      4.94      5.13      4.88 ms
[12:09:47]   round 2 plain                            bs32x8    warm      4.43 timed      4.46      4.41      4.64 ms
[12:09:48]   round 2 plain                            bs64x4    warm      4.87 timed      4.91      4.89      4.90 ms
[12:09:48]   round 2 tierA                            bs256x1   warm      5.14 timed      5.13      5.20      5.13 ms
[12:09:48]   round 2 tierA                            bs128x2   warm      5.08 timed      5.07      5.31      5.05 ms
[12:09:48]   round 2 tierA                            bs64x4    warm      5.12 timed      5.32      5.05      5.05 ms
[12:09:48]   round 2 tierA                            bs32x8    warm      5.13 timed      4.62      4.82      4.97 ms
[12:09:48]   round 3 o1+stage_accumulator=shared      bs64x1    warm      9.88 timed      9.67      9.96     10.06 ms
[12:09:48]   round 3 o1+stage_accumulator=shared      bs32x2    warm      9.83 timed     10.22      9.98      9.65 ms
[12:09:48]   round 3 opt:other_small=1 state=local stage_rhs=shared bs256x1   warm      5.22 timed      5.39      5.11      5.08 ms
[12:09:48]   round 3 opt:other_small=1 state=local stage_rhs=shared bs128x2   warm      4.95 timed      5.44      5.48      5.41 ms
[12:09:48]   round 3 opt:other_small=1 state=local stage_rhs=shared bs64x4    warm      5.03 timed      4.91      5.15      4.93 ms
[12:09:48]   round 3 opt:other_small=1 state=local stage_rhs=shared bs32x8    warm      4.52 timed      4.66      4.60      4.88 ms
[12:09:48]   round 3 opt:other_small=0 state=shared   bs256x1   warm      5.34 timed      5.61      5.36      5.33 ms
[12:09:48]   round 3 opt:other_small=0 state=shared   bs128x2   warm      5.89 timed      5.38      5.24      5.77 ms
[12:09:48]   round 3 opt:other_small=0 state=shared   bs64x4    warm      5.50 timed      5.14      5.19      5.45 ms
[12:09:48]   round 3 opt:other_small=0 state=shared   bs32x8    warm      4.70 timed      4.85      4.89      4.66 ms
[12:09:48]   round 3 opt:other_small=0 state=local    bs256x1   warm      5.26 timed      5.57      5.28      5.49 ms
[12:09:48]   round 3 opt:other_small=0 state=local    bs128x1   warm      5.19 timed      6.33      5.33      5.55 ms
[12:09:48]   round 3 opt:other_small=0 state=local    bs128x2   warm      5.23 timed      5.62      5.57      5.24 ms
[12:09:48]   round 3 opt:other_small=0 state=local    bs64x1    warm      8.83 timed      9.08      8.98      9.00 ms
[12:09:48]   round 3 opt:other_small=0 state=local    bs64x2    warm      5.50 timed      5.32      5.52      5.23 ms
[12:09:48]   round 3 opt:other_small=0 state=local    bs64x3    warm      5.39 timed      5.30      6.16      5.75 ms
[12:09:48]   round 3 opt:other_small=0 state=local    bs64x4    warm      5.81 timed      5.61      5.19      5.20 ms
[12:09:48]   round 3 opt:other_small=0 state=local    bs32x6    warm      5.33 timed      5.08      5.03      5.37 ms
[12:09:48]   round 3 opt:other_small=0 state=local    bs32x7    warm      5.62 timed      5.05      4.99      4.98 ms
[12:09:48]   round 3 opt:other_small=0 state=local    bs32x8    warm      4.70 timed      4.64      4.71      4.74 ms
[12:09:48]   round 3 plain                            bs256x1   warm      5.32 timed      5.16      5.11      5.07 ms
[12:09:48]   round 3 plain                            bs128x2   warm      5.13 timed      4.99      4.92      5.12 ms
[12:09:48]   round 3 plain                            bs32x8    warm      4.43 timed      4.40      4.68      4.45 ms
[12:09:48]   round 3 plain                            bs64x4    warm      4.97 timed      4.97      4.91      5.19 ms
[12:09:48]   round 3 tierA                            bs256x1   warm      5.31 timed      5.57      5.26      5.56 ms
[12:09:48]   round 3 tierA                            bs128x2   warm      5.10 timed      5.07      5.37      5.07 ms
[12:09:48]   round 3 tierA                            bs64x4    warm      5.06 timed      5.37      5.11      5.06 ms
[12:09:48]   round 3 tierA                            bs32x8    warm      4.69 timed      4.81      5.39      4.84 ms
[12:09:48]   round 4 o1+stage_accumulator=shared      bs64x1    warm      9.74 timed      9.98      9.71     10.07 ms
[12:09:48]   round 4 o1+stage_accumulator=shared      bs32x2    warm      9.70 timed      9.72     10.02      9.94 ms
[12:09:49]   round 4 opt:other_small=1 state=local stage_rhs=shared bs256x1   warm      5.14 timed      5.05      5.30      5.60 ms
[12:09:49]   round 4 opt:other_small=1 state=local stage_rhs=shared bs128x2   warm      4.95 timed      4.95      5.25      4.95 ms
[12:09:49]   round 4 opt:other_small=1 state=local stage_rhs=shared bs64x4    warm      4.90 timed      5.30      4.93      4.91 ms
[12:09:49]   round 4 opt:other_small=1 state=local stage_rhs=shared bs32x8    warm      4.47 timed      4.49      5.27      4.84 ms
[12:09:49]   round 4 opt:other_small=0 state=shared   bs256x1   warm      5.22 timed      5.48      5.21      5.34 ms
[12:09:49]   round 4 opt:other_small=0 state=shared   bs128x2   warm      5.44 timed      5.27      5.24      5.23 ms
[12:09:49]   round 4 opt:other_small=0 state=shared   bs64x4    warm      5.50 timed      5.21      5.18      5.13 ms
[12:09:49]   round 4 opt:other_small=0 state=shared   bs32x8    warm      4.98 timed      4.79      4.68      4.94 ms
[12:09:49]   round 4 opt:other_small=0 state=local    bs256x1   warm      5.25 timed      5.27      5.52      5.27 ms
[12:09:49]   round 4 opt:other_small=0 state=local    bs128x1   warm      5.22 timed      5.31      5.69      5.22 ms
[12:09:49]   round 4 opt:other_small=0 state=local    bs128x2   warm      5.22 timed      5.64      5.25      5.29 ms
[12:09:49]   round 4 opt:other_small=0 state=local    bs64x1    warm      9.13 timed      9.37      9.37      8.90 ms
[12:09:49]   round 4 opt:other_small=0 state=local    bs64x2    warm      5.20 timed      5.23      5.53      5.25 ms
[12:09:49]   round 4 opt:other_small=0 state=local    bs64x3    warm      5.34 timed      5.50      5.54      5.34 ms
[12:09:49]   round 4 opt:other_small=0 state=local    bs64x4    warm      5.21 timed      5.34      5.34      6.16 ms
[12:09:49]   round 4 opt:other_small=0 state=local    bs32x6    warm      5.11 timed      5.37      5.59      5.31 ms
[12:09:49]   round 4 opt:other_small=0 state=local    bs32x7    warm      5.06 timed      5.16      5.37      5.21 ms
[12:09:49]   round 4 opt:other_small=0 state=local    bs32x8    warm      4.76 timed      4.93      4.76      4.83 ms
[12:09:49]   round 4 plain                            bs256x1   warm      5.35 timed      5.27      5.11      5.45 ms
[12:09:49]   round 4 plain                            bs128x2   warm      4.90 timed      5.00      4.98      4.97 ms
[12:09:49]   round 4 plain                            bs32x8    warm      4.53 timed      4.55      4.73      4.57 ms
[12:09:49]   round 4 plain                            bs64x4    warm      4.92 timed      4.90      4.92      5.74 ms
[12:09:49]   round 4 tierA                            bs256x1   warm      6.01 timed      5.27      5.66      5.66 ms
[12:09:49]   round 4 tierA                            bs128x2   warm      6.15 timed      5.28      5.66      5.24 ms
[12:09:49]   round 4 tierA                            bs64x4    warm      5.49 timed      5.26      5.24      5.99 ms
[12:09:49]   round 4 tierA                            bs32x8    warm      5.40 timed      5.38      5.02      4.84 ms
[12:09:49] lorenz96_40/dormand-prince-54 tierA                            bs32x8     blk/SM  8 best     4.617 ms
[12:09:49] lorenz96_40/dormand-prince-54 tierA                            bs64x4     blk/SM  4 best     5.047 ms
[12:09:49] lorenz96_40/dormand-prince-54 tierA                            bs128x2    blk/SM  2 best     5.053 ms
[12:09:49] lorenz96_40/dormand-prince-54 tierA                            bs256x1    blk/SM  1 best     5.129 ms
[12:09:49] lorenz96_40/dormand-prince-54 plain                            bs64x4     blk/SM  4 best     4.888 ms
[12:09:49] lorenz96_40/dormand-prince-54 plain                            bs32x8     blk/SM  8 best     4.400 ms
[12:09:49] lorenz96_40/dormand-prince-54 plain                            bs128x2    blk/SM  2 best     4.878 ms
[12:09:49] lorenz96_40/dormand-prince-54 plain                            bs256x1    blk/SM  1 best     4.961 ms
[12:09:49] lorenz96_40/dormand-prince-54 opt:other_small=0 state=local    bs32x8     blk/SM  8 best     4.642 ms
[12:09:49] lorenz96_40/dormand-prince-54 opt:other_small=0 state=local    bs32x7     blk/SM  7 best     4.983 ms
[12:09:49] lorenz96_40/dormand-prince-54 opt:other_small=0 state=local    bs32x6     blk/SM  6 best     5.029 ms
[12:09:49] lorenz96_40/dormand-prince-54 opt:other_small=0 state=local    bs32x1     blk/SM  1 best    16.645 ms capped
[12:09:49] lorenz96_40/dormand-prince-54 opt:other_small=0 state=local    bs64x4     blk/SM  4 best     5.173 ms
[12:09:49] lorenz96_40/dormand-prince-54 opt:other_small=0 state=local    bs64x3     blk/SM  3 best     5.246 ms
[12:09:49] lorenz96_40/dormand-prince-54 opt:other_small=0 state=local    bs64x2     blk/SM  2 best     5.156 ms
[12:09:49] lorenz96_40/dormand-prince-54 opt:other_small=0 state=local    bs64x1     blk/SM  1 best     8.869 ms
[12:09:49] lorenz96_40/dormand-prince-54 opt:other_small=0 state=local    bs128x2    blk/SM  2 best     5.226 ms
[12:09:49] lorenz96_40/dormand-prince-54 opt:other_small=0 state=local    bs128x1    blk/SM  1 best     5.221 ms
[12:09:49] lorenz96_40/dormand-prince-54 opt:other_small=0 state=local    bs256x1    blk/SM  1 best     5.268 ms
[12:09:49] lorenz96_40/dormand-prince-54 opt:other_small=0 state=shared   bs32x8     blk/SM  8 best     4.663 ms
[12:09:49] lorenz96_40/dormand-prince-54 opt:other_small=0 state=shared   bs64x4     blk/SM  4 best     5.126 ms
[12:09:49] lorenz96_40/dormand-prince-54 opt:other_small=0 state=shared   bs128x2    blk/SM  2 best     5.232 ms
[12:09:49] lorenz96_40/dormand-prince-54 opt:other_small=0 state=shared   bs256x1    blk/SM  1 best     5.214 ms
[12:09:49] lorenz96_40/dormand-prince-54 opt:other_small=1 state=local stage_rhs=shared bs32x8     blk/SM  8 best     4.488 ms
[12:09:49] lorenz96_40/dormand-prince-54 opt:other_small=1 state=local stage_rhs=shared bs64x4     blk/SM  4 best     4.909 ms
[12:09:49] lorenz96_40/dormand-prince-54 opt:other_small=1 state=local stage_rhs=shared bs128x2    blk/SM  2 best     4.929 ms
[12:09:49] lorenz96_40/dormand-prince-54 opt:other_small=1 state=local stage_rhs=shared bs256x1    blk/SM  1 best     5.048 ms
[12:09:49] lorenz96_40/dormand-prince-54 o1+stage_accumulator=shared      bs32x2     blk/SM  2 best     9.655 ms
[12:09:49] lorenz96_40/dormand-prince-54 o1+stage_accumulator=shared      bs64x1     blk/SM  1 best     9.643 ms
[12:09:49] === lorenz96_40/dormand-prince-54 done in 4.1 s
[12:09:49] === lorenz96_40/dop853 n_runs 32768 duration 16.0 arms 8
[12:09:49]   tierA                            regs 255 frame   920 sass    96 KiB shared/run  164 cells bs32x8 bs32x7 bs32x6 bs32x1 bs64x4 bs64x3 bs64x2 bs64x1 bs128x2 bs128x1 bs256x1 (0.1 s)
[12:09:49]   plain                            regs 255 frame  1584 sass   107 KiB shared/run    0 cells bs64x4 bs32x8 bs32x7 bs32x6 bs32x1 bs64x3 bs64x2 bs64x1 bs128x2 bs128x1 bs256x1 (0.1 s)
[12:09:49]   opt:other_small=1 state=local    alias of plain
[12:09:49]   opt:other_small=1 state=shared   alias of tierA
[12:09:50]   opt:other_small=0 state=local    regs 255 frame  1728 sass    92 KiB shared/run    0 cells bs32x8 bs32x7 bs32x6 bs32x1 bs64x4 bs64x3 bs64x2 bs64x1 bs128x2 bs128x1 bs256x1 (0.1 s)
[12:09:50]   opt:other_small=0 state=shared   regs 255 frame  1376 sass    92 KiB shared/run  164 cells bs32x8 bs32x7 bs32x6 bs32x1 bs64x4 bs64x3 bs64x2 bs64x1 bs128x2 bs128x1 bs256x1 (0.0 s)
[12:09:50]   opt:other_small=1 state=local stage_rhs=shared regs 255 frame  1584 sass   108 KiB shared/run  164 cells bs32x8 bs32x7 bs32x6 bs32x1 bs64x4 bs64x3 bs64x2 bs64x1 bs128x2 bs128x1 bs256x1 (0.0 s)
[12:09:50]   o1+stage_accumulator=shared      regs 255 frame  2576 sass   130 KiB shared/run 1924 cells bs32x1 (0.0 s)
[12:09:50]   round 1 tierA                            bs32x8    warm     11.87 timed     12.27     12.06     11.78 ms
[12:09:50]   round 1 tierA                            bs32x7    warm     12.56 timed     12.51     12.56     12.37 ms
[12:09:50]   round 1 tierA                            bs32x6    warm     13.75 timed     13.19     13.10     13.13 ms
[12:09:50]   capped tierA bs32x1 warm 42.45 ms > 3.0x floor 11.78
[12:09:51]   round 1 tierA                            bs64x4    warm     12.57 timed     12.42     12.37     12.50 ms
[12:09:51]   round 1 tierA                            bs64x3    warm     13.19 timed     12.93     13.12     13.21 ms
[12:09:51]   round 1 tierA                            bs64x2    warm     15.90 timed     15.35     15.44     15.45 ms
[12:09:51]   round 1 tierA                            bs64x1    warm     25.41 timed     24.63     24.49     25.14 ms
[12:09:51]   round 1 tierA                            bs128x2   warm     12.47 timed     12.48     12.96     12.47 ms
[12:09:51]   round 1 tierA                            bs128x1   warm     15.25 timed     15.32     15.49     15.45 ms
[12:09:51]   round 1 tierA                            bs256x1   warm     12.84 timed     12.79     12.99     12.95 ms
[12:09:51]   round 1 plain                            bs64x4    warm     25.39 timed     26.60     24.27     25.34 ms
[12:09:51]   round 1 plain                            bs32x8    warm     25.63 timed     27.01     25.36     25.14 ms
[12:09:51]   round 1 plain                            bs32x7    warm     28.02 timed     28.99     27.50     29.29 ms
[12:09:51]   round 1 plain                            bs32x6    warm     27.44 timed     28.21     27.11     27.49 ms
[12:09:52]   capped plain bs32x1 warm 61.69 ms > 3.0x floor 11.78
[12:09:52]   round 1 plain                            bs64x3    warm     27.84 timed     28.32     27.54     27.48 ms
[12:09:52]   round 1 plain                            bs64x2    warm     29.36 timed     29.55     30.07     31.15 ms
[12:09:52]   capped plain bs64x1 warm 39.22 ms > 3.0x floor 11.78
[12:09:52]   round 1 plain                            bs128x2   warm     25.47 timed     25.51     25.27     25.75 ms
[12:09:52]   round 1 plain                            bs128x1   warm     29.78 timed     29.99     29.71     30.55 ms
[12:09:52]   round 1 plain                            bs256x1   warm     27.48 timed     26.66     26.01     25.62 ms
[12:09:52]   round 1 opt:other_small=0 state=local    bs32x8    warm     13.67 timed     14.07     13.87     13.91 ms
[12:09:52]   round 1 opt:other_small=0 state=local    bs32x7    warm     14.31 timed     15.41     14.57     14.44 ms
[12:09:52]   round 1 opt:other_small=0 state=local    bs32x6    warm     14.59 timed     14.61     14.51     14.77 ms
[12:09:52]   capped opt:other_small=0 state=local bs32x1 warm 41.28 ms > 3.0x floor 11.78
[12:09:53]   round 1 opt:other_small=0 state=local    bs64x4    warm     14.17 timed     14.06     14.23     14.18 ms
[12:09:53]   round 1 opt:other_small=0 state=local    bs64x3    warm     14.46 timed     14.55     14.71     14.54 ms
[12:09:53]   round 1 opt:other_small=0 state=local    bs64x2    warm     17.05 timed     16.66     16.48     16.18 ms
[12:09:53]   round 1 opt:other_small=0 state=local    bs64x1    warm     24.64 timed     24.99     24.66     24.43 ms
[12:09:53]   round 1 opt:other_small=0 state=local    bs128x2   warm     14.61 timed     14.16     14.42     14.66 ms
[12:09:53]   round 1 opt:other_small=0 state=local    bs128x1   warm     16.70 timed     16.57     16.70     16.62 ms
[12:09:53]   round 1 opt:other_small=0 state=local    bs256x1   warm     15.28 timed     14.34     14.59     14.64 ms
[12:09:53]   round 1 opt:other_small=0 state=shared   bs32x8    warm     11.76 timed     11.65     12.60     12.02 ms
[12:09:53]   round 1 opt:other_small=0 state=shared   bs32x7    warm     12.41 timed     12.56     13.15     13.56 ms
[12:09:53]   round 1 opt:other_small=0 state=shared   bs32x6    warm     13.24 timed     12.89     13.11     12.96 ms
[12:09:53]   capped opt:other_small=0 state=shared bs32x1 warm 42.70 ms > 3.0x floor 11.65
[12:09:53]   round 1 opt:other_small=0 state=shared   bs64x4    warm     12.22 timed     12.16     12.45     12.60 ms
[12:09:53]   round 1 opt:other_small=0 state=shared   bs64x3    warm     13.02 timed     13.02     13.31     13.05 ms
[12:09:53]   round 1 opt:other_small=0 state=shared   bs64x2    warm     15.00 timed     15.24     15.21     15.06 ms
[12:09:54]   round 1 opt:other_small=0 state=shared   bs64x1    warm     25.03 timed     24.68     24.47     24.51 ms
[12:09:54]   round 1 opt:other_small=0 state=shared   bs128x2   warm     12.25 timed     12.70     12.81     12.29 ms
[12:09:54]   round 1 opt:other_small=0 state=shared   bs128x1   warm     14.86 timed     15.15     15.89     15.19 ms
[12:09:54]   round 1 opt:other_small=0 state=shared   bs256x1   warm     12.60 timed     12.67     12.64     12.91 ms
[12:09:54]   round 1 opt:other_small=1 state=local stage_rhs=shared bs32x8    warm     26.61 timed     27.38     27.16     27.67 ms
[12:09:54]   round 1 opt:other_small=1 state=local stage_rhs=shared bs32x7    warm     27.61 timed     27.44     27.97     27.67 ms
[12:09:54]   round 1 opt:other_small=1 state=local stage_rhs=shared bs32x6    warm     28.30 timed     27.75     28.01     27.94 ms
[12:09:54]   capped opt:other_small=1 state=local stage_rhs=shared bs32x1 warm 61.35 ms > 3.0x floor 11.65
[12:09:54]   round 1 opt:other_small=1 state=local stage_rhs=shared bs64x4    warm     28.26 timed     27.20     26.48     28.19 ms
[12:09:54]   round 1 opt:other_small=1 state=local stage_rhs=shared bs64x3    warm     27.77 timed     28.29     27.64     27.95 ms
[12:09:55]   round 1 opt:other_small=1 state=local stage_rhs=shared bs64x2    warm     29.78 timed     29.34     29.61     30.15 ms
[12:09:55]   capped opt:other_small=1 state=local stage_rhs=shared bs64x1 warm 38.17 ms > 3.0x floor 11.65
[12:09:55]   round 1 opt:other_small=1 state=local stage_rhs=shared bs128x2   warm     26.92 timed     27.45     27.64     27.12 ms
[12:09:55]   round 1 opt:other_small=1 state=local stage_rhs=shared bs128x1   warm     30.94 timed     30.15     30.31     29.94 ms
[12:09:55]   round 1 opt:other_small=1 state=local stage_rhs=shared bs256x1   warm     27.02 timed     27.84     28.65     27.03 ms
[12:09:55]   capped o1+stage_accumulator=shared bs32x1 warm 64.38 ms > 3.0x floor 11.65
[12:09:55]   round 2 opt:other_small=1 state=local stage_rhs=shared bs256x1   warm     27.85 timed     28.82     27.59     28.27 ms
[12:09:55]   round 2 opt:other_small=1 state=local stage_rhs=shared bs128x1   warm     30.00 timed     29.63     30.51     29.70 ms
[12:09:56]   round 2 opt:other_small=1 state=local stage_rhs=shared bs128x2   warm     26.95 timed     28.05     27.26     27.97 ms
[12:09:56]   round 2 opt:other_small=1 state=local stage_rhs=shared bs64x2    warm     29.87 timed     29.45     29.91     29.69 ms
[12:09:56]   round 2 opt:other_small=1 state=local stage_rhs=shared bs64x3    warm     27.59 timed     29.35     28.16     28.11 ms
[12:09:56]   round 2 opt:other_small=1 state=local stage_rhs=shared bs64x4    warm     26.30 timed     26.91     26.86     27.45 ms
[12:09:56]   round 2 opt:other_small=1 state=local stage_rhs=shared bs32x6    warm     28.39 timed     27.11     28.23     28.09 ms
[12:09:56]   round 2 opt:other_small=1 state=local stage_rhs=shared bs32x7    warm     28.53 timed     29.53     28.01     28.54 ms
[12:09:56]   round 2 opt:other_small=1 state=local stage_rhs=shared bs32x8    warm     27.11 timed     26.58     26.30     27.34 ms
[12:09:56]   round 2 opt:other_small=0 state=shared   bs256x1   warm     12.75 timed     12.47     12.49     12.74 ms
[12:09:56]   round 2 opt:other_small=0 state=shared   bs128x1   warm     15.27 timed     15.21     15.20     15.20 ms
[12:09:56]   round 2 opt:other_small=0 state=shared   bs128x2   warm     13.11 timed     12.27     12.44     12.73 ms
[12:09:57]   round 2 opt:other_small=0 state=shared   bs64x1    warm     24.96 timed     24.33     24.56     24.22 ms
[12:09:57]   round 2 opt:other_small=0 state=shared   bs64x2    warm     15.05 timed     15.19     15.12     15.94 ms
[12:09:57]   round 2 opt:other_small=0 state=shared   bs64x3    warm     12.86 timed     12.91     12.84     12.84 ms
[12:09:57]   round 2 opt:other_small=0 state=shared   bs64x4    warm     12.36 timed     12.37     12.36     12.23 ms
[12:09:57]   round 2 opt:other_small=0 state=shared   bs32x6    warm     12.98 timed     13.01     13.11     12.57 ms
[12:09:57]   round 2 opt:other_small=0 state=shared   bs32x7    warm     12.30 timed     12.30     12.53     12.33 ms
[12:09:57]   round 2 opt:other_small=0 state=shared   bs32x8    warm     12.01 timed     12.22     11.82     12.74 ms
[12:09:57]   round 2 opt:other_small=0 state=local    bs256x1   warm     14.59 timed     14.57     14.73     14.72 ms
[12:09:57]   round 2 opt:other_small=0 state=local    bs128x1   warm     16.91 timed     16.77     16.62     16.77 ms
[12:09:57]   round 2 opt:other_small=0 state=local    bs128x2   warm     15.76 timed     15.55     14.78     14.97 ms
[12:09:57]   round 2 opt:other_small=0 state=local    bs64x1    warm     24.55 timed     24.48     25.05     24.47 ms
[12:09:57]   round 2 opt:other_small=0 state=local    bs64x2    warm     16.87 timed     16.71     16.61     16.58 ms
[12:09:57]   round 2 opt:other_small=0 state=local    bs64x3    warm     14.37 timed     15.33     14.52     14.49 ms
[12:09:57]   round 2 opt:other_small=0 state=local    bs64x4    warm     14.25 timed     14.23     14.04     14.36 ms
[12:09:57]   round 2 opt:other_small=0 state=local    bs32x6    warm     14.70 timed     14.60     14.66     14.72 ms
[12:09:58]   round 2 opt:other_small=0 state=local    bs32x7    warm     14.78 timed     14.32     14.36     14.47 ms
[12:09:58]   round 2 opt:other_small=0 state=local    bs32x8    warm     13.92 timed     14.01     13.79     13.85 ms
[12:09:58]   round 2 plain                            bs256x1   warm     25.90 timed     26.38     25.72     25.61 ms
[12:09:58]   round 2 plain                            bs128x1   warm     30.12 timed     30.64     29.78     29.60 ms
[12:09:58]   round 2 plain                            bs128x2   warm     25.70 timed     25.44     25.89     25.61 ms
[12:09:58]   round 2 plain                            bs64x2    warm     29.58 timed     30.58     30.09     31.93 ms
[12:09:58]   round 2 plain                            bs64x3    warm     30.06 timed     27.72     28.55     27.56 ms
[12:09:58]   round 2 plain                            bs32x6    warm     27.66 timed     27.51     27.58     28.37 ms
[12:09:58]   round 2 plain                            bs32x7    warm     27.89 timed     28.43     30.06     28.26 ms
[12:09:59]   round 2 plain                            bs32x8    warm     26.59 timed     26.39     25.29     25.28 ms
[12:09:59]   round 2 plain                            bs64x4    warm     26.26 timed     24.63     24.94     26.79 ms
[12:09:59]   round 2 tierA                            bs256x1   warm     13.25 timed     13.02     13.01     13.33 ms
[12:09:59]   round 2 tierA                            bs128x1   warm     15.96 timed     16.38     15.96     15.89 ms
[12:09:59]   round 2 tierA                            bs128x2   warm     13.01 timed     12.71     12.66     12.95 ms
[12:09:59]   round 2 tierA                            bs64x1    warm     24.71 timed     24.95     25.07     26.31 ms
[12:09:59]   round 2 tierA                            bs64x2    warm     15.43 timed     15.85     16.21     16.59 ms
[12:09:59]   round 2 tierA                            bs64x3    warm     13.91 timed     13.41     13.52     14.42 ms
[12:09:59]   round 2 tierA                            bs64x4    warm     13.58 timed     13.17     12.47     12.66 ms
[12:09:59]   round 2 tierA                            bs32x6    warm     13.88 timed     13.41     13.32     13.57 ms
[12:09:59]   round 2 tierA                            bs32x7    warm     12.49 timed     12.95     12.70     12.62 ms
[12:09:59]   round 2 tierA                            bs32x8    warm     12.54 timed     12.11     12.27     12.24 ms
[12:09:59]   round 3 opt:other_small=1 state=local stage_rhs=shared bs256x1   warm     29.27 timed     27.41     29.00     27.84 ms
[12:10:00]   round 3 opt:other_small=1 state=local stage_rhs=shared bs128x1   warm     31.23 timed     29.92     30.21     30.85 ms
[12:10:00]   round 3 opt:other_small=1 state=local stage_rhs=shared bs128x2   warm     28.02 timed     27.39     28.86     27.44 ms
[12:10:00]   round 3 opt:other_small=1 state=local stage_rhs=shared bs64x2    warm     31.52 timed     30.79     30.77     31.28 ms
[12:10:00]   round 3 opt:other_small=1 state=local stage_rhs=shared bs64x3    warm     28.10 timed     29.06     28.50     28.64 ms
[12:10:00]   round 3 opt:other_small=1 state=local stage_rhs=shared bs64x4    warm     28.00 timed     28.27     28.70     28.29 ms
[12:10:00]   round 3 opt:other_small=1 state=local stage_rhs=shared bs32x6    warm     29.21 timed     28.22     27.66     28.66 ms
[12:10:00]   round 3 opt:other_small=1 state=local stage_rhs=shared bs32x7    warm     28.20 timed     27.41     28.59     29.21 ms
[12:10:00]   round 3 opt:other_small=1 state=local stage_rhs=shared bs32x8    warm     27.67 timed     28.31     27.57     26.65 ms
[12:10:01]   round 3 opt:other_small=0 state=shared   bs256x1   warm     12.87 timed     12.73     12.77     12.74 ms
[12:10:01]   round 3 opt:other_small=0 state=shared   bs128x1   warm     15.27 timed     15.51     15.29     15.31 ms
[12:10:01]   round 3 opt:other_small=0 state=shared   bs128x2   warm     12.31 timed     13.02     12.40     12.69 ms
[12:10:01]   round 3 opt:other_small=0 state=shared   bs64x1    warm     24.77 timed     24.57     24.48     24.76 ms
[12:10:01]   round 3 opt:other_small=0 state=shared   bs64x2    warm     15.29 timed     15.13     15.37     15.52 ms
[12:10:01]   round 3 opt:other_small=0 state=shared   bs64x3    warm     13.17 timed     13.39     13.80     13.37 ms
[12:10:01]   round 3 opt:other_small=0 state=shared   bs64x4    warm     12.31 timed     12.48     12.60     14.68 ms
[12:10:01]   round 3 opt:other_small=0 state=shared   bs32x6    warm     12.87 timed     13.09     13.13     13.36 ms
[12:10:01]   round 3 opt:other_small=0 state=shared   bs32x7    warm     12.52 timed     12.47     12.80     12.56 ms
[12:10:01]   round 3 opt:other_small=0 state=shared   bs32x8    warm     12.44 timed     12.10     12.02     12.33 ms
[12:10:01]   round 3 opt:other_small=0 state=local    bs256x1   warm     15.15 timed     15.04     14.95     15.17 ms
[12:10:01]   round 3 opt:other_small=0 state=local    bs128x1   warm     17.31 timed     16.97     16.99     16.76 ms
[12:10:01]   round 3 opt:other_small=0 state=local    bs128x2   warm     14.53 timed     14.56     14.48     14.55 ms
[12:10:01]   round 3 opt:other_small=0 state=local    bs64x1    warm     24.85 timed     25.14     24.76     24.88 ms
[12:10:01]   round 3 opt:other_small=0 state=local    bs64x2    warm     17.06 timed     17.73     17.20     17.13 ms
[12:10:02]   round 3 opt:other_small=0 state=local    bs64x3    warm     14.55 timed     14.69     14.93     15.07 ms
[12:10:02]   round 3 opt:other_small=0 state=local    bs64x4    warm     14.29 timed     14.59     14.53     14.44 ms
[12:10:02]   round 3 opt:other_small=0 state=local    bs32x6    warm     14.98 timed     14.64     14.85     14.94 ms
[12:10:02]   round 3 opt:other_small=0 state=local    bs32x7    warm     14.94 timed     14.91     14.35     14.70 ms
[12:10:02]   round 3 opt:other_small=0 state=local    bs32x8    warm     14.21 timed     14.13     14.16     14.60 ms
[12:10:02]   round 3 plain                            bs256x1   warm     26.68 timed     27.20     26.22     27.22 ms
[12:10:02]   round 3 plain                            bs128x1   warm     30.06 timed     30.21     30.50     30.53 ms
[12:10:02]   round 3 plain                            bs128x2   warm     28.29 timed     26.46     26.66     26.70 ms
[12:10:02]   round 3 plain                            bs64x2    warm     30.07 timed     30.83     30.43     30.10 ms
[12:10:02]   round 3 plain                            bs64x3    warm     28.22 timed     28.33     28.45     28.71 ms
[12:10:03]   round 3 plain                            bs32x6    warm     27.25 timed     28.11     28.23     28.39 ms
[12:10:03]   round 3 plain                            bs32x7    warm     28.66 timed     28.28     27.83     28.75 ms
[12:10:03]   round 3 plain                            bs32x8    warm     25.67 timed     25.60     25.54     25.46 ms
[12:10:03]   round 3 plain                            bs64x4    warm     26.04 timed     24.89     24.91     25.70 ms
[12:10:03]   round 3 tierA                            bs256x1   warm     13.10 timed     13.14     13.21     13.68 ms
[12:10:03]   round 3 tierA                            bs128x1   warm     15.88 timed     15.76     15.75     15.88 ms
[12:10:03]   round 3 tierA                            bs128x2   warm     12.78 timed     12.86     13.00     13.35 ms
[12:10:03]   round 3 tierA                            bs64x1    warm     27.24 timed     26.08     25.19     25.14 ms
[12:10:03]   round 3 tierA                            bs64x2    warm     15.85 timed     16.37     15.86     15.92 ms
[12:10:03]   round 3 tierA                            bs64x3    warm     13.04 timed     13.67     13.69     13.20 ms
[12:10:03]   round 3 tierA                            bs64x4    warm     12.79 timed     12.98     12.84     13.03 ms
[12:10:03]   round 3 tierA                            bs32x6    warm     13.34 timed     13.28     13.04     13.21 ms
[12:10:03]   round 3 tierA                            bs32x7    warm     12.67 timed     12.36     12.58     12.65 ms
[12:10:04]   round 3 tierA                            bs32x8    warm     12.20 timed     12.17     12.04     12.10 ms
[12:10:04]   round 4 opt:other_small=1 state=local stage_rhs=shared bs256x1   warm     27.27 timed     28.43     27.19     28.05 ms
[12:10:04]   round 4 opt:other_small=1 state=local stage_rhs=shared bs128x1   warm     30.93 timed     29.84     30.00     30.39 ms
[12:10:04]   round 4 opt:other_small=1 state=local stage_rhs=shared bs128x2   warm     27.42 timed     28.25     27.27     27.66 ms
[12:10:04]   round 4 opt:other_small=1 state=local stage_rhs=shared bs64x2    warm     30.51 timed     29.80     29.78     29.87 ms
[12:10:04]   round 4 opt:other_small=1 state=local stage_rhs=shared bs64x3    warm     28.62 timed     28.85     29.05     29.57 ms
[12:10:04]   round 4 opt:other_small=1 state=local stage_rhs=shared bs64x4    warm     26.57 timed     27.37     27.96     26.95 ms
[12:10:04]   round 4 opt:other_small=1 state=local stage_rhs=shared bs32x6    warm     27.27 timed     27.49     27.93     27.80 ms
[12:10:04]   round 4 opt:other_small=1 state=local stage_rhs=shared bs32x7    warm     28.45 timed     27.61     28.06     28.91 ms
[12:10:05]   round 4 opt:other_small=1 state=local stage_rhs=shared bs32x8    warm     27.28 timed     26.79     26.50     27.16 ms
[12:10:05]   round 4 opt:other_small=0 state=shared   bs256x1   warm     12.29 timed     12.80     12.57     12.49 ms
[12:10:05]   round 4 opt:other_small=0 state=shared   bs128x1   warm     15.46 timed     15.36     15.37     15.57 ms
[12:10:05]   round 4 opt:other_small=0 state=shared   bs128x2   warm     12.66 timed     12.36     12.30     12.29 ms
[12:10:05]   round 4 opt:other_small=0 state=shared   bs64x1    warm     25.96 timed     24.68     24.71     24.55 ms
[12:10:05]   round 4 opt:other_small=0 state=shared   bs64x2    warm     15.08 timed     15.03     15.16     15.02 ms
[12:10:05]   round 4 opt:other_small=0 state=shared   bs64x3    warm     12.95 timed     12.94     14.12     13.67 ms
[12:10:05]   round 4 opt:other_small=0 state=shared   bs64x4    warm     12.23 timed     12.59     13.30     13.84 ms
[12:10:05]   round 4 opt:other_small=0 state=shared   bs32x6    warm     13.39 timed     13.09     12.93     12.72 ms
[12:10:05]   round 4 opt:other_small=0 state=shared   bs32x7    warm     12.20 timed     12.39     13.11     12.27 ms
[12:10:05]   round 4 opt:other_small=0 state=shared   bs32x8    warm     11.86 timed     12.46     12.14     12.13 ms
[12:10:05]   round 4 opt:other_small=0 state=local    bs256x1   warm     14.75 timed     14.70     14.63     14.54 ms
[12:10:05]   round 4 opt:other_small=0 state=local    bs128x1   warm     16.74 timed     16.62     16.66     16.82 ms
[12:10:05]   round 4 opt:other_small=0 state=local    bs128x2   warm     14.39 timed     14.29     14.21     14.17 ms
[12:10:06]   round 4 opt:other_small=0 state=local    bs64x1    warm     24.91 timed     24.23     24.65     24.37 ms
[12:10:06]   round 4 opt:other_small=0 state=local    bs64x2    warm     16.60 timed     16.78     17.30     17.45 ms
[12:10:06]   round 4 opt:other_small=0 state=local    bs64x3    warm     14.46 timed     14.65     14.50     14.72 ms
[12:10:06]   round 4 opt:other_small=0 state=local    bs64x4    warm     14.35 timed     14.59     14.18     14.20 ms
[12:10:06]   round 4 opt:other_small=0 state=local    bs32x6    warm     15.05 timed     14.68     14.63     14.67 ms
[12:10:06]   round 4 opt:other_small=0 state=local    bs32x7    warm     14.46 timed     14.56     14.86     14.53 ms
[12:10:06]   round 4 opt:other_small=0 state=local    bs32x8    warm     13.82 timed     13.85     13.83     14.46 ms
[12:10:06]   round 4 plain                            bs256x1   warm     25.85 timed     26.08     26.46     27.43 ms
[12:10:06]   round 4 plain                            bs128x1   warm     30.49 timed     29.65     29.67     30.30 ms
[12:10:06]   round 4 plain                            bs128x2   warm     25.91 timed     25.77     25.74     25.74 ms
[12:10:06]   round 4 plain                            bs64x2    warm     30.01 timed     29.63     30.47     29.63 ms
[12:10:07]   round 4 plain                            bs64x3    warm     27.82 timed     27.50     28.55     27.70 ms
[12:10:07]   round 4 plain                            bs32x6    warm     28.21 timed     27.36     29.57     27.75 ms
[12:10:07]   round 4 plain                            bs32x7    warm     27.89 timed     27.69     28.42     27.84 ms
[12:10:07]   round 4 plain                            bs32x8    warm     25.56 timed     26.50     24.81     24.84 ms
[12:10:07]   round 4 plain                            bs64x4    warm     25.35 timed     24.90     25.42     25.52 ms
[12:10:07]   round 4 tierA                            bs256x1   warm     13.02 timed     12.98     13.63     13.55 ms
[12:10:07]   round 4 tierA                            bs128x1   warm     16.91 timed     16.14     15.62     15.34 ms
[12:10:07]   round 4 tierA                            bs128x2   warm     12.61 timed     12.85     12.49     12.39 ms
[12:10:07]   round 4 tierA                            bs64x1    warm     25.47 timed     24.79     24.80     24.51 ms
[12:10:07]   round 4 tierA                            bs64x2    warm     15.47 timed     16.32     15.60     15.25 ms
[12:10:07]   round 4 tierA                            bs64x3    warm     13.09 timed     12.99     13.07     13.75 ms
[12:10:07]   round 4 tierA                            bs64x4    warm     12.47 timed     12.39     12.57     12.61 ms
[12:10:08]   round 4 tierA                            bs32x6    warm     13.39 timed     12.93     13.19     13.03 ms
[12:10:08]   round 4 tierA                            bs32x7    warm     13.35 timed     13.35     12.52     12.54 ms
[12:10:08]   round 4 tierA                            bs32x8    warm     12.14 timed     12.28     12.39     12.40 ms
[12:10:08] lorenz96_40/dop853 tierA                            bs32x8     blk/SM  8 best    11.778 ms
[12:10:08] lorenz96_40/dop853 tierA                            bs32x7     blk/SM  7 best    12.363 ms
[12:10:08] lorenz96_40/dop853 tierA                            bs32x6     blk/SM  6 best    12.929 ms
[12:10:08] lorenz96_40/dop853 tierA                            bs32x1     blk/SM  1 best    42.453 ms capped
[12:10:08] lorenz96_40/dop853 tierA                            bs64x4     blk/SM  4 best    12.368 ms
[12:10:08] lorenz96_40/dop853 tierA                            bs64x3     blk/SM  3 best    12.930 ms
[12:10:08] lorenz96_40/dop853 tierA                            bs64x2     blk/SM  2 best    15.253 ms
[12:10:08] lorenz96_40/dop853 tierA                            bs64x1     blk/SM  1 best    24.490 ms
[12:10:08] lorenz96_40/dop853 tierA                            bs128x2    blk/SM  2 best    12.392 ms
[12:10:08] lorenz96_40/dop853 tierA                            bs128x1    blk/SM  1 best    15.316 ms
[12:10:08] lorenz96_40/dop853 tierA                            bs256x1    blk/SM  1 best    12.790 ms
[12:10:08] lorenz96_40/dop853 plain                            bs64x4     blk/SM  4 best    24.266 ms
[12:10:08] lorenz96_40/dop853 plain                            bs32x8     blk/SM  8 best    24.811 ms
[12:10:08] lorenz96_40/dop853 plain                            bs32x7     blk/SM  7 best    27.499 ms
[12:10:08] lorenz96_40/dop853 plain                            bs32x6     blk/SM  6 best    27.114 ms
[12:10:08] lorenz96_40/dop853 plain                            bs32x1     blk/SM  1 best    61.685 ms capped
[12:10:08] lorenz96_40/dop853 plain                            bs64x3     blk/SM  3 best    27.483 ms
[12:10:08] lorenz96_40/dop853 plain                            bs64x2     blk/SM  2 best    29.547 ms
[12:10:08] lorenz96_40/dop853 plain                            bs64x1     blk/SM  1 best    39.225 ms capped
[12:10:08] lorenz96_40/dop853 plain                            bs128x2    blk/SM  2 best    25.267 ms
[12:10:08] lorenz96_40/dop853 plain                            bs128x1    blk/SM  1 best    29.599 ms
[12:10:08] lorenz96_40/dop853 plain                            bs256x1    blk/SM  1 best    25.610 ms
[12:10:08] lorenz96_40/dop853 opt:other_small=0 state=local    bs32x8     blk/SM  8 best    13.791 ms
[12:10:08] lorenz96_40/dop853 opt:other_small=0 state=local    bs32x7     blk/SM  7 best    14.316 ms
[12:10:08] lorenz96_40/dop853 opt:other_small=0 state=local    bs32x6     blk/SM  6 best    14.514 ms
[12:10:08] lorenz96_40/dop853 opt:other_small=0 state=local    bs32x1     blk/SM  1 best    41.282 ms capped
[12:10:08] lorenz96_40/dop853 opt:other_small=0 state=local    bs64x4     blk/SM  4 best    14.041 ms
[12:10:08] lorenz96_40/dop853 opt:other_small=0 state=local    bs64x3     blk/SM  3 best    14.489 ms
[12:10:08] lorenz96_40/dop853 opt:other_small=0 state=local    bs64x2     blk/SM  2 best    16.182 ms
[12:10:08] lorenz96_40/dop853 opt:other_small=0 state=local    bs64x1     blk/SM  1 best    24.227 ms
[12:10:08] lorenz96_40/dop853 opt:other_small=0 state=local    bs128x2    blk/SM  2 best    14.160 ms
[12:10:08] lorenz96_40/dop853 opt:other_small=0 state=local    bs128x1    blk/SM  1 best    16.574 ms
[12:10:08] lorenz96_40/dop853 opt:other_small=0 state=local    bs256x1    blk/SM  1 best    14.343 ms
[12:10:08] lorenz96_40/dop853 opt:other_small=0 state=shared   bs32x8     blk/SM  8 best    11.646 ms
[12:10:08] lorenz96_40/dop853 opt:other_small=0 state=shared   bs32x7     blk/SM  7 best    12.267 ms
[12:10:08] lorenz96_40/dop853 opt:other_small=0 state=shared   bs32x6     blk/SM  6 best    12.570 ms
[12:10:08] lorenz96_40/dop853 opt:other_small=0 state=shared   bs32x1     blk/SM  1 best    42.698 ms capped
[12:10:08] lorenz96_40/dop853 opt:other_small=0 state=shared   bs64x4     blk/SM  4 best    12.156 ms
[12:10:08] lorenz96_40/dop853 opt:other_small=0 state=shared   bs64x3     blk/SM  3 best    12.837 ms
[12:10:08] lorenz96_40/dop853 opt:other_small=0 state=shared   bs64x2     blk/SM  2 best    15.023 ms
[12:10:08] lorenz96_40/dop853 opt:other_small=0 state=shared   bs64x1     blk/SM  1 best    24.218 ms
[12:10:08] lorenz96_40/dop853 opt:other_small=0 state=shared   bs128x2    blk/SM  2 best    12.266 ms
[12:10:08] lorenz96_40/dop853 opt:other_small=0 state=shared   bs128x1    blk/SM  1 best    15.154 ms
[12:10:08] lorenz96_40/dop853 opt:other_small=0 state=shared   bs256x1    blk/SM  1 best    12.466 ms
[12:10:08] lorenz96_40/dop853 opt:other_small=1 state=local stage_rhs=shared bs32x8     blk/SM  8 best    26.296 ms
[12:10:08] lorenz96_40/dop853 opt:other_small=1 state=local stage_rhs=shared bs32x7     blk/SM  7 best    27.410 ms
[12:10:08] lorenz96_40/dop853 opt:other_small=1 state=local stage_rhs=shared bs32x6     blk/SM  6 best    27.106 ms
[12:10:08] lorenz96_40/dop853 opt:other_small=1 state=local stage_rhs=shared bs32x1     blk/SM  1 best    61.347 ms capped
[12:10:08] lorenz96_40/dop853 opt:other_small=1 state=local stage_rhs=shared bs64x4     blk/SM  4 best    26.480 ms
[12:10:08] lorenz96_40/dop853 opt:other_small=1 state=local stage_rhs=shared bs64x3     blk/SM  3 best    27.640 ms
[12:10:08] lorenz96_40/dop853 opt:other_small=1 state=local stage_rhs=shared bs64x2     blk/SM  2 best    29.344 ms
[12:10:08] lorenz96_40/dop853 opt:other_small=1 state=local stage_rhs=shared bs64x1     blk/SM  1 best    38.165 ms capped
[12:10:08] lorenz96_40/dop853 opt:other_small=1 state=local stage_rhs=shared bs128x2    blk/SM  2 best    27.117 ms
[12:10:08] lorenz96_40/dop853 opt:other_small=1 state=local stage_rhs=shared bs128x1    blk/SM  1 best    29.634 ms
[12:10:08] lorenz96_40/dop853 opt:other_small=1 state=local stage_rhs=shared bs256x1    blk/SM  1 best    27.029 ms
[12:10:08] lorenz96_40/dop853 o1+stage_accumulator=shared      bs32x1     blk/SM  1 best    64.381 ms capped
[12:10:08] === lorenz96_40/dop853 done in 18.5 s
ERK DONE
