[13:19:12] device NVIDIA GeForce RTX 2060 SUPER cc (7, 5) SMs 34 L2 4 MiB shared/SM 64 KiB opt-in 64 KiB icache 64 KiB
[13:19:12] backend mlir cubie 0.12.0 cache /home/cca79/orca/workspaces/cubie/landscape-2060/generated
[13:19:13] 6 configurations, 48 kernels to compile
[13:19:29]   compiled chain64/cash-karp-54 opt:other_small=1 state=shared     12.5 s 7890aca51d25
[13:19:29]   compiled chain64/cash-karp-54 plain                              13.6 s ccc9b2b02cbd
[13:19:30]   compiled chain64/cash-karp-54 tierA                              14.1 s ccc9b2b02cbd
[13:19:30]   compiled chain64/cash-karp-54 opt:other_small=1 state=local      13.7 s ccc9b2b02cbd
[13:19:41]   compiled chain64/cash-karp-54 opt:other_small=0 state=local      12.4 s b15aacf406d7
[13:19:42]   compiled chain64/cash-karp-54 opt:other_small=1 state=local stage_rhs=shared   12.8 s 6dd98cb7d653
[13:19:43]   compiled chain64/cash-karp-54 opt:other_small=0 state=shared     14.0 s e204af6106f1
[13:19:47]   compiled chain64/cash-karp-54 o1+stage_accumulator=shared        17.4 s 0558c6f1ebba
[13:19:56]   compiled chain64/dormand-prince-54 tierA                              14.7 s 5cba82fb0ced
[13:19:56]   compiled chain64/dormand-prince-54 plain                              13.5 s 5cba82fb0ced
[13:19:57]   compiled chain64/dormand-prince-54 opt:other_small=1 state=local      13.2 s 5cba82fb0ced
[13:19:59]   compiled chain64/dormand-prince-54 opt:other_small=1 state=shared     12.0 s ac72d1b2e276
[13:20:08]   compiled chain64/dormand-prince-54 opt:other_small=0 state=local      12.2 s fea157703f9f
[13:20:08]   compiled chain64/dormand-prince-54 opt:other_small=0 state=shared     12.2 s 285912a64cf1
[13:20:10]   compiled chain64/dormand-prince-54 opt:other_small=1 state=local stage_rhs=shared   13.2 s 3965b50c2c67
[13:20:14]   compiled chain64/dormand-prince-54 o1+stage_accumulator=shared        15.0 s 7f3e96ca49e4
[13:20:44]   compiled chain64/dop853 plain                              36.4 s 299645aaf75a
[13:20:50]   compiled chain64/dop853 tierA                              42.2 s 299645aaf75a
[13:20:50]   compiled chain64/dop853 opt:other_small=1 state=local      40.3 s 299645aaf75a
[13:20:55]   compiled chain64/dop853 opt:other_small=1 state=shared     40.8 s 32780a01c169
[13:21:25]   compiled chain64/dop853 opt:other_small=0 state=local      40.4 s 3fc24781093c
[13:21:27]   compiled chain64/dop853 opt:other_small=1 state=local stage_rhs=shared   36.4 s f05ea04c4c9c
[13:21:29]   compiled chain64/dop853 opt:other_small=0 state=shared     39.4 s d168ecde23da
[13:21:31]   compiled chain32_c8/cash-karp-54 tierA                               6.1 s 4e0fbb8e00a4
[13:21:32]   compiled chain32_c8/cash-karp-54 plain                               5.4 s 4e0fbb8e00a4
[13:21:33]   compiled chain32_c8/cash-karp-54 opt:other_small=1 state=local       3.8 s 4e0fbb8e00a4
[13:21:37]   compiled chain32_c8/cash-karp-54 opt:other_small=1 state=shared      5.8 s 3af8ac67afa0
[13:21:38]   compiled chain32_c8/cash-karp-54 opt:other_small=0 state=local       6.2 s 5727aafd74d4
[13:21:39]   compiled chain32_c8/cash-karp-54 opt:other_small=0 state=shared      5.9 s 517809e89f05
[13:21:50]   compiled chain32_c8/cash-karp-54 opt:other_small=1 state=local stage_rhs=shared    6.7 s 7a0d736126d3
[13:21:51]   compiled chain32_c8/cash-karp-54 o1+stage_accumulator=shared         6.9 s 8d02f9678075
[13:21:52]   compiled chain32_c8/dormand-prince-54 tierA                               6.4 s 61ccadfe3704
[13:21:56]   compiled chain32_c8/dormand-prince-54 plain                               5.9 s 61ccadfe3704
[13:21:57]   compiled chain32_c8/dormand-prince-54 opt:other_small=1 state=local       6.0 s 61ccadfe3704
[13:21:59]   compiled chain32_c8/dormand-prince-54 opt:other_small=1 state=shared      6.9 s 53acd2396a85
[13:22:01]   compiled chain32_c8/dormand-prince-54 opt:other_small=0 state=local       5.6 s 6bcd64982aff
[13:22:04]   compiled chain32_c8/dormand-prince-54 opt:other_small=0 state=shared      7.0 s 3f90d05a95a7
[13:22:05]   compiled chain32_c8/dormand-prince-54 opt:other_small=1 state=local stage_rhs=shared    6.4 s d889bb67541c
[13:22:08]   compiled chain32_c8/dormand-prince-54 o1+stage_accumulator=shared         7.2 s 9c2207dca7f0
[13:22:15]   compiled chain32_c8/dop853 tierA                              10.9 s deb7a55b80dd
[13:22:15]   compiled chain32_c8/dop853 opt:other_small=1 state=shared      0.1 s deb7a55b80dd
[13:22:17]   compiled chain32_c8/dop853 plain                              12.1 s 5e9421d93a94
[13:22:19]   compiled chain32_c8/dop853 opt:other_small=1 state=local      10.7 s 5e9421d93a94
[13:22:26]   compiled chain32_c8/dop853 opt:other_small=0 state=local      11.1 s c2bcfbb61278
[13:22:28]   compiled chain32_c8/dop853 opt:other_small=0 state=shared     10.7 s 7ebe8aacfe3f
[13:22:28]   compiled chain64/dop853 o1+stage_accumulator=shared        93.4 s 2d179fc45717
[13:22:28]   compiled chain32_c8/dop853 opt:other_small=1 state=local stage_rhs=shared    9.4 s 730843d337c1
[13:22:39]   compiled chain32_c8/dop853 o1+stage_accumulator=shared        12.6 s 58e6220b8a1d
[13:22:39] compiles done in 206 s
[13:22:39] === chain64/cash-karp-54 n_runs 262144 duration 51.2 arms 8
[13:22:40]   tierA                            regs 255 frame  1048 sass   118 KiB shared/run    0 cells bs256x1 bs32x8 bs32x7 bs32x6 bs32x1 bs64x4 bs64x3 bs64x2 bs64x1 bs128x2 bs128x1 (0.3 s)
[13:22:40]   plain                            alias of tierA
[13:22:40]   opt:other_small=1 state=local    alias of tierA
[13:22:40]   opt:other_small=1 state=shared   regs 255 frame   920 sass   120 KiB shared/run  260 cells bs32x7 bs32x6 bs32x5 bs32x1 bs64x3 bs64x2 bs64x1 bs128x1 (0.2 s)
[13:22:40]   opt:other_small=0 state=local    regs 255 frame  2192 sass   111 KiB shared/run    0 cells bs256x1 bs32x8 bs32x1 bs32x7 bs32x6 bs64x4 bs64x3 bs64x2 bs64x1 bs128x2 bs128x1 (0.1 s)
[13:22:40]   opt:other_small=0 state=shared   regs 255 frame   896 sass   111 KiB shared/run  260 cells bs32x7 bs32x6 bs32x5 bs32x1 bs64x3 bs64x2 bs64x1 bs128x1 (0.1 s)
[13:22:41]   opt:other_small=1 state=local stage_rhs=shared regs 255 frame  1040 sass   120 KiB shared/run  260 cells bs32x7 bs32x6 bs32x5 bs32x1 bs64x3 bs64x2 bs64x1 bs128x1 (0.1 s)
[13:22:41]   o1+stage_accumulator=shared      regs 255 frame  3016 sass   140 KiB shared/run 1284 cells bs32x1 (0.1 s)
[13:22:50]   round 1 tierA                            bs256x1   warm    493.34 timed    506.38    506.95    500.53 ms
[13:22:52]   round 1 tierA                            bs32x8    warm    515.99 timed    516.60    517.01    516.29 ms
[13:22:54]   round 1 tierA                            bs32x7    warm    527.75 timed    528.49    529.25    528.75 ms
[13:22:57]   round 1 tierA                            bs32x6    warm    537.67 timed    538.70    537.60    538.64 ms
[13:23:01]   round 1 tierA                            bs32x1    warm   1066.24 timed   1065.96   1071.90   1074.23 ms
[13:23:03]   round 1 tierA                            bs64x4    warm    516.34 timed    515.92    515.76    515.27 ms
[13:23:05]   round 1 tierA                            bs64x3    warm    538.69 timed    538.21    537.72    537.74 ms
[13:23:07]   round 1 tierA                            bs64x2    warm    368.51 timed    366.78    364.80    366.51 ms
[13:23:09]   round 1 tierA                            bs64x1    warm    568.54 timed    568.72    568.75    568.50 ms
[13:23:11]   round 1 tierA                            bs128x2   warm    514.52 timed    514.54    514.33    514.40 ms
[13:23:12]   round 1 tierA                            bs128x1   warm    369.31 timed    370.30    397.21    374.80 ms
[13:23:15]   round 1 opt:other_small=1 state=shared   bs32x7    warm    453.09 timed    452.87    453.63    451.96 ms
[13:23:17]   round 1 opt:other_small=1 state=shared   bs32x6    warm    445.68 timed    447.27    446.80    444.69 ms
[13:23:18]   round 1 opt:other_small=1 state=shared   bs32x5    warm    407.46 timed    405.47    408.57    405.98 ms
[13:23:22]   round 1 opt:other_small=1 state=shared   bs32x1    warm   1037.50 timed   1037.20   1038.09   1037.64 ms
[13:23:24]   round 1 opt:other_small=1 state=shared   bs64x3    warm    445.88 timed    445.00    440.57    448.63 ms
[13:23:26]   round 1 opt:other_small=1 state=shared   bs64x2    warm    366.73 timed    362.72    365.60    364.36 ms
[13:23:28]   round 1 opt:other_small=1 state=shared   bs64x1    warm    546.50 timed    546.68    547.14    546.68 ms
[13:23:29]   round 1 opt:other_small=1 state=shared   bs128x1   warm    342.59 timed    344.20    346.04    344.89 ms
[13:23:31]   round 1 opt:other_small=0 state=local    bs256x1   warm    434.05 timed    432.73    434.48    437.58 ms
[13:23:33]   round 1 opt:other_small=0 state=local    bs32x8    warm    443.49 timed    442.28    441.53    443.97 ms
[13:23:35]   capped opt:other_small=0 state=local bs32x1 warm 1049.88 ms > 3.0x floor 344.20
[13:23:37]   round 1 opt:other_small=0 state=local    bs32x7    warm    435.75 timed    431.19    430.00    434.05 ms
[13:23:39]   round 1 opt:other_small=0 state=local    bs32x6    warm    386.99 timed    383.47    383.77    391.59 ms
[13:23:40]   round 1 opt:other_small=0 state=local    bs64x4    warm    442.85 timed    436.86    448.08    436.81 ms
[13:23:42]   round 1 opt:other_small=0 state=local    bs64x3    warm    383.79 timed    382.90    392.90    384.42 ms
[13:23:43]   round 1 opt:other_small=0 state=local    bs64x2    warm    422.71 timed    395.17    391.43    394.16 ms
[13:23:46]   round 1 opt:other_small=0 state=local    bs64x1    warm    564.76 timed    564.54    564.75    564.24 ms
[13:23:47]   round 1 opt:other_small=0 state=local    bs128x2   warm    441.13 timed    439.29    443.57    442.60 ms
[13:23:49]   round 1 opt:other_small=0 state=local    bs128x1   warm    406.82 timed    390.58    403.19    395.32 ms
[13:23:51]   round 1 opt:other_small=0 state=shared   bs32x7    warm    445.69 timed    445.17    445.16    445.45 ms
[13:23:53]   round 1 opt:other_small=0 state=shared   bs32x6    warm    438.89 timed    437.68    434.08    439.80 ms
[13:23:54]   round 1 opt:other_small=0 state=shared   bs32x5    warm    311.45 timed    308.88    311.20    320.60 ms
[13:23:56]   capped opt:other_small=0 state=shared bs32x1 warm 1045.57 ms > 3.0x floor 308.88
[13:23:58]   round 1 opt:other_small=0 state=shared   bs64x3    warm    437.83 timed    439.98    440.11    438.72 ms
[13:23:59]   round 1 opt:other_small=0 state=shared   bs64x2    warm    320.54 timed    322.88    319.72    323.93 ms
[13:24:02]   round 1 opt:other_small=0 state=shared   bs64x1    warm    555.57 timed    551.01    551.84    552.71 ms
[13:24:03]   round 1 opt:other_small=0 state=shared   bs128x1   warm    317.84 timed    317.98    320.43    318.65 ms
[13:24:06]   round 1 opt:other_small=1 state=local stage_rhs=shared bs32x7    warm    520.25 timed    520.16    520.50    521.06 ms
[13:24:08]   round 1 opt:other_small=1 state=local stage_rhs=shared bs32x6    warm    532.67 timed    531.51    532.33    531.52 ms
[13:24:10]   round 1 opt:other_small=1 state=local stage_rhs=shared bs32x5    warm    544.45 timed    542.14    544.49    542.10 ms
[13:24:12]   capped opt:other_small=1 state=local stage_rhs=shared bs32x1 warm 1072.91 ms > 3.0x floor 308.88
[13:24:14]   round 1 opt:other_small=1 state=local stage_rhs=shared bs64x3    warm    543.84 timed    531.57    531.02    533.44 ms
[13:24:16]   round 1 opt:other_small=1 state=local stage_rhs=shared bs64x2    warm    384.41 timed    414.69    383.75    373.11 ms
[13:24:18]   round 1 opt:other_small=1 state=local stage_rhs=shared bs64x1    warm    570.83 timed    568.70    568.24    568.64 ms
[13:24:20]   round 1 opt:other_small=1 state=local stage_rhs=shared bs128x1   warm    512.79 timed    515.11    514.89    514.12 ms
[13:24:24]   capped o1+stage_accumulator=shared bs32x1 warm 1325.84 ms > 3.0x floor 308.88
[13:24:27]   round 2 opt:other_small=1 state=local stage_rhs=shared bs128x1   warm    511.97 timed    514.70    512.86    514.54 ms
[13:24:29]   round 2 opt:other_small=1 state=local stage_rhs=shared bs64x1    warm    567.54 timed    568.41    568.11    567.99 ms
[13:24:31]   round 2 opt:other_small=1 state=local stage_rhs=shared bs64x2    warm    488.35 timed    376.14    401.97    381.95 ms
[13:24:33]   round 2 opt:other_small=1 state=local stage_rhs=shared bs64x3    warm    532.27 timed    533.29    533.56    532.50 ms
[13:24:35]   round 2 opt:other_small=1 state=local stage_rhs=shared bs32x5    warm    541.69 timed    539.10    542.78    540.84 ms
[13:24:37]   round 2 opt:other_small=1 state=local stage_rhs=shared bs32x6    warm    531.83 timed    531.00    530.66    532.18 ms
[13:24:39]   round 2 opt:other_small=1 state=local stage_rhs=shared bs32x7    warm    519.84 timed    519.60    520.00    520.86 ms
[13:24:41]   round 2 opt:other_small=0 state=shared   bs128x1   warm    317.35 timed    317.26    317.34    316.38 ms
[13:24:43]   round 2 opt:other_small=0 state=shared   bs64x1    warm    553.69 timed    553.17    575.30    552.04 ms
[13:24:44]   round 2 opt:other_small=0 state=shared   bs64x2    warm    322.02 timed    324.32    323.08    324.21 ms
[13:24:46]   round 2 opt:other_small=0 state=shared   bs64x3    warm    439.38 timed    435.77    434.42    437.43 ms
[13:24:47]   round 2 opt:other_small=0 state=shared   bs32x5    warm    308.12 timed    308.22    325.53    309.93 ms
[13:24:49]   round 2 opt:other_small=0 state=shared   bs32x6    warm    439.40 timed    440.36    438.67    441.13 ms
[13:24:51]   round 2 opt:other_small=0 state=shared   bs32x7    warm    445.94 timed    446.69    445.69    445.22 ms
[13:24:53]   round 2 opt:other_small=0 state=local    bs128x1   warm    397.19 timed    400.34    397.88    395.11 ms
[13:24:55]   round 2 opt:other_small=0 state=local    bs128x2   warm    440.53 timed    446.45    446.27    442.30 ms
[13:24:57]   round 2 opt:other_small=0 state=local    bs64x1    warm    564.77 timed    564.66    565.16    564.63 ms
[13:24:58]   round 2 opt:other_small=0 state=local    bs64x2    warm    391.30 timed    389.71    390.40    388.49 ms
[13:25:00]   round 2 opt:other_small=0 state=local    bs64x3    warm    380.69 timed    383.78    386.87    379.02 ms
[13:25:02]   round 2 opt:other_small=0 state=local    bs64x4    warm    442.36 timed    442.26    439.31    442.90 ms
[13:25:03]   round 2 opt:other_small=0 state=local    bs32x6    warm    382.80 timed    383.61    389.58    388.97 ms
[13:25:05]   round 2 opt:other_small=0 state=local    bs32x7    warm    430.75 timed    429.59    427.83    432.76 ms
[13:25:07]   round 2 opt:other_small=0 state=local    bs32x8    warm    440.52 timed    444.72    441.17    436.56 ms
[13:25:09]   round 2 opt:other_small=0 state=local    bs256x1   warm    437.01 timed    436.25    434.86    435.48 ms
[13:25:10]   round 2 opt:other_small=1 state=shared   bs128x1   warm    345.47 timed    344.19    345.52    346.07 ms
[13:25:12]   round 2 opt:other_small=1 state=shared   bs64x1    warm    545.75 timed    545.76    545.67    566.01 ms
[13:25:14]   round 2 opt:other_small=1 state=shared   bs64x2    warm    351.79 timed    351.65    341.71    342.36 ms
[13:25:16]   round 2 opt:other_small=1 state=shared   bs64x3    warm    447.13 timed    445.37    445.45    444.66 ms
[13:25:20]   round 2 opt:other_small=1 state=shared   bs32x1    warm   1036.24 timed   1037.11   1036.18   1036.71 ms
[13:25:21]   round 2 opt:other_small=1 state=shared   bs32x5    warm    405.14 timed    405.64    402.91    406.06 ms
[13:25:23]   round 2 opt:other_small=1 state=shared   bs32x6    warm    444.76 timed    443.88    446.07    444.53 ms
[13:25:25]   round 2 opt:other_small=1 state=shared   bs32x7    warm    452.35 timed    454.21    451.82    452.08 ms
[13:25:27]   round 2 tierA                            bs128x1   warm    376.73 timed    372.27    373.26    369.56 ms
[13:25:29]   round 2 tierA                            bs128x2   warm    513.33 timed    514.00    513.61    514.50 ms
[13:25:31]   round 2 tierA                            bs64x1    warm    567.01 timed    567.06    567.48    567.29 ms
[13:25:33]   round 2 tierA                            bs64x2    warm    367.68 timed    374.82    368.20    381.99 ms
[13:25:35]   round 2 tierA                            bs64x3    warm    537.34 timed    538.02    537.21    537.19 ms
[13:25:37]   round 2 tierA                            bs64x4    warm    514.08 timed    514.05    514.75    514.28 ms
[13:25:41]   round 2 tierA                            bs32x1    warm   1064.17 timed   1064.80   1064.38   1069.13 ms
[13:25:43]   round 2 tierA                            bs32x6    warm    538.28 timed    558.59    537.44    536.15 ms
[13:25:46]   round 2 tierA                            bs32x7    warm    527.54 timed    526.89    527.67    527.40 ms
[13:25:48]   round 2 tierA                            bs32x8    warm    515.74 timed    516.28    515.37    516.06 ms
[13:25:50]   round 2 tierA                            bs256x1   warm    509.12 timed    509.38    511.84    497.71 ms
[13:25:52]   round 3 opt:other_small=1 state=local stage_rhs=shared bs128x1   warm    511.79 timed    513.96    513.08    514.59 ms
[13:25:54]   round 3 opt:other_small=1 state=local stage_rhs=shared bs64x1    warm    566.88 timed    567.70    568.62    567.35 ms
[13:25:56]   round 3 opt:other_small=1 state=local stage_rhs=shared bs64x2    warm    493.26 timed    382.38    495.15    389.30 ms
[13:25:58]   round 3 opt:other_small=1 state=local stage_rhs=shared bs64x3    warm    531.94 timed    531.87    531.77    531.87 ms
[13:26:01]   round 3 opt:other_small=1 state=local stage_rhs=shared bs32x5    warm    543.23 timed    541.46    546.76    541.93 ms
[13:26:03]   round 3 opt:other_small=1 state=local stage_rhs=shared bs32x6    warm    531.67 timed    532.09    531.44    531.87 ms
[13:26:05]   round 3 opt:other_small=1 state=local stage_rhs=shared bs32x7    warm    519.60 timed    519.69    519.71    519.51 ms
[13:26:06]   round 3 opt:other_small=0 state=shared   bs128x1   warm    319.11 timed    316.68    317.46    317.16 ms
[13:26:09]   round 3 opt:other_small=0 state=shared   bs64x1    warm    549.39 timed    549.05    557.57    549.83 ms
[13:26:10]   round 3 opt:other_small=0 state=shared   bs64x2    warm    321.38 timed    322.99    324.83    324.36 ms
[13:26:12]   round 3 opt:other_small=0 state=shared   bs64x3    warm    436.93 timed    436.42    436.28    438.55 ms
[13:26:13]   round 3 opt:other_small=0 state=shared   bs32x5    warm    307.55 timed    326.37    320.57    313.95 ms
[13:26:15]   round 3 opt:other_small=0 state=shared   bs32x6    warm    439.64 timed    440.17    439.85    437.55 ms
[13:26:16]   round 3 opt:other_small=0 state=shared   bs32x7    warm    444.87 timed    445.80    445.46    445.50 ms
[13:26:18]   round 3 opt:other_small=0 state=local    bs128x1   warm    396.65 timed    401.82    400.37    399.56 ms
[13:26:20]   round 3 opt:other_small=0 state=local    bs128x2   warm    442.80 timed    445.89    437.28    438.64 ms
[13:26:22]   round 3 opt:other_small=0 state=local    bs64x1    warm    565.67 timed    566.70    565.33    564.71 ms
[13:26:24]   round 3 opt:other_small=0 state=local    bs64x2    warm    392.73 timed    391.32    390.58    393.07 ms
[13:26:26]   round 3 opt:other_small=0 state=local    bs64x3    warm    383.55 timed    380.99    381.57    383.84 ms
[13:26:27]   round 3 opt:other_small=0 state=local    bs64x4    warm    444.88 timed    439.05    437.73    438.27 ms
[13:26:29]   round 3 opt:other_small=0 state=local    bs32x6    warm    387.80 timed    390.29    387.84    385.76 ms
[13:26:31]   round 3 opt:other_small=0 state=local    bs32x7    warm    428.96 timed    427.47    431.80    427.13 ms
[13:26:32]   round 3 opt:other_small=0 state=local    bs32x8    warm    438.60 timed    438.86    435.40    435.75 ms
[13:26:34]   round 3 opt:other_small=0 state=local    bs256x1   warm    436.82 timed    434.50    434.29    441.29 ms
[13:26:36]   round 3 opt:other_small=1 state=shared   bs128x1   warm    344.38 timed    344.49    344.15    345.35 ms
[13:26:38]   round 3 opt:other_small=1 state=shared   bs64x1    warm    546.21 timed    545.93    545.96    545.99 ms
[13:26:39]   round 3 opt:other_small=1 state=shared   bs64x2    warm    340.47 timed    341.51    342.52    344.20 ms
[13:26:41]   round 3 opt:other_small=1 state=shared   bs64x3    warm    442.89 timed    444.43    440.39    446.97 ms
[13:26:45]   round 3 opt:other_small=1 state=shared   bs32x1    warm   1057.94 timed   1044.54   1036.27   1036.22 ms
[13:26:47]   round 3 opt:other_small=1 state=shared   bs32x5    warm    405.97 timed    405.91    407.41    406.42 ms
[13:26:49]   round 3 opt:other_small=1 state=shared   bs32x6    warm    445.09 timed    448.28    441.48    444.73 ms
[13:26:51]   round 3 opt:other_small=1 state=shared   bs32x7    warm    453.48 timed    452.84    452.54    452.93 ms
[13:26:52]   round 3 tierA                            bs128x1   warm    367.91 timed    370.89    364.78    369.49 ms
[13:26:55]   round 3 tierA                            bs128x2   warm    522.18 timed    514.58    513.62    513.65 ms
[13:26:57]   round 3 tierA                            bs64x1    warm    567.40 timed    567.63    567.78    567.78 ms
[13:26:58]   round 3 tierA                            bs64x2    warm    371.90 timed    372.87    373.02    372.00 ms
[13:27:00]   round 3 tierA                            bs64x3    warm    535.05 timed    535.82    539.25    537.65 ms
[13:27:03]   round 3 tierA                            bs64x4    warm    514.76 timed    514.48    514.74    514.42 ms
[13:27:07]   round 3 tierA                            bs32x1    warm   1068.62 timed   1064.21   1065.02   1064.96 ms
[13:27:09]   round 3 tierA                            bs32x6    warm    536.48 timed    537.24    538.41    536.81 ms
[13:27:11]   round 3 tierA                            bs32x7    warm    527.57 timed    526.68    527.42    527.71 ms
[13:27:13]   round 3 tierA                            bs32x8    warm    515.67 timed    539.05    515.53    516.24 ms
[13:27:15]   round 3 tierA                            bs256x1   warm    368.53 timed    480.16    512.09    511.62 ms
[13:27:18]   round 4 opt:other_small=1 state=local stage_rhs=shared bs128x1   warm    514.22 timed    513.40    515.59    513.27 ms
[13:27:20]   round 4 opt:other_small=1 state=local stage_rhs=shared bs64x1    warm    567.21 timed    567.07    567.96    567.37 ms
[13:27:21]   round 4 opt:other_small=1 state=local stage_rhs=shared bs64x2    warm    421.46 timed    404.67    380.80    410.99 ms
[13:27:24]   round 4 opt:other_small=1 state=local stage_rhs=shared bs64x3    warm    532.13 timed    529.70    531.83    531.24 ms
[13:27:26]   round 4 opt:other_small=1 state=local stage_rhs=shared bs32x5    warm    542.10 timed    540.47    541.71    541.86 ms
[13:27:28]   round 4 opt:other_small=1 state=local stage_rhs=shared bs32x6    warm    532.28 timed    531.67    531.83    531.96 ms
[13:27:30]   round 4 opt:other_small=1 state=local stage_rhs=shared bs32x7    warm    519.40 timed    520.31    520.18    519.87 ms
[13:27:32]   round 4 opt:other_small=0 state=shared   bs128x1   warm    318.12 timed    318.24    317.62    316.86 ms
[13:27:34]   round 4 opt:other_small=0 state=shared   bs64x1    warm    551.14 timed    549.87    551.50    551.65 ms
[13:27:35]   round 4 opt:other_small=0 state=shared   bs64x2    warm    325.51 timed    323.10    322.16    322.98 ms
[13:27:37]   round 4 opt:other_small=0 state=shared   bs64x3    warm    436.72 timed    438.88    436.65    436.99 ms
[13:27:38]   round 4 opt:other_small=0 state=shared   bs32x5    warm    312.43 timed    317.37    325.31    327.54 ms
[13:27:40]   round 4 opt:other_small=0 state=shared   bs32x6    warm    440.18 timed    439.99    438.01    439.90 ms
[13:27:42]   round 4 opt:other_small=0 state=shared   bs32x7    warm    445.96 timed    446.12    448.42    446.03 ms
[13:27:44]   round 4 opt:other_small=0 state=local    bs128x1   warm    398.92 timed    394.93    399.79    398.70 ms
[13:27:45]   round 4 opt:other_small=0 state=local    bs128x2   warm    440.69 timed    441.24    445.97    442.16 ms
[13:27:48]   round 4 opt:other_small=0 state=local    bs64x1    warm    565.42 timed    565.71    565.68    564.27 ms
[13:27:49]   round 4 opt:other_small=0 state=local    bs64x2    warm    397.02 timed    397.25    399.60    398.93 ms
[13:27:51]   round 4 opt:other_small=0 state=local    bs64x3    warm    379.73 timed    381.22    382.53    387.05 ms
[13:27:53]   round 4 opt:other_small=0 state=local    bs64x4    warm    437.91 timed    441.74    442.17    440.41 ms
[13:27:54]   round 4 opt:other_small=0 state=local    bs32x6    warm    381.65 timed    388.19    388.16    382.29 ms
[13:27:56]   round 4 opt:other_small=0 state=local    bs32x7    warm    428.84 timed    433.36    431.47    430.35 ms
[13:27:58]   round 4 opt:other_small=0 state=local    bs32x8    warm    441.17 timed    443.27    446.08    440.05 ms
[13:27:59]   round 4 opt:other_small=0 state=local    bs256x1   warm    436.72 timed    440.19    436.81    438.32 ms
[13:28:01]   round 4 opt:other_small=1 state=shared   bs128x1   warm    343.04 timed    345.03    346.19    344.78 ms
[13:28:03]   round 4 opt:other_small=1 state=shared   bs64x1    warm    546.39 timed    547.21    546.77    546.58 ms
[13:28:05]   round 4 opt:other_small=1 state=shared   bs64x2    warm    352.62 timed    357.53    354.83    367.20 ms
[13:28:07]   round 4 opt:other_small=1 state=shared   bs64x3    warm    442.80 timed    441.69    444.37    442.33 ms
[13:28:11]   round 4 opt:other_small=1 state=shared   bs32x1    warm   1036.34 timed   1036.28   1036.51   1036.27 ms
[13:28:12]   round 4 opt:other_small=1 state=shared   bs32x5    warm    408.50 timed    407.54    410.55    430.72 ms
[13:28:14]   round 4 opt:other_small=1 state=shared   bs32x6    warm    445.88 timed    443.86    445.01    444.65 ms
[13:28:16]   round 4 opt:other_small=1 state=shared   bs32x7    warm    452.99 timed    454.08    452.45    452.89 ms
[13:28:18]   round 4 tierA                            bs128x1   warm    367.76 timed    369.77    370.22    371.48 ms
[13:28:20]   round 4 tierA                            bs128x2   warm    513.52 timed    513.95    513.61    513.48 ms
[13:28:22]   round 4 tierA                            bs64x1    warm    566.42 timed    566.92    567.15    567.02 ms
[13:28:24]   round 4 tierA                            bs64x2    warm    370.87 timed    367.89    374.07    382.22 ms
[13:28:26]   round 4 tierA                            bs64x3    warm    538.27 timed    538.32    537.59    536.72 ms
[13:28:28]   round 4 tierA                            bs64x4    warm    514.81 timed    514.53    514.86    514.86 ms
[13:28:32]   round 4 tierA                            bs32x1    warm   1064.06 timed   1064.15   1064.84   1064.02 ms
[13:28:34]   round 4 tierA                            bs32x6    warm    536.44 timed    538.70    536.54    537.74 ms
[13:28:36]   round 4 tierA                            bs32x7    warm    527.78 timed    527.95    526.06    527.58 ms
[13:28:39]   round 4 tierA                            bs32x8    warm    516.18 timed    515.51    515.73    515.90 ms
[13:28:41]   round 4 tierA                            bs256x1   warm    462.86 timed    505.83    498.15    504.00 ms
[13:28:41] chain64/cash-karp-54 tierA                            bs256x1    blk/SM  1 best   480.160 ms
[13:28:41] chain64/cash-karp-54 tierA                            bs32x8     blk/SM  8 best   515.374 ms
[13:28:41] chain64/cash-karp-54 tierA                            bs32x7     blk/SM  7 best   526.055 ms
[13:28:41] chain64/cash-karp-54 tierA                            bs32x6     blk/SM  6 best   536.146 ms
[13:28:41] chain64/cash-karp-54 tierA                            bs32x1     blk/SM  1 best  1064.017 ms
[13:28:41] chain64/cash-karp-54 tierA                            bs64x4     blk/SM  4 best   514.048 ms
[13:28:41] chain64/cash-karp-54 tierA                            bs64x3     blk/SM  3 best   535.820 ms
[13:28:41] chain64/cash-karp-54 tierA                            bs64x2     blk/SM  2 best   364.796 ms
[13:28:41] chain64/cash-karp-54 tierA                            bs64x1     blk/SM  1 best   566.919 ms
[13:28:41] chain64/cash-karp-54 tierA                            bs128x2    blk/SM  2 best   513.482 ms
[13:28:41] chain64/cash-karp-54 tierA                            bs128x1    blk/SM  1 best   364.784 ms
[13:28:41] chain64/cash-karp-54 opt:other_small=1 state=shared   bs32x7     blk/SM  7 best   451.824 ms
[13:28:41] chain64/cash-karp-54 opt:other_small=1 state=shared   bs32x6     blk/SM  6 best   441.480 ms
[13:28:41] chain64/cash-karp-54 opt:other_small=1 state=shared   bs32x5     blk/SM  5 best   402.913 ms
[13:28:41] chain64/cash-karp-54 opt:other_small=1 state=shared   bs32x1     blk/SM  1 best  1036.175 ms
[13:28:41] chain64/cash-karp-54 opt:other_small=1 state=shared   bs64x3     blk/SM  3 best   440.387 ms
[13:28:41] chain64/cash-karp-54 opt:other_small=1 state=shared   bs64x2     blk/SM  2 best   341.513 ms
[13:28:41] chain64/cash-karp-54 opt:other_small=1 state=shared   bs64x1     blk/SM  1 best   545.671 ms
[13:28:41] chain64/cash-karp-54 opt:other_small=1 state=shared   bs128x1    blk/SM  1 best   344.152 ms
[13:28:41] chain64/cash-karp-54 opt:other_small=0 state=local    bs256x1    blk/SM  1 best   432.726 ms
[13:28:41] chain64/cash-karp-54 opt:other_small=0 state=local    bs32x8     blk/SM  8 best   435.403 ms
[13:28:41] chain64/cash-karp-54 opt:other_small=0 state=local    bs32x1     blk/SM  1 best  1049.878 ms capped
[13:28:41] chain64/cash-karp-54 opt:other_small=0 state=local    bs32x7     blk/SM  7 best   427.135 ms
[13:28:41] chain64/cash-karp-54 opt:other_small=0 state=local    bs32x6     blk/SM  6 best   382.288 ms
[13:28:41] chain64/cash-karp-54 opt:other_small=0 state=local    bs64x4     blk/SM  4 best   436.812 ms
[13:28:41] chain64/cash-karp-54 opt:other_small=0 state=local    bs64x3     blk/SM  3 best   379.019 ms
[13:28:41] chain64/cash-karp-54 opt:other_small=0 state=local    bs64x2     blk/SM  2 best   388.489 ms
[13:28:41] chain64/cash-karp-54 opt:other_small=0 state=local    bs64x1     blk/SM  1 best   564.240 ms
[13:28:41] chain64/cash-karp-54 opt:other_small=0 state=local    bs128x2    blk/SM  2 best   437.277 ms
[13:28:41] chain64/cash-karp-54 opt:other_small=0 state=local    bs128x1    blk/SM  1 best   390.583 ms
[13:28:41] chain64/cash-karp-54 opt:other_small=0 state=shared   bs32x7     blk/SM  7 best   445.155 ms
[13:28:41] chain64/cash-karp-54 opt:other_small=0 state=shared   bs32x6     blk/SM  6 best   434.076 ms
[13:28:41] chain64/cash-karp-54 opt:other_small=0 state=shared   bs32x5     blk/SM  5 best   308.219 ms
[13:28:41] chain64/cash-karp-54 opt:other_small=0 state=shared   bs32x1     blk/SM  1 best  1045.568 ms capped
[13:28:41] chain64/cash-karp-54 opt:other_small=0 state=shared   bs64x3     blk/SM  3 best   434.418 ms
[13:28:41] chain64/cash-karp-54 opt:other_small=0 state=shared   bs64x2     blk/SM  2 best   319.718 ms
[13:28:41] chain64/cash-karp-54 opt:other_small=0 state=shared   bs64x1     blk/SM  1 best   549.050 ms
[13:28:41] chain64/cash-karp-54 opt:other_small=0 state=shared   bs128x1    blk/SM  1 best   316.383 ms
[13:28:41] chain64/cash-karp-54 opt:other_small=1 state=local stage_rhs=shared bs32x7     blk/SM  7 best   519.510 ms
[13:28:41] chain64/cash-karp-54 opt:other_small=1 state=local stage_rhs=shared bs32x6     blk/SM  6 best   530.661 ms
[13:28:41] chain64/cash-karp-54 opt:other_small=1 state=local stage_rhs=shared bs32x5     blk/SM  5 best   539.097 ms
[13:28:41] chain64/cash-karp-54 opt:other_small=1 state=local stage_rhs=shared bs32x1     blk/SM  1 best  1072.908 ms capped
[13:28:41] chain64/cash-karp-54 opt:other_small=1 state=local stage_rhs=shared bs64x3     blk/SM  3 best   529.703 ms
[13:28:41] chain64/cash-karp-54 opt:other_small=1 state=local stage_rhs=shared bs64x2     blk/SM  2 best   373.114 ms
[13:28:41] chain64/cash-karp-54 opt:other_small=1 state=local stage_rhs=shared bs64x1     blk/SM  1 best   567.069 ms
[13:28:41] chain64/cash-karp-54 opt:other_small=1 state=local stage_rhs=shared bs128x1    blk/SM  1 best   512.857 ms
[13:28:41] chain64/cash-karp-54 o1+stage_accumulator=shared      bs32x1     blk/SM  1 best  1325.837 ms capped
[13:28:41] === chain64/cash-karp-54 done in 361.2 s
[13:28:41] === chain64/dormand-prince-54 n_runs 262144 duration 51.2 arms 8
[13:28:41]   tierA                            regs 255 frame   840 sass   128 KiB shared/run    0 cells bs256x1 bs32x8 bs32x7 bs32x6 bs32x1 bs64x4 bs64x3 bs64x2 bs64x1 bs128x2 bs128x1 (0.1 s)
[13:28:41]   plain                            alias of tierA
[13:28:41]   opt:other_small=1 state=local    alias of tierA
[13:28:41]   opt:other_small=1 state=shared   regs 255 frame   824 sass   133 KiB shared/run  260 cells bs32x7 bs32x6 bs32x5 bs32x1 bs64x3 bs64x2 bs64x1 bs128x1 (0.1 s)
[13:28:41]   opt:other_small=0 state=local    regs 255 frame  2048 sass   121 KiB shared/run    0 cells bs256x1 bs32x8 bs32x1 bs32x7 bs32x6 bs64x4 bs64x3 bs64x2 bs64x1 bs128x2 bs128x1 (0.1 s)
[13:28:41]   opt:other_small=0 state=shared   regs 255 frame   808 sass   134 KiB shared/run  260 cells bs32x7 bs32x6 bs32x5 bs32x1 bs64x3 bs64x2 bs64x1 bs128x1 (0.1 s)
[13:28:41]   opt:other_small=1 state=local stage_rhs=shared regs 255 frame   888 sass   131 KiB shared/run  260 cells bs32x7 bs32x6 bs32x5 bs32x1 bs64x3 bs64x2 bs64x1 bs128x1 (0.1 s)
[13:28:41]   o1+stage_accumulator=shared      regs 255 frame  2968 sass   157 KiB shared/run 1540 cells bs32x1 (0.1 s)
[13:28:48]   round 1 tierA                            bs256x1   warm    288.24 timed    282.57    278.94    275.13 ms
[13:28:50]   round 1 tierA                            bs32x8    warm    395.74 timed    393.18    387.22    378.31 ms
[13:28:51]   round 1 tierA                            bs32x7    warm    397.00 timed    396.19    395.53    396.21 ms
[13:28:53]   round 1 tierA                            bs32x6    warm    385.25 timed    382.78    386.82    382.00 ms
[13:28:55]   capped tierA bs32x1 warm 976.83 ms > 3.0x floor 275.13
[13:28:56]   round 1 tierA                            bs64x4    warm    377.94 timed    378.18    378.14    377.90 ms
[13:28:58]   round 1 tierA                            bs64x3    warm    334.07 timed    334.49    339.49    333.34 ms
[13:28:59]   round 1 tierA                            bs64x2    warm    388.41 timed    395.86    389.75    392.71 ms
[13:29:01]   round 1 tierA                            bs64x1    warm    518.72 timed    504.62    504.91    504.93 ms
[13:29:03]   round 1 tierA                            bs128x2   warm    378.37 timed    379.25    377.96    378.22 ms
[13:29:04]   round 1 tierA                            bs128x1   warm    332.73 timed    332.25    325.98    332.23 ms
[13:29:06]   round 1 opt:other_small=1 state=shared   bs32x7    warm    378.77 timed    377.85    377.83    377.22 ms
[13:29:07]   round 1 opt:other_small=1 state=shared   bs32x6    warm    361.83 timed    361.33    359.45    362.49 ms
[13:29:09]   round 1 opt:other_small=1 state=shared   bs32x5    warm    388.21 timed    390.69    391.56    390.97 ms
[13:29:11]   capped opt:other_small=1 state=shared bs32x1 warm 984.39 ms > 3.0x floor 275.13
[13:29:12]   round 1 opt:other_small=1 state=shared   bs64x3    warm    345.84 timed    345.84    359.29    356.64 ms
[13:29:14]   round 1 opt:other_small=1 state=shared   bs64x2    warm    413.31 timed    409.35    405.84    415.27 ms
[13:29:16]   round 1 opt:other_small=1 state=shared   bs64x1    warm    507.27 timed    507.14    506.93    507.31 ms
[13:29:17]   round 1 opt:other_small=1 state=shared   bs128x1   warm    339.86 timed    340.09    339.45    342.35 ms
[13:29:19]   round 1 opt:other_small=0 state=local    bs256x1   warm    345.45 timed    345.05    345.47    343.96 ms
[13:29:21]   round 1 opt:other_small=0 state=local    bs32x8    warm    341.17 timed    340.37    342.66    338.47 ms
[13:29:23]   capped opt:other_small=0 state=local bs32x1 warm 989.36 ms > 3.0x floor 275.13
[13:29:24]   round 1 opt:other_small=0 state=local    bs32x7    warm    347.45 timed    348.75    349.17    352.85 ms
[13:29:25]   round 1 opt:other_small=0 state=local    bs32x6    warm    378.08 timed    376.59    373.27    376.04 ms
[13:29:27]   round 1 opt:other_small=0 state=local    bs64x4    warm    344.39 timed    339.13    340.48    341.87 ms
[13:29:28]   round 1 opt:other_small=0 state=local    bs64x3    warm    370.59 timed    366.75    370.29    373.69 ms
[13:29:30]   round 1 opt:other_small=0 state=local    bs64x2    warm    466.51 timed    465.26    464.38    465.23 ms
[13:29:33]   round 1 opt:other_small=0 state=local    bs64x1    warm    582.49 timed    590.67    579.34    592.18 ms
[13:29:34]   round 1 opt:other_small=0 state=local    bs128x2   warm    341.05 timed    342.01    343.34    341.46 ms
[13:29:36]   round 1 opt:other_small=0 state=local    bs128x1   warm    431.11 timed    428.02    433.79    440.52 ms
[13:29:37]   round 1 opt:other_small=0 state=shared   bs32x7    warm    335.47 timed    337.57    337.63    336.59 ms
[13:29:39]   round 1 opt:other_small=0 state=shared   bs32x6    warm    366.92 timed    370.52    368.22    369.21 ms
[13:29:40]   round 1 opt:other_small=0 state=shared   bs32x5    warm    405.34 timed    405.82    407.39    403.78 ms
[13:29:42]   capped opt:other_small=0 state=shared bs32x1 warm 1013.38 ms > 3.0x floor 275.13
[13:29:44]   round 1 opt:other_small=0 state=shared   bs64x3    warm    356.99 timed    354.82    351.33    351.32 ms
[13:29:46]   round 1 opt:other_small=0 state=shared   bs64x2    warm    430.02 timed    429.56    424.77    425.04 ms
[13:29:48]   round 1 opt:other_small=0 state=shared   bs64x1    warm    551.17 timed    549.36    545.94    544.50 ms
[13:29:49]   round 1 opt:other_small=0 state=shared   bs128x1   warm    351.12 timed    354.15    356.11    354.52 ms
[13:29:51]   round 1 opt:other_small=1 state=local stage_rhs=shared bs32x7    warm    402.33 timed    401.38    402.16    401.82 ms
[13:29:53]   round 1 opt:other_small=1 state=local stage_rhs=shared bs32x6    warm    400.39 timed    372.15    399.85    364.08 ms
[13:29:54]   round 1 opt:other_small=1 state=local stage_rhs=shared bs32x5    warm    394.70 timed    395.19    395.89    394.70 ms
[13:29:56]   capped opt:other_small=1 state=local stage_rhs=shared bs32x1 warm 992.00 ms > 3.0x floor 275.13
[13:29:58]   round 1 opt:other_small=1 state=local stage_rhs=shared bs64x3    warm    345.66 timed    344.76    347.02    349.59 ms
[13:29:59]   round 1 opt:other_small=1 state=local stage_rhs=shared bs64x2    warm    428.94 timed    428.55    434.48    432.02 ms
[13:30:02]   round 1 opt:other_small=1 state=local stage_rhs=shared bs64x1    warm    522.34 timed    515.19    514.91    515.49 ms
[13:30:03]   round 1 opt:other_small=1 state=local stage_rhs=shared bs128x1   warm    377.16 timed    378.48    382.12    382.37 ms
[13:30:07]   capped o1+stage_accumulator=shared bs32x1 warm 1406.29 ms > 3.0x floor 275.13
[13:30:09]   round 2 opt:other_small=1 state=local stage_rhs=shared bs128x1   warm    371.70 timed    382.25    374.57    377.55 ms
[13:30:11]   round 2 opt:other_small=1 state=local stage_rhs=shared bs64x1    warm    515.85 timed    515.41    515.56    515.61 ms
[13:30:13]   round 2 opt:other_small=1 state=local stage_rhs=shared bs64x2    warm    437.02 timed    452.24    430.91    428.32 ms
[13:30:14]   round 2 opt:other_small=1 state=local stage_rhs=shared bs64x3    warm    347.43 timed    349.39    347.01    347.16 ms
[13:30:16]   round 2 opt:other_small=1 state=local stage_rhs=shared bs32x5    warm    396.69 timed    398.91    396.48    397.39 ms
[13:30:18]   round 2 opt:other_small=1 state=local stage_rhs=shared bs32x6    warm    399.60 timed    400.85    398.80    398.10 ms
[13:30:19]   round 2 opt:other_small=1 state=local stage_rhs=shared bs32x7    warm    401.34 timed    401.49    400.70    402.14 ms
[13:30:21]   round 2 opt:other_small=0 state=shared   bs128x1   warm    355.41 timed    355.40    353.13    350.34 ms
[13:30:23]   round 2 opt:other_small=0 state=shared   bs64x1    warm    550.86 timed    558.52    546.30    553.28 ms
[13:30:25]   round 2 opt:other_small=0 state=shared   bs64x2    warm    426.10 timed    426.25    424.14    417.13 ms
[13:30:26]   round 2 opt:other_small=0 state=shared   bs64x3    warm    355.77 timed    353.22    353.92    350.82 ms
[13:30:28]   round 2 opt:other_small=0 state=shared   bs32x5    warm    406.41 timed    402.82    404.43    407.03 ms
[13:30:29]   round 2 opt:other_small=0 state=shared   bs32x6    warm    370.36 timed    368.28    371.38    370.72 ms
[13:30:31]   round 2 opt:other_small=0 state=shared   bs32x7    warm    333.56 timed    337.41    337.11    337.88 ms
[13:30:33]   round 2 opt:other_small=0 state=local    bs128x1   warm    432.44 timed    433.43    434.13    434.00 ms
[13:30:34]   round 2 opt:other_small=0 state=local    bs128x2   warm    339.84 timed    337.41    340.40    339.68 ms
[13:30:37]   round 2 opt:other_small=0 state=local    bs64x1    warm    584.92 timed    591.35    582.95    585.23 ms
[13:30:39]   round 2 opt:other_small=0 state=local    bs64x2    warm    463.81 timed    463.45    462.34    465.16 ms
[13:30:40]   round 2 opt:other_small=0 state=local    bs64x3    warm    366.57 timed    366.60    370.46    368.89 ms
[13:30:41]   round 2 opt:other_small=0 state=local    bs64x4    warm    342.19 timed    340.12    343.79    340.31 ms
[13:30:43]   round 2 opt:other_small=0 state=local    bs32x6    warm    377.22 timed    401.89    377.85    375.28 ms
[13:30:44]   round 2 opt:other_small=0 state=local    bs32x7    warm    349.09 timed    349.72    346.77    349.60 ms
[13:30:46]   round 2 opt:other_small=0 state=local    bs32x8    warm    343.69 timed    342.34    343.25    340.50 ms
[13:30:47]   round 2 opt:other_small=0 state=local    bs256x1   warm    344.21 timed    342.59    342.73    341.32 ms
[13:30:49]   round 2 opt:other_small=1 state=shared   bs128x1   warm    337.99 timed    337.52    340.44    341.06 ms
[13:30:51]   round 2 opt:other_small=1 state=shared   bs64x1    warm    507.01 timed    507.87    506.55    507.29 ms
[13:30:52]   round 2 opt:other_small=1 state=shared   bs64x2    warm    417.46 timed    418.81    417.76    415.76 ms
[13:30:54]   round 2 opt:other_small=1 state=shared   bs64x3    warm    346.79 timed    348.71    345.89    343.70 ms
[13:30:55]   round 2 opt:other_small=1 state=shared   bs32x5    warm    388.74 timed    392.93    392.21    387.91 ms
[13:30:57]   round 2 opt:other_small=1 state=shared   bs32x6    warm    358.83 timed    362.44    360.31    359.20 ms
[13:30:58]   round 2 opt:other_small=1 state=shared   bs32x7    warm    378.45 timed    377.89    378.05    377.33 ms
[13:31:00]   round 2 tierA                            bs128x1   warm    327.74 timed    326.73    336.56    329.70 ms
[13:31:02]   round 2 tierA                            bs128x2   warm    378.01 timed    377.96    378.24    378.66 ms
[13:31:04]   round 2 tierA                            bs64x1    warm    505.31 timed    504.89    505.50    505.52 ms
[13:31:05]   round 2 tierA                            bs64x2    warm    397.86 timed    400.83    396.50    396.84 ms
[13:31:07]   round 2 tierA                            bs64x3    warm    330.71 timed    338.26    333.04    335.58 ms
[13:31:08]   round 2 tierA                            bs64x4    warm    378.22 timed    377.70    378.05    377.91 ms
[13:31:10]   round 2 tierA                            bs32x6    warm    381.67 timed    384.39    382.19    384.62 ms
[13:31:11]   round 2 tierA                            bs32x7    warm    396.55 timed    396.02    396.01    395.91 ms
[13:31:13]   round 2 tierA                            bs32x8    warm    378.11 timed    378.47    402.48    378.09 ms
[13:31:14]   round 2 tierA                            bs256x1   warm    267.51 timed    267.27    268.04    268.10 ms
[13:31:16]   round 3 opt:other_small=1 state=local stage_rhs=shared bs128x1   warm    376.89 timed    382.54    376.28    372.62 ms
[13:31:18]   round 3 opt:other_small=1 state=local stage_rhs=shared bs64x1    warm    513.88 timed    513.80    513.92    513.83 ms
[13:31:19]   round 3 opt:other_small=1 state=local stage_rhs=shared bs64x2    warm    427.97 timed    428.31    433.67    430.32 ms
[13:31:21]   round 3 opt:other_small=1 state=local stage_rhs=shared bs64x3    warm    346.11 timed    342.71    342.10    346.19 ms
[13:31:22]   round 3 opt:other_small=1 state=local stage_rhs=shared bs32x5    warm    394.30 timed    395.21    397.21    397.06 ms
[13:31:24]   round 3 opt:other_small=1 state=local stage_rhs=shared bs32x6    warm    396.99 timed    394.76    390.74    399.98 ms
[13:31:26]   round 3 opt:other_small=1 state=local stage_rhs=shared bs32x7    warm    401.46 timed    401.72    402.12    402.14 ms
[13:31:27]   round 3 opt:other_small=0 state=shared   bs128x1   warm    356.00 timed    358.86    355.66    350.66 ms
[13:31:30]   round 3 opt:other_small=0 state=shared   bs64x1    warm    554.62 timed    559.19    550.80    554.85 ms
[13:31:31]   round 3 opt:other_small=0 state=shared   bs64x2    warm    425.70 timed    417.99    428.13    421.45 ms
[13:31:33]   round 3 opt:other_small=0 state=shared   bs64x3    warm    353.42 timed    354.05    352.99    349.01 ms
[13:31:34]   round 3 opt:other_small=0 state=shared   bs32x5    warm    407.10 timed    405.78    405.11    408.07 ms
[13:31:36]   round 3 opt:other_small=0 state=shared   bs32x6    warm    367.49 timed    367.19    371.94    368.28 ms
[13:31:37]   round 3 opt:other_small=0 state=shared   bs32x7    warm    335.93 timed    335.05    337.85    335.39 ms
[13:31:39]   round 3 opt:other_small=0 state=local    bs128x1   warm    434.08 timed    429.18    432.63    438.29 ms
[13:31:41]   round 3 opt:other_small=0 state=local    bs128x2   warm    340.71 timed    337.85    339.07    339.89 ms
[13:31:43]   round 3 opt:other_small=0 state=local    bs64x1    warm    597.63 timed    595.81    610.42    604.37 ms
[13:31:45]   round 3 opt:other_small=0 state=local    bs64x2    warm    472.81 timed    468.42    465.06    461.44 ms
[13:31:47]   round 3 opt:other_small=0 state=local    bs64x3    warm    368.83 timed    374.75    374.02    377.10 ms
[13:31:48]   round 3 opt:other_small=0 state=local    bs64x4    warm    340.92 timed    341.62    340.93    341.44 ms
[13:31:49]   round 3 opt:other_small=0 state=local    bs32x6    warm    380.33 timed    378.65    379.30    378.36 ms
[13:31:51]   round 3 opt:other_small=0 state=local    bs32x7    warm    350.69 timed    347.87    350.56    351.74 ms
[13:31:52]   round 3 opt:other_small=0 state=local    bs32x8    warm    342.60 timed    342.69    343.65    340.63 ms
[13:31:54]   round 3 opt:other_small=0 state=local    bs256x1   warm    342.23 timed    346.09    345.49    341.96 ms
[13:31:55]   round 3 opt:other_small=1 state=shared   bs128x1   warm    348.47 timed    344.96    342.55    339.68 ms
[13:31:57]   round 3 opt:other_small=1 state=shared   bs64x1    warm    512.01 timed    508.61    506.91    508.08 ms
[13:31:59]   round 3 opt:other_small=1 state=shared   bs64x2    warm    409.74 timed    409.42    408.77    413.49 ms
[13:32:00]   round 3 opt:other_small=1 state=shared   bs64x3    warm    347.66 timed    351.52    344.15    347.80 ms
[13:32:02]   round 3 opt:other_small=1 state=shared   bs32x5    warm    390.45 timed    388.16    391.90    389.27 ms
[13:32:03]   round 3 opt:other_small=1 state=shared   bs32x6    warm    361.35 timed    364.45    360.68    362.39 ms
[13:32:05]   round 3 opt:other_small=1 state=shared   bs32x7    warm    377.66 timed    378.58    378.35    378.96 ms
[13:32:07]   round 3 tierA                            bs128x1   warm    332.22 timed    338.39    329.11    328.89 ms
[13:32:08]   round 3 tierA                            bs128x2   warm    378.03 timed    379.03    378.66    378.00 ms
[13:32:10]   round 3 tierA                            bs64x1    warm    505.25 timed    505.01    505.24    504.82 ms
[13:32:12]   round 3 tierA                            bs64x2    warm    392.47 timed    395.84    394.12    388.76 ms
[13:32:13]   round 3 tierA                            bs64x3    warm    351.77 timed    340.06    330.92    333.02 ms
[13:32:15]   round 3 tierA                            bs64x4    warm    378.29 timed    378.17    378.15    378.16 ms
[13:32:16]   round 3 tierA                            bs32x6    warm    385.87 timed    386.54    374.45    383.31 ms
[13:32:18]   round 3 tierA                            bs32x7    warm    396.21 timed    396.77    395.66    395.30 ms
[13:32:19]   round 3 tierA                            bs32x8    warm    378.10 timed    378.26    378.48    378.41 ms
[13:32:20]   round 3 tierA                            bs256x1   warm    268.54 timed    267.30    268.30    267.54 ms
[13:32:22]   round 4 opt:other_small=1 state=local stage_rhs=shared bs128x1   warm    381.92 timed    376.85    374.22    372.22 ms
[13:32:24]   round 4 opt:other_small=1 state=local stage_rhs=shared bs64x1    warm    513.64 timed    513.58    513.50    515.98 ms
[13:32:26]   round 4 opt:other_small=1 state=local stage_rhs=shared bs64x2    warm    433.81 timed    427.19    425.33    427.32 ms
[13:32:27]   round 4 opt:other_small=1 state=local stage_rhs=shared bs64x3    warm    343.82 timed    350.57    348.05    347.40 ms
[13:32:29]   round 4 opt:other_small=1 state=local stage_rhs=shared bs32x5    warm    394.81 timed    396.55    396.22    397.37 ms
[13:32:31]   round 4 opt:other_small=1 state=local stage_rhs=shared bs32x6    warm    395.47 timed    398.17    397.32    394.91 ms
[13:32:32]   round 4 opt:other_small=1 state=local stage_rhs=shared bs32x7    warm    401.12 timed    401.11    402.45    401.05 ms
[13:32:34]   round 4 opt:other_small=0 state=shared   bs128x1   warm    356.56 timed    355.90    355.25    358.45 ms
[13:32:36]   round 4 opt:other_small=0 state=shared   bs64x1    warm    546.79 timed    543.05    554.16    551.24 ms
[13:32:38]   round 4 opt:other_small=0 state=shared   bs64x2    warm    424.82 timed    427.47    426.21    424.68 ms
[13:32:39]   round 4 opt:other_small=0 state=shared   bs64x3    warm    350.68 timed    356.09    354.11    351.60 ms
[13:32:41]   round 4 opt:other_small=0 state=shared   bs32x5    warm    405.65 timed    406.02    407.93    406.80 ms
[13:32:42]   round 4 opt:other_small=0 state=shared   bs32x6    warm    371.13 timed    374.43    384.56    375.78 ms
[13:32:44]   round 4 opt:other_small=0 state=shared   bs32x7    warm    336.86 timed    333.96    334.44    334.80 ms
[13:32:46]   round 4 opt:other_small=0 state=local    bs128x1   warm    435.92 timed    438.88    430.03    428.77 ms
[13:32:47]   round 4 opt:other_small=0 state=local    bs128x2   warm    339.12 timed    337.16    341.47    337.03 ms
[13:32:50]   round 4 opt:other_small=0 state=local    bs64x1    warm    573.39 timed    600.17    588.66    588.06 ms
[13:32:52]   round 4 opt:other_small=0 state=local    bs64x2    warm    471.53 timed    467.70    468.37    466.52 ms
[13:32:53]   round 4 opt:other_small=0 state=local    bs64x3    warm    368.63 timed    371.46    366.46    371.98 ms
[13:32:54]   round 4 opt:other_small=0 state=local    bs64x4    warm    340.25 timed    336.85    342.55    343.46 ms
[13:32:56]   round 4 opt:other_small=0 state=local    bs32x6    warm    377.60 timed    374.86    375.34    377.65 ms
[13:32:57]   round 4 opt:other_small=0 state=local    bs32x7    warm    349.55 timed    348.02    346.20    350.82 ms
[13:32:59]   round 4 opt:other_small=0 state=local    bs32x8    warm    342.07 timed    343.76    339.69    341.46 ms
[13:33:00]   round 4 opt:other_small=0 state=local    bs256x1   warm    342.46 timed    343.29    347.51    339.25 ms
[13:33:02]   round 4 opt:other_small=1 state=shared   bs128x1   warm    341.82 timed    340.29    347.61    344.61 ms
[13:33:04]   round 4 opt:other_small=1 state=shared   bs64x1    warm    511.53 timed    508.15    507.35    507.75 ms
[13:33:05]   round 4 opt:other_small=1 state=shared   bs64x2    warm    415.97 timed    411.67    404.69    408.32 ms
[13:33:07]   round 4 opt:other_small=1 state=shared   bs64x3    warm    346.33 timed    344.34    347.98    348.27 ms
[13:33:08]   round 4 opt:other_small=1 state=shared   bs32x5    warm    390.93 timed    389.84    389.59    391.98 ms
[13:33:10]   round 4 opt:other_small=1 state=shared   bs32x6    warm    362.07 timed    357.17    359.02    359.63 ms
[13:33:11]   round 4 opt:other_small=1 state=shared   bs32x7    warm    378.40 timed    378.93    378.26    377.65 ms
[13:33:13]   round 4 tierA                            bs128x1   warm    350.75 timed    339.00    331.69    331.98 ms
[13:33:15]   round 4 tierA                            bs128x2   warm    377.97 timed    377.95    377.99    378.62 ms
[13:33:17]   round 4 tierA                            bs64x1    warm    505.00 timed    504.67    505.03    504.60 ms
[13:33:18]   round 4 tierA                            bs64x2    warm    395.24 timed    385.55    394.12    392.80 ms
[13:33:20]   round 4 tierA                            bs64x3    warm    334.31 timed    339.61    333.79    335.23 ms
[13:33:21]   round 4 tierA                            bs64x4    warm    377.68 timed    378.61    378.46    378.70 ms
[13:33:23]   round 4 tierA                            bs32x6    warm    384.92 timed    382.90    388.08    384.95 ms
[13:33:24]   round 4 tierA                            bs32x7    warm    395.61 timed    396.35    397.17    397.51 ms
[13:33:26]   round 4 tierA                            bs32x8    warm    378.15 timed    378.55    378.04    378.45 ms
[13:33:27]   round 4 tierA                            bs256x1   warm    270.49 timed    272.29    270.20    268.69 ms
[13:33:27] chain64/dormand-prince-54 tierA                            bs256x1    blk/SM  1 best   267.270 ms
[13:33:27] chain64/dormand-prince-54 tierA                            bs32x8     blk/SM  8 best   378.035 ms
[13:33:27] chain64/dormand-prince-54 tierA                            bs32x7     blk/SM  7 best   395.295 ms
[13:33:27] chain64/dormand-prince-54 tierA                            bs32x6     blk/SM  6 best   374.446 ms
[13:33:27] chain64/dormand-prince-54 tierA                            bs32x1     blk/SM  1 best   976.833 ms capped
[13:33:27] chain64/dormand-prince-54 tierA                            bs64x4     blk/SM  4 best   377.702 ms
[13:33:27] chain64/dormand-prince-54 tierA                            bs64x3     blk/SM  3 best   330.922 ms
[13:33:27] chain64/dormand-prince-54 tierA                            bs64x2     blk/SM  2 best   385.555 ms
[13:33:27] chain64/dormand-prince-54 tierA                            bs64x1     blk/SM  1 best   504.600 ms
[13:33:27] chain64/dormand-prince-54 tierA                            bs128x2    blk/SM  2 best   377.945 ms
[13:33:27] chain64/dormand-prince-54 tierA                            bs128x1    blk/SM  1 best   325.979 ms
[13:33:27] chain64/dormand-prince-54 opt:other_small=1 state=shared   bs32x7     blk/SM  7 best   377.223 ms
[13:33:27] chain64/dormand-prince-54 opt:other_small=1 state=shared   bs32x6     blk/SM  6 best   357.166 ms
[13:33:27] chain64/dormand-prince-54 opt:other_small=1 state=shared   bs32x5     blk/SM  5 best   387.908 ms
[13:33:27] chain64/dormand-prince-54 opt:other_small=1 state=shared   bs32x1     blk/SM  1 best   984.394 ms capped
[13:33:27] chain64/dormand-prince-54 opt:other_small=1 state=shared   bs64x3     blk/SM  3 best   343.699 ms
[13:33:27] chain64/dormand-prince-54 opt:other_small=1 state=shared   bs64x2     blk/SM  2 best   404.688 ms
[13:33:27] chain64/dormand-prince-54 opt:other_small=1 state=shared   bs64x1     blk/SM  1 best   506.553 ms
[13:33:27] chain64/dormand-prince-54 opt:other_small=1 state=shared   bs128x1    blk/SM  1 best   337.517 ms
[13:33:27] chain64/dormand-prince-54 opt:other_small=0 state=local    bs256x1    blk/SM  1 best   339.249 ms
[13:33:27] chain64/dormand-prince-54 opt:other_small=0 state=local    bs32x8     blk/SM  8 best   338.471 ms
[13:33:27] chain64/dormand-prince-54 opt:other_small=0 state=local    bs32x1     blk/SM  1 best   989.362 ms capped
[13:33:27] chain64/dormand-prince-54 opt:other_small=0 state=local    bs32x7     blk/SM  7 best   346.200 ms
[13:33:27] chain64/dormand-prince-54 opt:other_small=0 state=local    bs32x6     blk/SM  6 best   373.272 ms
[13:33:27] chain64/dormand-prince-54 opt:other_small=0 state=local    bs64x4     blk/SM  4 best   336.851 ms
[13:33:27] chain64/dormand-prince-54 opt:other_small=0 state=local    bs64x3     blk/SM  3 best   366.464 ms
[13:33:27] chain64/dormand-prince-54 opt:other_small=0 state=local    bs64x2     blk/SM  2 best   461.435 ms
[13:33:27] chain64/dormand-prince-54 opt:other_small=0 state=local    bs64x1     blk/SM  1 best   579.340 ms
[13:33:27] chain64/dormand-prince-54 opt:other_small=0 state=local    bs128x2    blk/SM  2 best   337.033 ms
[13:33:27] chain64/dormand-prince-54 opt:other_small=0 state=local    bs128x1    blk/SM  1 best   428.024 ms
[13:33:27] chain64/dormand-prince-54 opt:other_small=0 state=shared   bs32x7     blk/SM  7 best   333.961 ms
[13:33:27] chain64/dormand-prince-54 opt:other_small=0 state=shared   bs32x6     blk/SM  6 best   367.194 ms
[13:33:27] chain64/dormand-prince-54 opt:other_small=0 state=shared   bs32x5     blk/SM  5 best   402.823 ms
[13:33:27] chain64/dormand-prince-54 opt:other_small=0 state=shared   bs32x1     blk/SM  1 best  1013.381 ms capped
[13:33:27] chain64/dormand-prince-54 opt:other_small=0 state=shared   bs64x3     blk/SM  3 best   349.014 ms
[13:33:27] chain64/dormand-prince-54 opt:other_small=0 state=shared   bs64x2     blk/SM  2 best   417.127 ms
[13:33:27] chain64/dormand-prince-54 opt:other_small=0 state=shared   bs64x1     blk/SM  1 best   543.051 ms
[13:33:27] chain64/dormand-prince-54 opt:other_small=0 state=shared   bs128x1    blk/SM  1 best   350.341 ms
[13:33:27] chain64/dormand-prince-54 opt:other_small=1 state=local stage_rhs=shared bs32x7     blk/SM  7 best   400.700 ms
[13:33:27] chain64/dormand-prince-54 opt:other_small=1 state=local stage_rhs=shared bs32x6     blk/SM  6 best   364.081 ms
[13:33:27] chain64/dormand-prince-54 opt:other_small=1 state=local stage_rhs=shared bs32x5     blk/SM  5 best   394.702 ms
[13:33:27] chain64/dormand-prince-54 opt:other_small=1 state=local stage_rhs=shared bs32x1     blk/SM  1 best   992.003 ms capped
[13:33:27] chain64/dormand-prince-54 opt:other_small=1 state=local stage_rhs=shared bs64x3     blk/SM  3 best   342.104 ms
[13:33:27] chain64/dormand-prince-54 opt:other_small=1 state=local stage_rhs=shared bs64x2     blk/SM  2 best   425.331 ms
[13:33:27] chain64/dormand-prince-54 opt:other_small=1 state=local stage_rhs=shared bs64x1     blk/SM  1 best   513.500 ms
[13:33:27] chain64/dormand-prince-54 opt:other_small=1 state=local stage_rhs=shared bs128x1    blk/SM  1 best   372.222 ms
[13:33:27] chain64/dormand-prince-54 o1+stage_accumulator=shared      bs32x1     blk/SM  1 best  1406.293 ms capped
[13:33:27] === chain64/dormand-prince-54 done in 286.3 s
[13:33:27] === chain64/dop853 n_runs 262144 duration 51.2 arms 8
[13:33:27]   tierA                            regs 255 frame  2728 sass   289 KiB shared/run    0 cells bs256x1 bs32x8 bs32x7 bs32x6 bs32x1 bs64x4 bs64x3 bs64x2 bs64x1 bs128x2 bs128x1 (0.1 s)
[13:33:27]   plain                            alias of tierA
[13:33:27]   opt:other_small=1 state=local    alias of tierA
[13:33:27]   opt:other_small=1 state=shared   regs 255 frame  2856 sass   288 KiB shared/run  260 cells bs32x7 bs32x6 bs32x5 bs32x1 bs64x3 bs64x2 bs64x1 bs128x1 (0.1 s)
[13:33:27]   opt:other_small=0 state=local    regs 255 frame  4176 sass   280 KiB shared/run    0 cells bs256x1 bs32x8 bs32x7 bs32x6 bs32x1 bs64x4 bs64x3 bs64x2 bs64x1 bs128x2 bs128x1 (0.1 s)
[13:33:27]   opt:other_small=0 state=shared   regs 255 frame  2840 sass   280 KiB shared/run  260 cells bs32x7 bs32x6 bs32x5 bs32x1 bs64x3 bs64x2 bs64x1 bs128x1 (0.1 s)
[13:33:28]   opt:other_small=1 state=local stage_rhs=shared regs 255 frame  2936 sass   296 KiB shared/run  260 cells bs32x7 bs32x6 bs32x5 bs32x1 bs64x3 bs64x2 bs64x1 bs128x1 (0.1 s)
[13:33:28]   o1+stage_accumulator=shared      regs 255 frame  8528 sass   486 KiB shared/run 2820 cells bs16x1 (0.1 s)
[13:34:18]   round 1 tierA                            bs256x1   warm   2462.97 timed   2482.35   2459.66   2458.76 ms
[13:34:28]   round 1 tierA                            bs32x8    warm   2458.69 timed   2459.62   2462.29   2459.67 ms
[13:34:37]   round 1 tierA                            bs32x7    warm   2413.54 timed   2412.56   2413.85   2414.19 ms
[13:34:47]   round 1 tierA                            bs32x6    warm   2355.15 timed   2382.83   2355.83   2359.61 ms
[13:34:57]   round 1 tierA                            bs32x1    warm   2452.29 timed   2448.72   2462.32   2522.40 ms
[13:35:07]   round 1 tierA                            bs64x4    warm   2459.33 timed   2462.59   2458.32   2459.21 ms
[13:35:16]   round 1 tierA                            bs64x3    warm   2355.18 timed   2356.62   2377.81   2353.94 ms
[13:35:26]   round 1 tierA                            bs64x2    warm   2439.90 timed   2451.70   2436.42   2430.92 ms
[13:35:37]   round 1 tierA                            bs64x1    warm   2687.52 timed   2714.05   2661.26   2649.11 ms
[13:35:46]   round 1 tierA                            bs128x2   warm   2458.26 timed   2462.03   2483.40   2457.96 ms
[13:35:56]   round 1 tierA                            bs128x1   warm   2437.41 timed   2434.55   2437.06   2437.19 ms
[13:36:08]   round 1 opt:other_small=1 state=shared   bs32x7    warm   2335.66 timed   2337.04   2333.00   2334.83 ms
[13:36:17]   round 1 opt:other_small=1 state=shared   bs32x6    warm   2356.01 timed   2372.92   2362.12   2357.00 ms
[13:36:27]   round 1 opt:other_small=1 state=shared   bs32x5    warm   2372.26 timed   2370.40   2374.37   2374.73 ms
[13:36:36]   round 1 opt:other_small=1 state=shared   bs32x1    warm   2396.25 timed   2398.89   2415.70   2397.08 ms
[13:36:46]   round 1 opt:other_small=1 state=shared   bs64x3    warm   2362.10 timed   2350.86   2385.41   2355.51 ms
[13:36:55]   round 1 opt:other_small=1 state=shared   bs64x2    warm   2374.37 timed   2367.98   2369.16   2368.37 ms
[13:37:06]   round 1 opt:other_small=1 state=shared   bs64x1    warm   2750.11 timed   2745.28   2678.65   2731.19 ms
[13:37:16]   round 1 opt:other_small=1 state=shared   bs128x1   warm   2374.28 timed   2374.43   2402.60   2374.81 ms
[13:37:29]   round 1 opt:other_small=0 state=local    bs256x1   warm   2575.09 timed   2582.53   2587.83   2578.53 ms
[13:37:39]   round 1 opt:other_small=0 state=local    bs32x8    warm   2577.97 timed   2575.16   2588.44   2575.06 ms
[13:37:49]   round 1 opt:other_small=0 state=local    bs32x7    warm   2528.98 timed   2546.98   2522.09   2523.19 ms
[13:37:59]   round 1 opt:other_small=0 state=local    bs32x6    warm   2458.63 timed   2454.37   2458.89   2460.03 ms
[13:38:09]   round 1 opt:other_small=0 state=local    bs32x1    warm   2565.99 timed   2552.91   2536.20   2518.45 ms
[13:38:19]   round 1 opt:other_small=0 state=local    bs64x4    warm   2574.30 timed   2602.92   2575.94   2574.27 ms
[13:38:29]   round 1 opt:other_small=0 state=local    bs64x3    warm   2454.84 timed   2460.75   2453.72   2454.57 ms
[13:38:39]   round 1 opt:other_small=0 state=local    bs64x2    warm   2445.99 timed   2446.40   2452.44   2457.82 ms
[13:38:50]   round 1 opt:other_small=0 state=local    bs64x1    warm   2790.44 timed   2774.93   2763.31   2765.77 ms
[13:39:01]   round 1 opt:other_small=0 state=local    bs128x2   warm   2575.19 timed   2575.94   2571.36   2578.97 ms
[13:39:10]   round 1 opt:other_small=0 state=local    bs128x1   warm   2439.83 timed   2432.34   2435.83   2434.64 ms
[13:39:22]   round 1 opt:other_small=0 state=shared   bs32x7    warm   2342.12 timed   2343.81   2340.86   2338.71 ms
[13:39:31]   round 1 opt:other_small=0 state=shared   bs32x6    warm   2360.40 timed   2357.07   2357.51   2354.71 ms
[13:39:41]   round 1 opt:other_small=0 state=shared   bs32x5    warm   2370.13 timed   2366.99   2380.12   2372.43 ms
[13:39:51]   round 1 opt:other_small=0 state=shared   bs32x1    warm   2439.67 timed   2412.12   2419.56   2420.40 ms
[13:40:00]   round 1 opt:other_small=0 state=shared   bs64x3    warm   2358.00 timed   2355.99   2357.26   2361.06 ms
[13:40:10]   round 1 opt:other_small=0 state=shared   bs64x2    warm   2359.75 timed   2387.24   2356.35   2664.42 ms
[13:40:21]   round 1 opt:other_small=0 state=shared   bs64x1    warm   2846.32 timed   2712.18   2716.86   2823.97 ms
[13:40:31]   round 1 opt:other_small=0 state=shared   bs128x1   warm   2478.84 timed   2458.88   2467.89   2473.54 ms
[13:40:45] device NVIDIA GeForce RTX 2060 SUPER cc (7, 5) SMs 34 L2 4 MiB shared/SM 64 KiB opt-in 64 KiB icache 64 KiB
[13:40:45] backend mlir cubie 0.12.0 cache /home/cca79/orca/workspaces/cubie/landscape-2060/generated
[13:43:00] device NVIDIA GeForce RTX 2060 SUPER cc (7, 5) SMs 34 L2 4 MiB shared/SM 64 KiB opt-in 64 KiB icache 64 KiB
[13:43:00] backend mlir cubie 0.12.0 cache /home/cca79/orca/workspaces/cubie/landscape-2060/generated
[13:43:01] 4 configurations, 32 kernels to compile
[13:43:04]   compiled chain64/dop853 tierA                               0.5 s 299645aaf75a
[13:43:04]   compiled chain64/dop853 plain                               0.5 s 299645aaf75a
[13:43:04]   compiled chain64/dop853 opt:other_small=1 state=local       0.5 s 299645aaf75a
[13:43:04]   compiled chain64/dop853 opt:other_small=1 state=shared      0.5 s 32780a01c169
[13:43:04]   compiled chain64/dop853 opt:other_small=0 state=local       0.2 s 3fc24781093c
[13:43:04]   compiled chain64/dop853 opt:other_small=0 state=shared      0.2 s d168ecde23da
[13:43:04]   compiled chain64/dop853 opt:other_small=1 state=local stage_rhs=shared    0.2 s f05ea04c4c9c
[13:43:04]   compiled chain64/dop853 o1+stage_accumulator=shared         0.3 s 2d179fc45717
[13:43:04]   compiled chain32_c8/cash-karp-54 tierA                               0.2 s 4e0fbb8e00a4
[13:43:04]   compiled chain32_c8/cash-karp-54 plain                               0.2 s 4e0fbb8e00a4
[13:43:04]   compiled chain32_c8/cash-karp-54 opt:other_small=1 state=local       0.2 s 4e0fbb8e00a4
[13:43:04]   compiled chain32_c8/cash-karp-54 opt:other_small=0 state=local       0.1 s 5727aafd74d4
[13:43:04]   compiled chain32_c8/cash-karp-54 opt:other_small=1 state=shared      0.2 s 3af8ac67afa0
[13:43:04]   compiled chain32_c8/cash-karp-54 opt:other_small=0 state=shared      0.1 s 517809e89f05
[13:43:04]   compiled chain32_c8/cash-karp-54 opt:other_small=1 state=local stage_rhs=shared    0.1 s 7a0d736126d3
[13:43:04]   compiled chain32_c8/cash-karp-54 o1+stage_accumulator=shared         0.1 s 8d02f9678075
[13:43:04]   compiled chain32_c8/dormand-prince-54 tierA                               0.1 s 61ccadfe3704
[13:43:04]   compiled chain32_c8/dormand-prince-54 plain                               0.1 s 61ccadfe3704
[13:43:04]   compiled chain32_c8/dormand-prince-54 opt:other_small=1 state=local       0.1 s 61ccadfe3704
[13:43:04]   compiled chain32_c8/dormand-prince-54 opt:other_small=0 state=local       0.1 s 6bcd64982aff
[13:43:05]   compiled chain32_c8/dormand-prince-54 opt:other_small=0 state=shared      0.1 s 3f90d05a95a7
[13:43:05]   compiled chain32_c8/dormand-prince-54 opt:other_small=1 state=shared      0.2 s 53acd2396a85
[13:43:05]   compiled chain32_c8/dormand-prince-54 opt:other_small=1 state=local stage_rhs=shared    0.3 s d889bb67541c
[13:43:05]   compiled chain32_c8/dop853 plain                               0.2 s 5e9421d93a94
[13:43:05]   compiled chain32_c8/dormand-prince-54 o1+stage_accumulator=shared         0.3 s 9c2207dca7f0
[13:43:05]   compiled chain32_c8/dop853 tierA                               0.3 s deb7a55b80dd
[13:43:05]   compiled chain32_c8/dop853 opt:other_small=1 state=local       0.1 s 5e9421d93a94
[13:43:05]   compiled chain32_c8/dop853 opt:other_small=1 state=shared      0.1 s deb7a55b80dd
[13:43:05]   compiled chain32_c8/dop853 opt:other_small=0 state=local       0.1 s c2bcfbb61278
[13:43:05]   compiled chain32_c8/dop853 opt:other_small=0 state=shared      0.1 s 7ebe8aacfe3f
[13:43:05]   compiled chain32_c8/dop853 opt:other_small=1 state=local stage_rhs=shared    0.1 s 730843d337c1
[13:43:05]   compiled chain32_c8/dop853 o1+stage_accumulator=shared         0.1 s 58e6220b8a1d
[13:43:05] compiles done in 4 s
[13:43:05] === chain64/dop853 n_runs 262144 duration 51.2 arms 8
[13:43:06]   tierA                            regs 255 frame  2728 sass   289 KiB shared/run    0 cells bs256x1 bs32x8 bs32x7 bs32x6 bs32x1 bs64x4 bs64x3 bs64x2 bs64x1 bs128x2 bs128x1 (0.2 s)
[13:43:06]   plain                            alias of tierA
[13:43:06]   opt:other_small=1 state=local    alias of tierA
[13:43:06]   opt:other_small=1 state=shared   regs 255 frame  2856 sass   288 KiB shared/run  260 cells bs32x7 bs32x6 bs32x5 bs32x1 bs64x3 bs64x2 bs64x1 bs128x1 (0.1 s)
[13:43:06]   opt:other_small=0 state=local    regs 255 frame  4176 sass   280 KiB shared/run    0 cells bs256x1 bs32x8 bs32x7 bs32x6 bs32x1 bs64x4 bs64x3 bs64x2 bs64x1 bs128x2 bs128x1 (0.2 s)
[13:43:06]   opt:other_small=0 state=shared   regs 255 frame  2840 sass   280 KiB shared/run  260 cells bs32x7 bs32x6 bs32x5 bs32x1 bs64x3 bs64x2 bs64x1 bs128x1 (0.1 s)
[13:43:06]   opt:other_small=1 state=local stage_rhs=shared regs 255 frame  2936 sass   296 KiB shared/run  260 cells bs32x7 bs32x6 bs32x5 bs32x1 bs64x3 bs64x2 bs64x1 bs128x1 (0.1 s)
[13:43:07]   o1+stage_accumulator=shared      regs 255 frame  8528 sass   486 KiB shared/run 2820 cells bs16x1 (0.1 s)
[13:44:04]   round 1 tierA                            bs256x1   warm   2721.03 timed   2724.90   2890.94   2966.08 ms
[13:44:16]   round 1 tierA                            bs32x8    warm   2898.48 timed   2879.12   2920.73   2835.75 ms
[13:44:26]   round 1 tierA                            bs32x7    warm   2740.23 timed   2680.72   2644.92   2857.85 ms
[13:44:37]   round 1 tierA                            bs32x6    warm   2737.28 timed   2470.54   2510.19   2551.30 ms
[13:44:48]   round 1 tierA                            bs32x1    warm   2523.69 timed   2684.80   2775.44   2893.08 ms
[13:44:58]   round 1 tierA                            bs64x4    warm   2808.37 timed   2703.38   2609.00   2553.82 ms
[13:45:09]   round 1 tierA                            bs64x3    warm   2609.90 timed   2717.91   2934.75   2676.59 ms
[13:45:19]   round 1 tierA                            bs64x2    warm   2445.98 timed   2498.69   2502.59   2621.21 ms
[13:45:30]   round 1 tierA                            bs64x1    warm   2683.82 timed   2611.36   2630.92   2604.49 ms
[13:45:40]   round 1 tierA                            bs128x2   warm   2488.18 timed   2482.31   2481.11   2481.24 ms
[13:45:50]   round 1 tierA                            bs128x1   warm   2422.65 timed   2422.70   2420.41   2420.31 ms
[13:46:01]   round 1 opt:other_small=1 state=shared   bs32x7    warm   2372.76 timed   2369.13   2372.59   2373.62 ms
[13:46:11]   round 1 opt:other_small=1 state=shared   bs32x6    warm   2383.86 timed   2383.74   2380.19   2383.19 ms
[13:46:21]   round 1 opt:other_small=1 state=shared   bs32x5    warm   2411.24 timed   2392.93   2391.49   2390.09 ms
[13:46:30]   round 1 opt:other_small=1 state=shared   bs32x1    warm   2393.10 timed   2413.81   2396.22   2372.66 ms
[13:46:40]   round 1 opt:other_small=1 state=shared   bs64x3    warm   2372.95 timed   2379.98   2380.21   2378.18 ms
[13:46:49]   round 1 opt:other_small=1 state=shared   bs64x2    warm   2389.94 timed   2397.16   2386.91   2408.21 ms
[13:47:00]   round 1 opt:other_small=1 state=shared   bs64x1    warm   2721.48 timed   2717.96   2676.42   2725.91 ms
[13:47:10]   round 1 opt:other_small=1 state=shared   bs128x1   warm   2380.83 timed   2380.64   2382.43   2382.81 ms
[13:47:22]   round 1 opt:other_small=0 state=local    bs256x1   warm   2576.91 timed   2577.96   2576.65   2574.71 ms
[13:47:33]   round 1 opt:other_small=0 state=local    bs32x8    warm   2574.46 timed   2572.60   2571.80   2573.20 ms
[13:47:43]   round 1 opt:other_small=0 state=local    bs32x7    warm   2522.90 timed   2523.67   2521.35   2543.72 ms
[13:47:53]   round 1 opt:other_small=0 state=local    bs32x6    warm   2464.21 timed   2483.32   2456.53   2451.66 ms
[13:48:03]   round 1 opt:other_small=0 state=local    bs32x1    warm   2671.62 timed   2659.46   2623.14   2770.16 ms
[13:48:14]   round 1 opt:other_small=0 state=local    bs64x4    warm   2572.81 timed   2572.94   2571.61   2595.92 ms
[13:48:24]   round 1 opt:other_small=0 state=local    bs64x3    warm   2448.33 timed   2448.09   2451.76   2446.89 ms
[13:48:33]   round 1 opt:other_small=0 state=local    bs64x2    warm   2432.43 timed   2424.01   2438.33   2429.13 ms
[13:48:45]   round 1 opt:other_small=0 state=local    bs64x1    warm   2818.23 timed   2797.04   2798.27   2816.21 ms
[13:48:55]   round 1 opt:other_small=0 state=local    bs128x2   warm   2572.12 timed   2576.35   2572.31   2575.55 ms
[13:49:05]   round 1 opt:other_small=0 state=local    bs128x1   warm   2425.38 timed   2419.77   2420.20   2424.68 ms
[13:49:17]   round 1 opt:other_small=0 state=shared   bs32x7    warm   2376.62 timed   2385.47   2401.34   2381.32 ms
[13:49:26]   round 1 opt:other_small=0 state=shared   bs32x6    warm   2389.25 timed   2395.44   2387.54   2396.34 ms
[13:49:36]   round 1 opt:other_small=0 state=shared   bs32x5    warm   2390.76 timed   2393.90   2398.63   2390.05 ms
[13:49:46]   round 1 opt:other_small=0 state=shared   bs32x1    warm   2429.24 timed   2452.82   2471.88   2496.35 ms
[13:49:55]   round 1 opt:other_small=0 state=shared   bs64x3    warm   2383.84 timed   2391.20   2387.00   2386.52 ms
[13:50:05]   round 1 opt:other_small=0 state=shared   bs64x2    warm   2379.02 timed   2386.25   2387.08   2378.30 ms
[13:50:15]   round 1 opt:other_small=0 state=shared   bs64x1    warm   2634.31 timed   2684.06   2682.98   2660.74 ms
[13:50:25]   round 1 opt:other_small=0 state=shared   bs128x1   warm   2374.98 timed   2373.93   2373.09   2377.96 ms
[13:50:37]   round 1 opt:other_small=1 state=local stage_rhs=shared bs32x7    warm   2566.65 timed   2471.71   2473.59   2474.02 ms
[13:50:47]   round 1 opt:other_small=1 state=local stage_rhs=shared bs32x6    warm   2421.30 timed   2439.27   2414.72   2409.66 ms
[13:50:57]   round 1 opt:other_small=1 state=local stage_rhs=shared bs32x5    warm   2495.14 timed   2482.91   2488.36   2483.94 ms
[13:51:07]   round 1 opt:other_small=1 state=local stage_rhs=shared bs32x1    warm   2446.36 timed   2468.86   2445.57   2452.75 ms
[13:51:16]   round 1 opt:other_small=1 state=local stage_rhs=shared bs64x3    warm   2417.92 timed   2422.86   2431.67   2423.73 ms
[13:51:26]   round 1 opt:other_small=1 state=local stage_rhs=shared bs64x2    warm   2487.03 timed   2473.05   2493.44   2475.31 ms
[13:51:37]   round 1 opt:other_small=1 state=local stage_rhs=shared bs64x1    warm   2727.75 timed   2732.86   2742.15   2717.40 ms
[13:51:47]   round 1 opt:other_small=1 state=local stage_rhs=shared bs128x1   warm   2461.17 timed   2483.19   2461.26   2461.23 ms
[13:52:38]   capped o1+stage_accumulator=shared bs16x1 warm 17065.08 ms > 3.0x floor 2369.13
[13:52:51]   round 2 opt:other_small=1 state=local stage_rhs=shared bs128x1   warm   2485.96 timed   2463.39   2464.25   2464.13 ms
[13:53:02]   round 2 opt:other_small=1 state=local stage_rhs=shared bs64x1    warm   2753.16 timed   2721.33   2700.75   2675.11 ms
[13:53:12]   round 2 opt:other_small=1 state=local stage_rhs=shared bs64x2    warm   2464.25 timed   2488.08   2468.83   2465.22 ms
[13:53:21]   round 2 opt:other_small=1 state=local stage_rhs=shared bs64x3    warm   2445.41 timed   2411.45   2419.84   2414.81 ms
[13:53:31]   round 2 opt:other_small=1 state=local stage_rhs=shared bs32x1    warm   2451.30 timed   2448.07   2464.17   2512.77 ms
[13:53:41]   round 2 opt:other_small=1 state=local stage_rhs=shared bs32x5    warm   2482.45 timed   2489.00   2482.69   2486.15 ms
[13:53:51]   round 2 opt:other_small=1 state=local stage_rhs=shared bs32x6    warm   2441.15 timed   2417.78   2415.27   2420.82 ms
[13:54:01]   round 2 opt:other_small=1 state=local stage_rhs=shared bs32x7    warm   2470.76 timed   2472.84   2471.95   2475.96 ms
[13:54:13]   round 2 opt:other_small=0 state=shared   bs128x1   warm   2375.44 timed   2373.41   2374.73   2397.76 ms
[13:54:23]   round 2 opt:other_small=0 state=shared   bs64x1    warm   2674.64 timed   2601.16   2649.70   2720.85 ms
[13:54:33]   round 2 opt:other_small=0 state=shared   bs64x2    warm   2416.00 timed   2394.84   2390.90   2382.17 ms
[13:54:42]   round 2 opt:other_small=0 state=shared   bs64x3    warm   2387.84 timed   2388.75   2390.50   2412.83 ms
[13:54:52]   round 2 opt:other_small=0 state=shared   bs32x1    warm   2393.23 timed   2393.92   2419.95   2419.41 ms
[13:55:02]   round 2 opt:other_small=0 state=shared   bs32x5    warm   2393.56 timed   2391.94   2391.65   2403.11 ms
[13:55:11]   round 2 opt:other_small=0 state=shared   bs32x6    warm   2386.35 timed   2385.06   2387.44   2388.55 ms
[13:55:21]   round 2 opt:other_small=0 state=shared   bs32x7    warm   2403.71 timed   2379.93   2384.53   2377.99 ms
[13:55:33]   round 2 opt:other_small=0 state=local    bs128x1   warm   2429.27 timed   2422.45   2424.51   2426.74 ms
[13:55:43]   round 2 opt:other_small=0 state=local    bs128x2   warm   2571.46 timed   2572.71   2571.51   2591.06 ms
[13:55:54]   round 2 opt:other_small=0 state=local    bs64x1    warm   2821.25 timed   2804.92   2823.04   2812.31 ms
[13:56:04]   round 2 opt:other_small=0 state=local    bs64x2    warm   2420.44 timed   2420.38   2431.52   2424.65 ms
[13:56:14]   round 2 opt:other_small=0 state=local    bs64x3    warm   2452.79 timed   2449.56   2453.89   2478.06 ms
[13:56:24]   round 2 opt:other_small=0 state=local    bs64x4    warm   2573.61 timed   2574.27   2575.21   2574.81 ms
[13:56:35]   round 2 opt:other_small=0 state=local    bs32x1    warm   2789.30 timed   2713.96   2649.71   2730.93 ms
[13:56:45]   round 2 opt:other_small=0 state=local    bs32x6    warm   2452.72 timed   2447.84   2476.51   2464.53 ms
[13:56:55]   round 2 opt:other_small=0 state=local    bs32x7    warm   2521.28 timed   2524.91   2521.64   2522.73 ms
[13:57:05]   round 2 opt:other_small=0 state=local    bs32x8    warm   2573.14 timed   2587.01   2573.59   2576.93 ms
[13:57:16]   round 2 opt:other_small=0 state=local    bs256x1   warm   2576.13 timed   2576.16   2597.87   2576.30 ms
[13:57:28]   round 2 opt:other_small=1 state=shared   bs128x1   warm   2382.38 timed   2382.56   2382.79   2398.41 ms
[13:57:39]   round 2 opt:other_small=1 state=shared   bs64x1    warm   2836.01 timed   2820.70   2828.54   2826.21 ms
[13:57:49]   round 2 opt:other_small=1 state=shared   bs64x2    warm   2471.60 timed   2479.61   2477.12   2480.31 ms
[13:57:58]   round 2 opt:other_small=1 state=shared   bs64x3    warm   2466.36 timed   2384.30   2386.57   2387.67 ms
[13:58:08]   round 2 opt:other_small=1 state=shared   bs32x1    warm   2412.38 timed   2403.82   2514.77   2510.86 ms
[13:58:18]   round 2 opt:other_small=1 state=shared   bs32x5    warm   2388.59 timed   2406.75   2390.98   2390.30 ms
[13:58:27]   round 2 opt:other_small=1 state=shared   bs32x6    warm   2387.39 timed   2385.79   2388.60   2392.29 ms
[13:58:37]   round 2 opt:other_small=1 state=shared   bs32x7    warm   2372.05 timed   2369.49   2368.95   2369.94 ms
[13:58:49]   round 2 tierA                            bs128x1   warm   2422.66 timed   2446.53   2422.64   2422.18 ms
[13:58:59]   round 2 tierA                            bs128x2   warm   2485.20 timed   2484.63   2480.72   2480.55 ms
[13:59:10]   round 2 tierA                            bs64x1    warm   2675.94 timed   2666.40   2601.44   2661.31 ms
[13:59:19]   round 2 tierA                            bs64x2    warm   2475.34 timed   2439.52   2452.95   2445.05 ms
[13:59:29]   round 2 tierA                            bs64x3    warm   2406.40 timed   2373.51   2375.48   2374.22 ms
[13:59:39]   round 2 tierA                            bs64x4    warm   2481.17 timed   2482.01   2483.52   2486.66 ms
[13:59:49]   round 2 tierA                            bs32x1    warm   2385.56 timed   2420.53   2395.48   2393.52 ms
[13:59:58]   round 2 tierA                            bs32x6    warm   2369.45 timed   2365.60   2372.46   2377.40 ms
[14:00:08]   round 2 tierA                            bs32x7    warm   2436.89 timed   2432.22   2434.86   2431.21 ms
[14:00:18]   round 2 tierA                            bs32x8    warm   2481.45 timed   2504.65   2482.92   2482.66 ms
[14:00:28]   round 2 tierA                            bs256x1   warm   2482.61 timed   2483.30   2484.87   2482.70 ms
[14:00:40]   round 3 opt:other_small=1 state=local stage_rhs=shared bs128x1   warm   2463.65 timed   2463.07   2463.72   2464.19 ms
[14:00:51]   round 3 opt:other_small=1 state=local stage_rhs=shared bs64x1    warm   2777.02 timed   2728.82   2715.35   2707.96 ms
[14:01:01]   round 3 opt:other_small=1 state=local stage_rhs=shared bs64x2    warm   2481.68 timed   2485.62   2476.56   2472.88 ms
[14:01:11]   round 3 opt:other_small=1 state=local stage_rhs=shared bs64x3    warm   2418.87 timed   2417.81   2419.19   2412.60 ms
[14:01:20]   round 3 opt:other_small=1 state=local stage_rhs=shared bs32x1    warm   2473.62 timed   2482.92   2469.86   2460.30 ms
[14:01:30]   round 3 opt:other_small=1 state=local stage_rhs=shared bs32x5    warm   2484.25 timed   2488.93   2484.25   2486.75 ms
[14:01:40]   round 3 opt:other_small=1 state=local stage_rhs=shared bs32x6    warm   2422.25 timed   2424.10   2417.72   2421.36 ms
[14:01:50]   round 3 opt:other_small=1 state=local stage_rhs=shared bs32x7    warm   2496.40 timed   2497.19   2473.02   2486.30 ms
[14:02:02]   round 3 opt:other_small=0 state=shared   bs128x1   warm   2377.08 timed   2374.96   2378.12   2374.86 ms
[14:02:13]   round 3 opt:other_small=0 state=shared   bs64x1    warm   2679.75 timed   2732.49   2706.23   2762.54 ms
[14:02:22]   round 3 opt:other_small=0 state=shared   bs64x2    warm   2380.52 timed   2389.57   2384.33   2384.82 ms
[14:02:32]   round 3 opt:other_small=0 state=shared   bs64x3    warm   2385.46 timed   2387.68   2389.51   2391.03 ms
[14:02:42]   round 3 opt:other_small=0 state=shared   bs32x1    warm   2400.31 timed   2419.98   2420.88   2426.23 ms
[14:02:51]   round 3 opt:other_small=0 state=shared   bs32x5    warm   2413.41 timed   2427.95   2396.44   2393.78 ms
[14:03:01]   round 3 opt:other_small=0 state=shared   bs32x6    warm   2394.71 timed   2390.37   2390.61   2392.33 ms
[14:03:10]   round 3 opt:other_small=0 state=shared   bs32x7    warm   2384.16 timed   2381.06   2381.16   2384.01 ms
[14:03:22]   round 3 opt:other_small=0 state=local    bs128x1   warm   2426.05 timed   2424.91   2417.79   2428.15 ms
[14:03:33]   round 3 opt:other_small=0 state=local    bs128x2   warm   2574.80 timed   2574.10   2571.97   2572.80 ms
[14:03:44]   round 3 opt:other_small=0 state=local    bs64x1    warm   2818.71 timed   2817.85   2810.12   2823.18 ms
[14:03:54]   round 3 opt:other_small=0 state=local    bs64x2    warm   2436.28 timed   2464.34   2440.16   2439.25 ms
[14:04:04]   round 3 opt:other_small=0 state=local    bs64x3    warm   2455.95 timed   2451.96   2458.05   2462.27 ms
[14:04:14]   round 3 opt:other_small=0 state=local    bs64x4    warm   2574.29 timed   2573.41   2572.69   2594.02 ms
[14:04:25]   round 3 opt:other_small=0 state=local    bs32x1    warm   2773.42 timed   2827.03   2757.78   2767.98 ms
[14:04:35]   round 3 opt:other_small=0 state=local    bs32x6    warm   2449.71 timed   2451.39   2447.94   2451.30 ms
[14:04:45]   round 3 opt:other_small=0 state=local    bs32x7    warm   2522.76 timed   2519.73   2542.49   2526.65 ms
[14:04:55]   round 3 opt:other_small=0 state=local    bs32x8    warm   2573.07 timed   2575.77   2573.07   2575.77 ms
[14:05:06]   round 3 opt:other_small=0 state=local    bs256x1   warm   2575.76 timed   2578.03   2575.50   2579.52 ms
[14:05:18]   round 3 opt:other_small=1 state=shared   bs128x1   warm   2382.03 timed   2401.15   2382.15   2382.45 ms
[14:05:28]   round 3 opt:other_small=1 state=shared   bs64x1    warm   2695.66 timed   2731.13   2744.24   2742.56 ms
[14:05:38]   round 3 opt:other_small=1 state=shared   bs64x2    warm   2387.44 timed   2378.75   2376.06   2380.93 ms
[14:05:48]   round 3 opt:other_small=1 state=shared   bs64x3    warm   2394.95 timed   2415.41   2373.69   2387.80 ms
[14:05:57]   round 3 opt:other_small=1 state=shared   bs32x1    warm   2389.36 timed   2421.59   2525.36   2493.79 ms
[14:06:07]   round 3 opt:other_small=1 state=shared   bs32x5    warm   2393.03 timed   2404.62   2393.59   2392.29 ms
[14:06:17]   round 3 opt:other_small=1 state=shared   bs32x6    warm   2384.06 timed   2381.26   2415.79   2382.48 ms
[14:06:26]   round 3 opt:other_small=1 state=shared   bs32x7    warm   2370.02 timed   2368.03   2368.06   2371.23 ms
[14:06:38]   round 3 tierA                            bs128x1   warm   2423.34 timed   2422.55   2423.91   2423.24 ms
[14:06:48]   round 3 tierA                            bs128x2   warm   2482.59 timed   2514.96   2509.44   2480.80 ms
[14:06:59]   round 3 tierA                            bs64x1    warm   2657.61 timed   2578.69   2639.69   2648.76 ms
[14:07:08]   round 3 tierA                            bs64x2    warm   2438.07 timed   2424.00   2433.42   2441.36 ms
[14:07:18]   round 3 tierA                            bs64x3    warm   2357.39 timed   2392.73   2366.57   2370.03 ms
[14:07:28]   round 3 tierA                            bs64x4    warm   2481.15 timed   2481.54   2485.72   2565.93 ms
[14:07:38]   round 3 tierA                            bs32x1    warm   2469.21 timed   2429.43   2441.68   2407.28 ms
[14:07:47]   round 3 tierA                            bs32x6    warm   2384.26 timed   2402.12   2388.92   2380.64 ms
[14:07:57]   round 3 tierA                            bs32x7    warm   2448.80 timed   2471.00   2432.18   2464.87 ms
[14:08:07]   round 3 tierA                            bs32x8    warm   2503.48 timed   2482.50   2482.13   2483.14 ms
[14:08:17]   round 3 tierA                            bs256x1   warm   2483.69 timed   2495.40   2495.55   2483.01 ms
[14:08:29]   round 4 opt:other_small=1 state=local stage_rhs=shared bs128x1   warm   2461.10 timed   2466.28   2463.91   2460.80 ms
[14:08:40]   round 4 opt:other_small=1 state=local stage_rhs=shared bs64x1    warm   2715.41 timed   2747.26   2746.24   2754.78 ms
[14:08:50]   round 4 opt:other_small=1 state=local stage_rhs=shared bs64x2    warm   2502.49 timed   2484.08   2490.55   2493.28 ms
[14:09:00]   round 4 opt:other_small=1 state=local stage_rhs=shared bs64x3    warm   2419.86 timed   2420.20   2411.34   2419.79 ms
[14:09:10]   round 4 opt:other_small=1 state=local stage_rhs=shared bs32x1    warm   2467.12 timed   2451.99   2493.56   2504.41 ms
[14:09:20]   round 4 opt:other_small=1 state=local stage_rhs=shared bs32x5    warm   2515.85 timed   2480.25   2540.86   2565.77 ms
[14:09:30]   round 4 opt:other_small=1 state=local stage_rhs=shared bs32x6    warm   2494.58 timed   2500.77   2499.33   2507.13 ms
[14:09:40]   round 4 opt:other_small=1 state=local stage_rhs=shared bs32x7    warm   2553.80 timed   2555.24   2549.77   2557.08 ms
[14:09:52]   round 4 opt:other_small=0 state=shared   bs128x1   warm   2452.72 timed   2451.10   2453.35   2452.25 ms
[14:10:03]   round 4 opt:other_small=0 state=shared   bs64x1    warm   2782.70 timed   2733.80   2753.12   2699.31 ms
[14:10:13]   round 4 opt:other_small=0 state=shared   bs64x2    warm   2457.45 timed   2446.67   2454.71   2484.32 ms
[14:10:23]   round 4 opt:other_small=0 state=shared   bs64x3    warm   2458.29 timed   2455.85   2471.03   2462.27 ms
[14:10:33]   round 4 opt:other_small=0 state=shared   bs32x1    warm   2502.09 timed   2467.10   2446.78   2457.08 ms
[14:10:43]   round 4 opt:other_small=0 state=shared   bs32x5    warm   2448.25 timed   2458.88   2424.56   2472.59 ms
[14:10:53]   round 4 opt:other_small=0 state=shared   bs32x6    warm   2416.73 timed   2431.51   2552.81   2521.88 ms
[14:11:03]   round 4 opt:other_small=0 state=shared   bs32x7    warm   2519.01 timed   2543.29   2572.93   2565.40 ms
[14:11:16]   round 4 opt:other_small=0 state=local    bs128x1   warm   2600.05 timed   2607.94   2600.87   2614.60 ms
[14:11:27]   round 4 opt:other_small=0 state=local    bs128x2   warm   2805.64 timed   2775.50   2708.13   2574.27 ms
[14:11:38]   round 4 opt:other_small=0 state=local    bs64x1    warm   2810.22 timed   2809.56   2805.43   2799.19 ms
[14:11:48]   round 4 opt:other_small=0 state=local    bs64x2    warm   2474.03 timed   2493.84   2472.60   2438.22 ms
[14:11:58]   round 4 opt:other_small=0 state=local    bs64x3    warm   2452.79 timed   2452.43   2452.91   2452.04 ms
[14:12:08]   round 4 opt:other_small=0 state=local    bs64x4    warm   2575.63 timed   2572.78   2571.88   2572.65 ms
[14:12:19]   round 4 opt:other_small=0 state=local    bs32x1    warm   2707.77 timed   2773.59   2844.84   2741.43 ms
[14:12:29]   round 4 opt:other_small=0 state=local    bs32x6    warm   2451.33 timed   2456.11   2461.96   2451.31 ms
[14:12:39]   round 4 opt:other_small=0 state=local    bs32x7    warm   2524.92 timed   2522.89   2533.53   2523.56 ms
[14:12:49]   round 4 opt:other_small=0 state=local    bs32x8    warm   2574.20 timed   2600.82   2572.15   2573.05 ms
[14:13:00]   round 4 opt:other_small=0 state=local    bs256x1   warm   2578.72 timed   2574.87   2576.45   2579.13 ms
[14:13:12]   round 4 opt:other_small=1 state=shared   bs128x1   warm   2382.04 timed   2380.96   2380.65   2380.31 ms
[14:13:23]   round 4 opt:other_small=1 state=shared   bs64x1    warm   2733.16 timed   2754.92   2740.49   2713.17 ms
[14:13:32]   round 4 opt:other_small=1 state=shared   bs64x2    warm   2380.05 timed   2384.95   2388.24   2380.23 ms
[14:13:42]   round 4 opt:other_small=1 state=shared   bs64x3    warm   2379.88 timed   2390.75   2378.88   2386.00 ms
[14:13:51]   round 4 opt:other_small=1 state=shared   bs32x1    warm   2447.04 timed   2403.76   2410.65   2409.40 ms
[14:14:01]   round 4 opt:other_small=1 state=shared   bs32x5    warm   2393.05 timed   2396.85   2396.03   2396.47 ms
[14:14:11]   round 4 opt:other_small=1 state=shared   bs32x6    warm   2399.27 timed   2386.37   2389.29   2388.29 ms
[14:14:20]   round 4 opt:other_small=1 state=shared   bs32x7    warm   2389.73 timed   2378.80   2367.93   2366.10 ms
[14:14:32]   round 4 tierA                            bs128x1   warm   2428.01 timed   2422.32   2423.69   2422.94 ms
[14:14:42]   round 4 tierA                            bs128x2   warm   2480.80 timed   2481.08   2481.78   2504.01 ms
[14:14:53]   round 4 tierA                            bs64x1    warm   2612.32 timed   2603.86   2655.37   2634.79 ms
[14:15:02]   round 4 tierA                            bs64x2    warm   2439.47 timed   2440.81   2439.96   2441.23 ms
[14:15:12]   round 4 tierA                            bs64x3    warm   2363.53 timed   2363.07   2368.10   2367.93 ms
[14:15:22]   round 4 tierA                            bs64x4    warm   2504.85 timed   2481.04   2482.62   2483.01 ms
[14:15:32]   round 4 tierA                            bs32x1    warm   2429.07 timed   2431.68   2400.09   2439.79 ms
[14:15:41]   round 4 tierA                            bs32x6    warm   2373.80 timed   2364.08   2377.81   2367.51 ms
[14:15:51]   round 4 tierA                            bs32x7    warm   2458.20 timed   2433.10   2435.02   2441.20 ms
[14:16:01]   round 4 tierA                            bs32x8    warm   2482.17 timed   2481.91   2483.57   2486.59 ms
[14:16:11]   round 4 tierA                            bs256x1   warm   2484.64 timed   2483.50   2482.84   2483.15 ms
[14:16:11] chain64/dop853 tierA                            bs256x1    blk/SM  1 best  2482.700 ms
[14:16:11] chain64/dop853 tierA                            bs32x8     blk/SM  8 best  2481.910 ms
[14:16:11] chain64/dop853 tierA                            bs32x7     blk/SM  7 best  2431.206 ms
[14:16:11] chain64/dop853 tierA                            bs32x6     blk/SM  6 best  2364.080 ms
[14:16:11] chain64/dop853 tierA                            bs32x1     blk/SM  1 best  2393.524 ms
[14:16:11] chain64/dop853 tierA                            bs64x4     blk/SM  4 best  2481.042 ms
[14:16:11] chain64/dop853 tierA                            bs64x3     blk/SM  3 best  2363.074 ms
[14:16:11] chain64/dop853 tierA                            bs64x2     blk/SM  2 best  2423.995 ms
[14:16:11] chain64/dop853 tierA                            bs64x1     blk/SM  1 best  2578.692 ms
[14:16:11] chain64/dop853 tierA                            bs128x2    blk/SM  2 best  2480.554 ms
[14:16:11] chain64/dop853 tierA                            bs128x1    blk/SM  1 best  2420.310 ms
[14:16:11] chain64/dop853 opt:other_small=1 state=shared   bs32x7     blk/SM  7 best  2366.100 ms
[14:16:11] chain64/dop853 opt:other_small=1 state=shared   bs32x6     blk/SM  6 best  2380.194 ms
[14:16:11] chain64/dop853 opt:other_small=1 state=shared   bs32x5     blk/SM  5 best  2390.085 ms
[14:16:11] chain64/dop853 opt:other_small=1 state=shared   bs32x1     blk/SM  1 best  2372.659 ms
[14:16:11] chain64/dop853 opt:other_small=1 state=shared   bs64x3     blk/SM  3 best  2373.690 ms
[14:16:11] chain64/dop853 opt:other_small=1 state=shared   bs64x2     blk/SM  2 best  2376.059 ms
[14:16:11] chain64/dop853 opt:other_small=1 state=shared   bs64x1     blk/SM  1 best  2676.421 ms
[14:16:11] chain64/dop853 opt:other_small=1 state=shared   bs128x1    blk/SM  1 best  2380.312 ms
[14:16:11] chain64/dop853 opt:other_small=0 state=local    bs256x1    blk/SM  1 best  2574.713 ms
[14:16:11] chain64/dop853 opt:other_small=0 state=local    bs32x8     blk/SM  8 best  2571.801 ms
[14:16:11] chain64/dop853 opt:other_small=0 state=local    bs32x7     blk/SM  7 best  2519.728 ms
[14:16:11] chain64/dop853 opt:other_small=0 state=local    bs32x6     blk/SM  6 best  2447.839 ms
[14:16:11] chain64/dop853 opt:other_small=0 state=local    bs32x1     blk/SM  1 best  2623.138 ms
[14:16:11] chain64/dop853 opt:other_small=0 state=local    bs64x4     blk/SM  4 best  2571.610 ms
[14:16:11] chain64/dop853 opt:other_small=0 state=local    bs64x3     blk/SM  3 best  2446.888 ms
[14:16:11] chain64/dop853 opt:other_small=0 state=local    bs64x2     blk/SM  2 best  2420.377 ms
[14:16:11] chain64/dop853 opt:other_small=0 state=local    bs64x1     blk/SM  1 best  2797.041 ms
[14:16:11] chain64/dop853 opt:other_small=0 state=local    bs128x2    blk/SM  2 best  2571.508 ms
[14:16:11] chain64/dop853 opt:other_small=0 state=local    bs128x1    blk/SM  1 best  2417.792 ms
[14:16:11] chain64/dop853 opt:other_small=0 state=shared   bs32x7     blk/SM  7 best  2377.992 ms
[14:16:11] chain64/dop853 opt:other_small=0 state=shared   bs32x6     blk/SM  6 best  2385.063 ms
[14:16:11] chain64/dop853 opt:other_small=0 state=shared   bs32x5     blk/SM  5 best  2390.045 ms
[14:16:11] chain64/dop853 opt:other_small=0 state=shared   bs32x1     blk/SM  1 best  2393.917 ms
[14:16:11] chain64/dop853 opt:other_small=0 state=shared   bs64x3     blk/SM  3 best  2386.525 ms
[14:16:11] chain64/dop853 opt:other_small=0 state=shared   bs64x2     blk/SM  2 best  2378.305 ms
[14:16:11] chain64/dop853 opt:other_small=0 state=shared   bs64x1     blk/SM  1 best  2601.164 ms
[14:16:11] chain64/dop853 opt:other_small=0 state=shared   bs128x1    blk/SM  1 best  2373.091 ms
[14:16:11] chain64/dop853 opt:other_small=1 state=local stage_rhs=shared bs32x7     blk/SM  7 best  2471.708 ms
[14:16:11] chain64/dop853 opt:other_small=1 state=local stage_rhs=shared bs32x6     blk/SM  6 best  2409.660 ms
[14:16:11] chain64/dop853 opt:other_small=1 state=local stage_rhs=shared bs32x5     blk/SM  5 best  2480.247 ms
[14:16:11] chain64/dop853 opt:other_small=1 state=local stage_rhs=shared bs32x1     blk/SM  1 best  2445.574 ms
[14:16:11] chain64/dop853 opt:other_small=1 state=local stage_rhs=shared bs64x3     blk/SM  3 best  2411.342 ms
[14:16:11] chain64/dop853 opt:other_small=1 state=local stage_rhs=shared bs64x2     blk/SM  2 best  2465.223 ms
[14:16:11] chain64/dop853 opt:other_small=1 state=local stage_rhs=shared bs64x1     blk/SM  1 best  2675.114 ms
[14:16:11] chain64/dop853 opt:other_small=1 state=local stage_rhs=shared bs128x1    blk/SM  1 best  2460.803 ms
[14:16:11] chain64/dop853 o1+stage_accumulator=shared      bs16x1     blk/SM  1 best 17065.078 ms capped
[14:16:11] === chain64/dop853 done in 1985.3 s
[14:16:11] === chain32_c8/cash-karp-54 n_runs 262144 duration 51.2 arms 8
[14:16:11]   tierA                            regs 240 frame     0 sass    54 KiB shared/run    0 cells bs32x8 bs64x4 bs128x2 bs256x1 (0.1 s)
[14:16:11]   plain                            alias of tierA
[14:16:11]   opt:other_small=1 state=local    alias of tierA
[14:16:11]   opt:other_small=1 state=shared   regs 190 frame     0 sass    56 KiB shared/run  132 cells bs32x8 bs64x4 bs128x2 bs256x1 (0.1 s)
[14:16:11]   opt:other_small=0 state=local    regs 226 frame   544 sass    53 KiB shared/run    0 cells bs32x8 bs32x7 bs32x6 bs32x1 bs64x4 bs64x3 bs64x2 bs64x1 bs128x2 bs128x1 bs256x1 (0.1 s)
[14:16:11]   opt:other_small=0 state=shared   regs 187 frame     0 sass    53 KiB shared/run  132 cells bs32x8 bs64x4 bs128x2 bs256x1 (0.1 s)
[14:16:11]   opt:other_small=1 state=local stage_rhs=shared regs 244 frame     0 sass    55 KiB shared/run  132 cells bs32x8 bs64x4 bs128x2 bs256x1 (0.1 s)
[14:16:11]   o1+stage_accumulator=shared      regs 255 frame   352 sass    62 KiB shared/run  644 cells bs32x3 bs32x2 bs32x1 bs64x1 (0.1 s)
[14:16:13]   round 1 tierA                            bs32x8    warm     59.37 timed     59.64     59.31     59.35 ms
[14:16:14]   round 1 tierA                            bs64x4    warm     62.10 timed     62.10     62.20     62.03 ms
[14:16:14]   round 1 tierA                            bs128x2   warm     59.20 timed     59.87     59.50     59.38 ms
[14:16:14]   round 1 tierA                            bs256x1   warm     58.02 timed     57.83     58.20     58.03 ms
[14:16:14]   round 1 opt:other_small=1 state=shared   bs32x8    warm     61.85 timed     61.92     62.00     61.83 ms
[14:16:15]   round 1 opt:other_small=1 state=shared   bs64x4    warm     65.55 timed     65.42     65.57     65.39 ms
[14:16:15]   round 1 opt:other_small=1 state=shared   bs128x2   warm     61.27 timed     60.90     61.15     61.19 ms
[14:16:15]   round 1 opt:other_small=1 state=shared   bs256x1   warm     59.53 timed     59.51     59.57     59.42 ms
[14:16:15]   round 1 opt:other_small=0 state=local    bs32x8    warm     66.87 timed     66.97     66.78     66.98 ms
[14:16:16]   round 1 opt:other_small=0 state=local    bs32x7    warm     80.61 timed     80.55     80.47     80.57 ms
[14:16:16]   round 1 opt:other_small=0 state=local    bs32x6    warm     85.72 timed     85.68     85.81     85.93 ms
[14:16:17]   capped opt:other_small=0 state=local bs32x1 warm 315.18 ms > 3.0x floor 57.83
[14:16:17]   round 1 opt:other_small=0 state=local    bs64x4    warm     70.08 timed     70.28     70.17     70.27 ms
[14:16:17]   round 1 opt:other_small=0 state=local    bs64x3    warm     86.81 timed     87.09     87.05     86.75 ms
[14:16:18]   round 1 opt:other_small=0 state=local    bs64x2    warm     93.22 timed     93.40     93.36     93.40 ms
[14:16:18]   round 1 opt:other_small=0 state=local    bs64x1    warm    158.91 timed    159.28    159.22    159.02 ms
[14:16:19]   round 1 opt:other_small=0 state=local    bs128x2   warm     65.59 timed     66.22     65.94     66.07 ms
[14:16:19]   round 1 opt:other_small=0 state=local    bs128x1   warm     84.06 timed     84.20     84.14     84.22 ms
[14:16:19]   round 1 opt:other_small=0 state=local    bs256x1   warm     64.06 timed     63.89     64.35     64.19 ms
[14:16:20]   round 1 opt:other_small=0 state=shared   bs32x8    warm     65.85 timed     66.01     65.98     65.83 ms
[14:16:20]   round 1 opt:other_small=0 state=shared   bs64x4    warm     69.14 timed     68.83     69.09     69.10 ms
[14:16:20]   round 1 opt:other_small=0 state=shared   bs128x2   warm     64.92 timed     64.92     65.27     65.17 ms
[14:16:20]   round 1 opt:other_small=0 state=shared   bs256x1   warm     61.30 timed     61.36     61.52     61.26 ms
[14:16:21]   round 1 opt:other_small=1 state=local stage_rhs=shared bs32x8    warm     60.19 timed     60.02     60.05     60.29 ms
[14:16:21]   round 1 opt:other_small=1 state=local stage_rhs=shared bs64x4    warm     63.17 timed     63.24     63.28     63.35 ms
[14:16:21]   round 1 opt:other_small=1 state=local stage_rhs=shared bs128x2   warm     59.56 timed     64.60     62.73     62.57 ms
[14:16:22]   round 1 opt:other_small=1 state=local stage_rhs=shared bs256x1   warm     60.93 timed     58.36     60.01     60.89 ms
[14:16:22]   round 1 o1+stage_accumulator=shared      bs32x3    warm    165.96 timed    165.46    165.75    165.48 ms
[14:16:23]   capped o1+stage_accumulator=shared bs32x2 warm 241.18 ms > 3.0x floor 57.83
[14:16:24]   capped o1+stage_accumulator=shared bs32x1 warm 470.65 ms > 3.0x floor 57.83
[14:16:24]   capped o1+stage_accumulator=shared bs64x1 warm 232.29 ms > 3.0x floor 57.83
[14:16:25]   round 2 o1+stage_accumulator=shared      bs32x3    warm    160.97 timed    160.33    159.99    160.48 ms
[14:16:25]   round 2 opt:other_small=1 state=local stage_rhs=shared bs256x1   warm     58.69 timed     58.39     58.42     58.52 ms
[14:16:25]   round 2 opt:other_small=1 state=local stage_rhs=shared bs128x2   warm     59.70 timed     60.20     60.15     59.74 ms
[14:16:26]   round 2 opt:other_small=1 state=local stage_rhs=shared bs64x4    warm     62.51 timed     62.68     62.65     62.65 ms
[14:16:26]   round 2 opt:other_small=1 state=local stage_rhs=shared bs32x8    warm     59.78 timed     59.85     59.85     59.84 ms
[14:16:26]   round 2 opt:other_small=0 state=shared   bs256x1   warm     61.35 timed     61.46     61.39     61.33 ms
[14:16:27]   round 2 opt:other_small=0 state=shared   bs128x2   warm     65.08 timed     65.25     65.25     65.40 ms
[14:16:27]   round 2 opt:other_small=0 state=shared   bs64x4    warm     69.91 timed     69.89     69.51     69.74 ms
[14:16:27]   round 2 opt:other_small=0 state=shared   bs32x8    warm     65.90 timed     66.17     66.01     65.98 ms
[14:16:27]   round 2 opt:other_small=0 state=local    bs256x1   warm     63.89 timed     63.90     63.90     63.77 ms
[14:16:28]   round 2 opt:other_small=0 state=local    bs128x1   warm     84.05 timed     84.30     84.30     84.43 ms
[14:16:28]   round 2 opt:other_small=0 state=local    bs128x2   warm     65.88 timed     66.21     66.25     65.81 ms
[14:16:29]   round 2 opt:other_small=0 state=local    bs64x1    warm    158.86 timed    159.15    159.14    158.80 ms
[14:16:29]   round 2 opt:other_small=0 state=local    bs64x2    warm     98.26 timed     98.81     98.18     98.14 ms
[14:16:29]   round 2 opt:other_small=0 state=local    bs64x3    warm     87.42 timed     87.30     87.36     87.21 ms
[14:16:30]   round 2 opt:other_small=0 state=local    bs64x4    warm     71.19 timed     71.28     71.22     71.26 ms
[14:16:30]   round 2 opt:other_small=0 state=local    bs32x6    warm     85.68 timed     86.08     85.84     85.65 ms
[14:16:30]   round 2 opt:other_small=0 state=local    bs32x7    warm     80.47 timed     80.53     80.59     80.54 ms
[14:16:31]   round 2 opt:other_small=0 state=local    bs32x8    warm     67.21 timed     66.84     67.39     67.06 ms
[14:16:31]   round 2 opt:other_small=1 state=shared   bs256x1   warm     59.16 timed     59.58     59.57     59.26 ms
[14:16:31]   round 2 opt:other_small=1 state=shared   bs128x2   warm     61.15 timed     61.39     61.11     61.52 ms
[14:16:31]   round 2 opt:other_small=1 state=shared   bs64x4    warm     65.71 timed     65.18     65.32     66.01 ms
[14:16:32]   round 2 opt:other_small=1 state=shared   bs32x8    warm     61.73 timed     61.72     62.06     62.03 ms
[14:16:32]   round 2 tierA                            bs256x1   warm     57.82 timed     57.78     58.30     57.86 ms
[14:16:32]   round 2 tierA                            bs128x2   warm     58.93 timed     59.28     59.75     59.17 ms
[14:16:33]   round 2 tierA                            bs64x4    warm     62.06 timed     62.06     62.11     62.41 ms
[14:16:33]   round 2 tierA                            bs32x8    warm     59.46 timed     59.59     59.69     59.49 ms
[14:16:34]   round 3 o1+stage_accumulator=shared      bs32x3    warm    160.55 timed    160.01    160.30    160.72 ms
[14:16:34]   round 3 opt:other_small=1 state=local stage_rhs=shared bs256x1   warm     58.48 timed     58.35     58.40     58.20 ms
[14:16:34]   round 3 opt:other_small=1 state=local stage_rhs=shared bs128x2   warm     59.87 timed     59.68     59.80     59.91 ms
[14:16:34]   round 3 opt:other_small=1 state=local stage_rhs=shared bs64x4    warm     62.32 timed     62.45     62.48     62.30 ms
[14:16:35]   round 3 opt:other_small=1 state=local stage_rhs=shared bs32x8    warm     59.81 timed     59.72     59.74     59.85 ms
[14:16:35]   round 3 opt:other_small=0 state=shared   bs256x1   warm     61.01 timed     61.33     61.52     61.32 ms
[14:16:35]   round 3 opt:other_small=0 state=shared   bs128x2   warm     65.34 timed     65.25     64.96     65.20 ms
[14:16:35]   round 3 opt:other_small=0 state=shared   bs64x4    warm     69.56 timed     69.46     69.58     69.51 ms
[14:16:36]   round 3 opt:other_small=0 state=shared   bs32x8    warm     66.17 timed     65.97     65.50     65.52 ms
[14:16:36]   round 3 opt:other_small=0 state=local    bs256x1   warm     63.85 timed     63.97     63.92     64.00 ms
[14:16:36]   round 3 opt:other_small=0 state=local    bs128x1   warm     84.29 timed     84.14     84.21     84.33 ms
[14:16:37]   round 3 opt:other_small=0 state=local    bs128x2   warm     66.30 timed     65.87     66.08     66.18 ms
[14:16:37]   round 3 opt:other_small=0 state=local    bs64x1    warm    159.08 timed    159.14    158.91    158.98 ms
[14:16:38]   round 3 opt:other_small=0 state=local    bs64x2    warm     93.48 timed     93.27     93.39     93.26 ms
[14:16:38]   round 3 opt:other_small=0 state=local    bs64x3    warm     86.74 timed     86.75     86.86     86.93 ms
[14:16:38]   round 3 opt:other_small=0 state=local    bs64x4    warm     70.13 timed     69.94     70.23     70.13 ms
[14:16:39]   round 3 opt:other_small=0 state=local    bs32x6    warm     86.04 timed     85.76     85.49     85.85 ms
[14:16:39]   round 3 opt:other_small=0 state=local    bs32x7    warm     80.51 timed     80.59     80.49     80.51 ms
[14:16:39]   round 3 opt:other_small=0 state=local    bs32x8    warm     67.39 timed     66.98     67.11     66.88 ms
[14:16:40]   round 3 opt:other_small=1 state=shared   bs256x1   warm     59.18 timed     59.33     59.36     59.37 ms
[14:16:40]   round 3 opt:other_small=1 state=shared   bs128x2   warm     61.74 timed     60.88     61.52     61.37 ms
[14:16:40]   round 3 opt:other_small=1 state=shared   bs64x4    warm     66.02 timed     66.13     66.49     66.24 ms
[14:16:40]   round 3 opt:other_small=1 state=shared   bs32x8    warm     62.16 timed     61.84     61.93     62.00 ms
[14:16:41]   round 3 tierA                            bs256x1   warm     58.21 timed     57.91     57.66     57.90 ms
[14:16:41]   round 3 tierA                            bs128x2   warm     58.97 timed     59.17     59.57     59.33 ms
[14:16:41]   round 3 tierA                            bs64x4    warm     61.49 timed     61.54     61.72     61.56 ms
[14:16:41]   round 3 tierA                            bs32x8    warm     59.29 timed     59.43     59.26     59.51 ms
[14:16:42]   round 4 o1+stage_accumulator=shared      bs32x3    warm    160.85 timed    160.29    180.22    165.71 ms
[14:16:43]   round 4 opt:other_small=1 state=local stage_rhs=shared bs256x1   warm     59.49 timed     58.47     58.22     58.36 ms
[14:16:43]   round 4 opt:other_small=1 state=local stage_rhs=shared bs128x2   warm     59.90 timed     59.94     59.59     59.85 ms
[14:16:43]   round 4 opt:other_small=1 state=local stage_rhs=shared bs64x4    warm     64.12 timed     63.96     63.95     63.96 ms
[14:16:43]   round 4 opt:other_small=1 state=local stage_rhs=shared bs32x8    warm     60.03 timed     59.88     59.93     59.88 ms
[14:16:44]   round 4 opt:other_small=0 state=shared   bs256x1   warm     61.36 timed     61.48     61.37     61.61 ms
[14:16:44]   round 4 opt:other_small=0 state=shared   bs128x2   warm     65.32 timed     65.08     65.21     65.10 ms
[14:16:44]   round 4 opt:other_small=0 state=shared   bs64x4    warm     71.23 timed     71.14     71.02     71.03 ms
[14:16:44]   round 4 opt:other_small=0 state=shared   bs32x8    warm     65.75 timed     65.61     65.74     65.67 ms
[14:16:45]   round 4 opt:other_small=0 state=local    bs256x1   warm     64.06 timed     64.06     64.01     64.24 ms
[14:16:45]   round 4 opt:other_small=0 state=local    bs128x1   warm     83.85 timed     84.09     84.18     84.20 ms
[14:16:45]   round 4 opt:other_small=0 state=local    bs128x2   warm     66.13 timed     65.83     66.34     66.24 ms
[14:16:46]   round 4 opt:other_small=0 state=local    bs64x1    warm    158.65 timed    158.92    158.83    159.08 ms
[14:16:46]   round 4 opt:other_small=0 state=local    bs64x2    warm     95.94 timed     95.54     95.38     95.41 ms
[14:16:47]   round 4 opt:other_small=0 state=local    bs64x3    warm     86.97 timed     87.22     87.10     87.16 ms
[14:16:47]   round 4 opt:other_small=0 state=local    bs64x4    warm     70.80 timed     70.52     70.80     70.66 ms
[14:16:47]   round 4 opt:other_small=0 state=local    bs32x6    warm     85.44 timed     85.73     85.74     85.60 ms
[14:16:48]   round 4 opt:other_small=0 state=local    bs32x7    warm     80.60 timed     80.45     80.55     80.63 ms
[14:16:48]   round 4 opt:other_small=0 state=local    bs32x8    warm     67.25 timed     67.14     67.04     67.24 ms
[14:16:48]   round 4 opt:other_small=1 state=shared   bs256x1   warm     59.07 timed     59.23     59.45     59.72 ms
[14:16:49]   round 4 opt:other_small=1 state=shared   bs128x2   warm     61.57 timed     60.91     61.15     60.84 ms
[14:16:49]   round 4 opt:other_small=1 state=shared   bs64x4    warm     65.66 timed     65.95     65.97     65.83 ms
[14:16:49]   round 4 opt:other_small=1 state=shared   bs32x8    warm     61.87 timed     61.70     61.72     61.80 ms
[14:16:49]   round 4 tierA                            bs256x1   warm     58.26 timed     57.95     58.41     57.96 ms
[14:16:50]   round 4 tierA                            bs128x2   warm     59.32 timed     59.71     59.18     59.43 ms
[14:16:50]   round 4 tierA                            bs64x4    warm     62.45 timed     64.94     62.49     62.43 ms
[14:16:50]   round 4 tierA                            bs32x8    warm     59.39 timed     59.41     59.18     59.29 ms
[14:16:50] chain32_c8/cash-karp-54 tierA                            bs32x8     blk/SM  8 best    59.179 ms
[14:16:50] chain32_c8/cash-karp-54 tierA                            bs64x4     blk/SM  4 best    61.542 ms
[14:16:50] chain32_c8/cash-karp-54 tierA                            bs128x2    blk/SM  2 best    59.167 ms
[14:16:50] chain32_c8/cash-karp-54 tierA                            bs256x1    blk/SM  1 best    57.657 ms
[14:16:50] chain32_c8/cash-karp-54 opt:other_small=1 state=shared   bs32x8     blk/SM  8 best    61.703 ms
[14:16:50] chain32_c8/cash-karp-54 opt:other_small=1 state=shared   bs64x4     blk/SM  4 best    65.181 ms
[14:16:50] chain32_c8/cash-karp-54 opt:other_small=1 state=shared   bs128x2    blk/SM  2 best    60.840 ms
[14:16:50] chain32_c8/cash-karp-54 opt:other_small=1 state=shared   bs256x1    blk/SM  1 best    59.229 ms
[14:16:50] chain32_c8/cash-karp-54 opt:other_small=0 state=local    bs32x8     blk/SM  8 best    66.776 ms
[14:16:50] chain32_c8/cash-karp-54 opt:other_small=0 state=local    bs32x7     blk/SM  7 best    80.454 ms
[14:16:50] chain32_c8/cash-karp-54 opt:other_small=0 state=local    bs32x6     blk/SM  6 best    85.486 ms
[14:16:50] chain32_c8/cash-karp-54 opt:other_small=0 state=local    bs32x1     blk/SM  1 best   315.177 ms capped
[14:16:50] chain32_c8/cash-karp-54 opt:other_small=0 state=local    bs64x4     blk/SM  4 best    69.936 ms
[14:16:50] chain32_c8/cash-karp-54 opt:other_small=0 state=local    bs64x3     blk/SM  3 best    86.747 ms
[14:16:50] chain32_c8/cash-karp-54 opt:other_small=0 state=local    bs64x2     blk/SM  2 best    93.262 ms
[14:16:50] chain32_c8/cash-karp-54 opt:other_small=0 state=local    bs64x1     blk/SM  1 best   158.800 ms
[14:16:50] chain32_c8/cash-karp-54 opt:other_small=0 state=local    bs128x2    blk/SM  2 best    65.810 ms
[14:16:50] chain32_c8/cash-karp-54 opt:other_small=0 state=local    bs128x1    blk/SM  1 best    84.093 ms
[14:16:50] chain32_c8/cash-karp-54 opt:other_small=0 state=local    bs256x1    blk/SM  1 best    63.771 ms
[14:16:50] chain32_c8/cash-karp-54 opt:other_small=0 state=shared   bs32x8     blk/SM  8 best    65.503 ms
[14:16:50] chain32_c8/cash-karp-54 opt:other_small=0 state=shared   bs64x4     blk/SM  4 best    68.833 ms
[14:16:50] chain32_c8/cash-karp-54 opt:other_small=0 state=shared   bs128x2    blk/SM  2 best    64.924 ms
[14:16:50] chain32_c8/cash-karp-54 opt:other_small=0 state=shared   bs256x1    blk/SM  1 best    61.262 ms
[14:16:50] chain32_c8/cash-karp-54 opt:other_small=1 state=local stage_rhs=shared bs32x8     blk/SM  8 best    59.722 ms
[14:16:50] chain32_c8/cash-karp-54 opt:other_small=1 state=local stage_rhs=shared bs64x4     blk/SM  4 best    62.301 ms
[14:16:50] chain32_c8/cash-karp-54 opt:other_small=1 state=local stage_rhs=shared bs128x2    blk/SM  2 best    59.586 ms
[14:16:50] chain32_c8/cash-karp-54 opt:other_small=1 state=local stage_rhs=shared bs256x1    blk/SM  1 best    58.202 ms
[14:16:50] chain32_c8/cash-karp-54 o1+stage_accumulator=shared      bs32x3     blk/SM  3 best   159.994 ms
[14:16:50] chain32_c8/cash-karp-54 o1+stage_accumulator=shared      bs32x2     blk/SM  2 best   241.183 ms capped
[14:16:50] chain32_c8/cash-karp-54 o1+stage_accumulator=shared      bs32x1     blk/SM  1 best   470.653 ms capped
[14:16:50] chain32_c8/cash-karp-54 o1+stage_accumulator=shared      bs64x1     blk/SM  1 best   232.288 ms capped
[14:16:50] === chain32_c8/cash-karp-54 done in 39.4 s
[14:16:50] === chain32_c8/dormand-prince-54 n_runs 262144 duration 51.2 arms 8
[14:16:50]   tierA                            regs 255 frame     0 sass    60 KiB shared/run    0 cells bs32x8 bs64x4 bs128x2 bs256x1 (0.1 s)
[14:16:50]   plain                            alias of tierA
[14:16:50]   opt:other_small=1 state=local    alias of tierA
[14:16:50]   opt:other_small=1 state=shared   regs 255 frame     0 sass    62 KiB shared/run  132 cells bs32x8 bs64x4 bs128x2 bs256x1 (0.1 s)
[14:16:51]   opt:other_small=0 state=local    regs 229 frame   528 sass    58 KiB shared/run    0 cells bs32x8 bs32x7 bs32x6 bs32x1 bs64x4 bs64x3 bs64x2 bs64x1 bs128x2 bs128x1 bs256x1 (0.1 s)
[14:16:51]   opt:other_small=0 state=shared   regs 254 frame     0 sass    64 KiB shared/run  132 cells bs256x1 bs32x8 bs64x4 bs128x2 (0.1 s)
[14:16:51]   opt:other_small=1 state=local stage_rhs=shared regs 254 frame     0 sass    61 KiB shared/run  132 cells bs32x8 bs64x4 bs128x2 bs256x1 (0.1 s)
[14:16:51]   o1+stage_accumulator=shared      regs 255 frame   328 sass    69 KiB shared/run  772 cells bs64x1 bs32x2 bs32x1 (0.1 s)
[14:16:53]   round 1 tierA                            bs32x8    warm     72.05 timed     73.34     74.50     74.47 ms
[14:16:53]   round 1 tierA                            bs64x4    warm     78.06 timed     77.37     77.66     77.71 ms
[14:16:53]   round 1 tierA                            bs128x2   warm     70.44 timed     70.24     68.67     69.39 ms
[14:16:54]   round 1 tierA                            bs256x1   warm     68.12 timed     67.86     68.05     68.07 ms
[14:16:54]   round 1 opt:other_small=1 state=shared   bs32x8    warm     76.20 timed     76.11     72.99     76.84 ms
[14:16:54]   round 1 opt:other_small=1 state=shared   bs64x4    warm     78.43 timed     78.55     78.43     78.67 ms
[14:16:55]   round 1 opt:other_small=1 state=shared   bs128x2   warm     70.90 timed     71.42     72.01     71.63 ms
[14:16:55]   round 1 opt:other_small=1 state=shared   bs256x1   warm     71.37 timed     69.84     70.33     71.19 ms
[14:16:55]   round 1 opt:other_small=0 state=local    bs32x8    warm     83.53 timed     84.15     84.30     83.62 ms
[14:16:56]   round 1 opt:other_small=0 state=local    bs32x7    warm    101.80 timed     99.39     99.80     99.78 ms
[14:16:56]   round 1 opt:other_small=0 state=local    bs32x6    warm    109.14 timed    106.64    107.00    108.30 ms
[14:16:57]   capped opt:other_small=0 state=local bs32x1 warm 466.21 ms > 3.0x floor 67.86
[14:16:57]   round 1 opt:other_small=0 state=local    bs64x4    warm     86.10 timed     86.43     86.95     86.46 ms
[14:16:58]   round 1 opt:other_small=0 state=local    bs64x3    warm    109.70 timed    114.26    109.15    109.55 ms
[14:16:58]   round 1 opt:other_small=0 state=local    bs64x2    warm    132.70 timed    131.75    130.32    133.16 ms
[14:16:59]   capped opt:other_small=0 state=local bs64x1 warm 235.96 ms > 3.0x floor 67.86
[14:16:59]   round 1 opt:other_small=0 state=local    bs128x2   warm     80.38 timed     80.22     80.70     80.36 ms
[14:17:00]   round 1 opt:other_small=0 state=local    bs128x1   warm    126.74 timed    124.78    130.02    124.72 ms
[14:17:00]   round 1 opt:other_small=0 state=local    bs256x1   warm     75.71 timed     76.28     75.67     75.74 ms
[14:17:00]   round 1 opt:other_small=0 state=shared   bs256x1   warm     74.33 timed     74.68     74.66     74.21 ms
[14:17:01]   round 1 opt:other_small=0 state=shared   bs32x8    warm     83.02 timed     82.89     83.55     83.74 ms
[14:17:01]   round 1 opt:other_small=0 state=shared   bs64x4    warm     85.46 timed     84.62     85.30     85.15 ms
[14:17:01]   round 1 opt:other_small=0 state=shared   bs128x2   warm     78.24 timed     78.39     78.37     78.51 ms
[14:17:02]   round 1 opt:other_small=1 state=local stage_rhs=shared bs32x8    warm     74.38 timed     74.47     72.04     74.93 ms
[14:17:02]   round 1 opt:other_small=1 state=local stage_rhs=shared bs64x4    warm     74.65 timed     74.70     75.01     75.06 ms
[14:17:02]   round 1 opt:other_small=1 state=local stage_rhs=shared bs128x2   warm     70.49 timed     70.38     70.05     67.74 ms
[14:17:03]   round 1 opt:other_small=1 state=local stage_rhs=shared bs256x1   warm     70.66 timed     70.90     70.82     71.45 ms
[14:17:04]   capped o1+stage_accumulator=shared bs64x1 warm 271.53 ms > 3.0x floor 67.74
[14:17:04]   capped o1+stage_accumulator=shared bs32x2 warm 272.39 ms > 3.0x floor 67.74
[14:17:05]   capped o1+stage_accumulator=shared bs32x1 warm 540.85 ms > 3.0x floor 67.74
[14:17:06]   round 2 opt:other_small=1 state=local stage_rhs=shared bs256x1   warm     70.90 timed     71.06     70.84     70.86 ms
[14:17:06]   round 2 opt:other_small=1 state=local stage_rhs=shared bs128x2   warm     70.04 timed     67.45     69.97     70.01 ms
[14:17:06]   round 2 opt:other_small=1 state=local stage_rhs=shared bs64x4    warm     75.51 timed     75.41     75.46     75.70 ms
[14:17:06]   round 2 opt:other_small=1 state=local stage_rhs=shared bs32x8    warm     73.64 timed     74.09     72.27     71.31 ms
[14:17:07]   round 2 opt:other_small=0 state=shared   bs128x2   warm     78.95 timed     78.91     78.13     78.27 ms
[14:17:07]   round 2 opt:other_small=0 state=shared   bs64x4    warm     86.04 timed     85.94     86.04     85.58 ms
[14:17:07]   round 2 opt:other_small=0 state=shared   bs32x8    warm     83.25 timed     82.90     83.05     83.81 ms
[14:17:08]   round 2 opt:other_small=0 state=shared   bs256x1   warm     74.41 timed     74.59     75.06     74.40 ms
[14:17:08]   round 2 opt:other_small=0 state=local    bs256x1   warm     75.84 timed     75.52     75.70     75.64 ms
[14:17:09]   round 2 opt:other_small=0 state=local    bs128x1   warm    124.39 timed    127.44    124.48    127.30 ms
[14:17:09]   round 2 opt:other_small=0 state=local    bs128x2   warm     80.82 timed     80.55     82.51     80.40 ms
[14:17:10]   round 2 opt:other_small=0 state=local    bs64x2    warm    131.28 timed    134.27    133.59    131.35 ms
[14:17:10]   round 2 opt:other_small=0 state=local    bs64x3    warm    110.82 timed    108.64    108.59    111.22 ms
[14:17:10]   round 2 opt:other_small=0 state=local    bs64x4    warm     85.85 timed     86.85     86.22     85.62 ms
[14:17:11]   round 2 opt:other_small=0 state=local    bs32x6    warm    106.82 timed    106.56    109.25    107.07 ms
[14:17:11]   round 2 opt:other_small=0 state=local    bs32x7    warm     99.49 timed     99.27    101.91     99.78 ms
[14:17:12]   round 2 opt:other_small=0 state=local    bs32x8    warm     83.20 timed     83.74     83.66     83.87 ms
[14:17:12]   round 2 opt:other_small=1 state=shared   bs256x1   warm     71.64 timed     69.44     70.43     71.63 ms
[14:17:12]   round 2 opt:other_small=1 state=shared   bs128x2   warm     71.43 timed     79.81     79.53     72.28 ms
[14:17:13]   round 2 opt:other_small=1 state=shared   bs64x4    warm     79.33 timed     79.00     79.95     79.21 ms
[14:17:13]   round 2 opt:other_small=1 state=shared   bs32x8    warm     75.93 timed     76.20     77.01     76.00 ms
[14:17:13]   round 2 tierA                            bs256x1   warm     68.00 timed     68.04     68.21     68.31 ms
[14:17:13]   round 2 tierA                            bs128x2   warm     69.74 timed     68.62     69.78     70.15 ms
[14:17:14]   round 2 tierA                            bs64x4    warm     77.16 timed     76.79     77.34     77.10 ms
[14:17:14]   round 2 tierA                            bs32x8    warm     73.95 timed     74.63     77.55     72.19 ms
[14:17:14]   round 3 opt:other_small=1 state=local stage_rhs=shared bs256x1   warm     68.17 timed     68.46     67.95     68.24 ms
[14:17:15]   round 3 opt:other_small=1 state=local stage_rhs=shared bs128x2   warm     67.69 timed     67.17     67.47     67.67 ms
[14:17:15]   round 3 opt:other_small=1 state=local stage_rhs=shared bs64x4    warm     71.77 timed     72.24     72.23     72.21 ms
[14:17:15]   round 3 opt:other_small=1 state=local stage_rhs=shared bs32x8    warm     71.87 timed     71.40     71.92     71.40 ms
[14:17:16]   round 3 opt:other_small=0 state=shared   bs128x2   warm     75.51 timed     76.04     75.51     75.30 ms
[14:17:16]   round 3 opt:other_small=0 state=shared   bs64x4    warm     83.03 timed     83.22     83.06     82.82 ms
[14:17:16]   round 3 opt:other_small=0 state=shared   bs32x8    warm     81.41 timed     80.48     81.11     80.83 ms
[14:17:17]   round 3 opt:other_small=0 state=shared   bs256x1   warm     72.02 timed     72.17     72.01     71.80 ms
[14:17:17]   round 3 opt:other_small=0 state=local    bs256x1   warm     72.89 timed     73.35     73.49     73.60 ms
[14:17:18]   round 3 opt:other_small=0 state=local    bs128x1   warm    122.26 timed    122.23    122.03    122.28 ms
[14:17:18]   round 3 opt:other_small=0 state=local    bs128x2   warm     77.75 timed     77.99     77.55     77.97 ms
[14:17:18]   round 3 opt:other_small=0 state=local    bs64x2    warm    127.55 timed    127.74    127.87    127.98 ms
[14:17:19]   round 3 opt:other_small=0 state=local    bs64x3    warm    106.55 timed    106.84    106.51    106.74 ms
[14:17:19]   round 3 opt:other_small=0 state=local    bs64x4    warm     84.08 timed     83.77     83.81     83.92 ms
[14:17:20]   round 3 opt:other_small=0 state=local    bs32x6    warm    104.17 timed    104.47    104.57    103.60 ms
[14:17:20]   round 3 opt:other_small=0 state=local    bs32x7    warm     97.09 timed     97.39     97.27     97.18 ms
[14:17:20]   round 3 opt:other_small=0 state=local    bs32x8    warm     81.57 timed     81.69     80.88     81.51 ms
[14:17:21]   round 3 opt:other_small=1 state=shared   bs256x1   warm     68.98 timed     69.13     69.08     68.75 ms
[14:17:21]   round 3 opt:other_small=1 state=shared   bs128x2   warm     68.41 timed     68.20     68.64     68.31 ms
[14:17:21]   round 3 opt:other_small=1 state=shared   bs64x4    warm     74.77 timed     75.00     75.55     74.62 ms
[14:17:21]   round 3 opt:other_small=1 state=shared   bs32x8    warm     73.27 timed     73.11     73.78     73.88 ms
[14:17:22]   round 3 tierA                            bs256x1   warm     65.39 timed     65.72     65.35     65.64 ms
[14:17:22]   round 3 tierA                            bs128x2   warm     68.32 timed     67.75     68.01     67.67 ms
[14:17:22]   round 3 tierA                            bs64x4    warm     75.38 timed     75.36     75.36     75.17 ms
[14:17:23]   round 3 tierA                            bs32x8    warm     72.26 timed     71.91     72.48     72.76 ms
[14:17:23]   round 4 opt:other_small=1 state=local stage_rhs=shared bs256x1   warm     68.68 timed     68.64     68.53     67.96 ms
[14:17:23]   round 4 opt:other_small=1 state=local stage_rhs=shared bs128x2   warm     67.36 timed     67.47     67.42     67.72 ms
[14:17:24]   round 4 opt:other_small=1 state=local stage_rhs=shared bs64x4    warm     72.19 timed     72.57     72.08     72.53 ms
[14:17:24]   round 4 opt:other_small=1 state=local stage_rhs=shared bs32x8    warm     71.24 timed     71.93     71.70     71.99 ms
[14:17:24]   round 4 opt:other_small=0 state=shared   bs128x2   warm     75.66 timed     75.71     75.51     75.65 ms
[14:17:25]   round 4 opt:other_small=0 state=shared   bs64x4    warm     83.22 timed     83.42     83.41     83.50 ms
[14:17:25]   round 4 opt:other_small=0 state=shared   bs32x8    warm     80.74 timed     80.33     80.38     81.17 ms
[14:17:25]   round 4 opt:other_small=0 state=shared   bs256x1   warm     72.11 timed     72.21     71.85     72.04 ms
[14:17:26]   round 4 opt:other_small=0 state=local    bs256x1   warm     73.11 timed     73.21     73.23     73.46 ms
[14:17:26]   round 4 opt:other_small=0 state=local    bs128x1   warm    122.15 timed    121.99    121.96    122.21 ms
[14:17:26]   round 4 opt:other_small=0 state=local    bs128x2   warm     78.20 timed     77.79     78.08     77.84 ms
[14:17:27]   round 4 opt:other_small=0 state=local    bs64x2    warm    126.34 timed    126.35    126.35    126.48 ms
[14:17:27]   round 4 opt:other_small=0 state=local    bs64x3    warm    105.15 timed    105.29    105.52    105.55 ms
[14:17:28]   round 4 opt:other_small=0 state=local    bs64x4    warm     83.05 timed     82.89     82.68     83.11 ms
[14:17:28]   round 4 opt:other_small=0 state=local    bs32x6    warm    104.02 timed    104.30    104.76    104.49 ms
[14:17:29]   round 4 opt:other_small=0 state=local    bs32x7    warm     97.35 timed     97.39     97.24     97.40 ms
[14:17:29]   round 4 opt:other_small=0 state=local    bs32x8    warm     81.50 timed     81.72     80.98     80.69 ms
[14:17:29]   round 4 opt:other_small=1 state=shared   bs256x1   warm     69.15 timed     69.08     69.52     69.01 ms
[14:17:29]   round 4 opt:other_small=1 state=shared   bs128x2   warm     68.41 timed     68.91     68.70     68.47 ms
[14:17:30]   round 4 opt:other_small=1 state=shared   bs64x4    warm     74.86 timed     75.22     74.87     74.93 ms
[14:17:30]   round 4 opt:other_small=1 state=shared   bs32x8    warm     74.56 timed     73.67     73.30     72.71 ms
[14:17:30]   round 4 tierA                            bs256x1   warm     65.66 timed     65.48     65.25     65.55 ms
[14:17:31]   round 4 tierA                            bs128x2   warm     67.78 timed     68.06     67.89     68.05 ms
[14:17:31]   round 4 tierA                            bs64x4    warm     74.70 timed     74.60     74.77     74.01 ms
[14:17:31]   round 4 tierA                            bs32x8    warm     71.99 timed     71.31     72.11     71.78 ms
[14:17:31] chain32_c8/dormand-prince-54 tierA                            bs32x8     blk/SM  8 best    71.310 ms
[14:17:31] chain32_c8/dormand-prince-54 tierA                            bs64x4     blk/SM  4 best    74.011 ms
[14:17:31] chain32_c8/dormand-prince-54 tierA                            bs128x2    blk/SM  2 best    67.665 ms
[14:17:31] chain32_c8/dormand-prince-54 tierA                            bs256x1    blk/SM  1 best    65.247 ms
[14:17:31] chain32_c8/dormand-prince-54 opt:other_small=1 state=shared   bs32x8     blk/SM  8 best    72.710 ms
[14:17:31] chain32_c8/dormand-prince-54 opt:other_small=1 state=shared   bs64x4     blk/SM  4 best    74.625 ms
[14:17:31] chain32_c8/dormand-prince-54 opt:other_small=1 state=shared   bs128x2    blk/SM  2 best    68.197 ms
[14:17:31] chain32_c8/dormand-prince-54 opt:other_small=1 state=shared   bs256x1    blk/SM  1 best    68.753 ms
[14:17:31] chain32_c8/dormand-prince-54 opt:other_small=0 state=local    bs32x8     blk/SM  8 best    80.691 ms
[14:17:31] chain32_c8/dormand-prince-54 opt:other_small=0 state=local    bs32x7     blk/SM  7 best    97.180 ms
[14:17:31] chain32_c8/dormand-prince-54 opt:other_small=0 state=local    bs32x6     blk/SM  6 best   103.598 ms
[14:17:31] chain32_c8/dormand-prince-54 opt:other_small=0 state=local    bs32x1     blk/SM  1 best   466.212 ms capped
[14:17:31] chain32_c8/dormand-prince-54 opt:other_small=0 state=local    bs64x4     blk/SM  4 best    82.680 ms
[14:17:31] chain32_c8/dormand-prince-54 opt:other_small=0 state=local    bs64x3     blk/SM  3 best   105.287 ms
[14:17:31] chain32_c8/dormand-prince-54 opt:other_small=0 state=local    bs64x2     blk/SM  2 best   126.345 ms
[14:17:31] chain32_c8/dormand-prince-54 opt:other_small=0 state=local    bs64x1     blk/SM  1 best   235.956 ms capped
[14:17:31] chain32_c8/dormand-prince-54 opt:other_small=0 state=local    bs128x2    blk/SM  2 best    77.552 ms
[14:17:31] chain32_c8/dormand-prince-54 opt:other_small=0 state=local    bs128x1    blk/SM  1 best   121.962 ms
[14:17:31] chain32_c8/dormand-prince-54 opt:other_small=0 state=local    bs256x1    blk/SM  1 best    73.206 ms
[14:17:31] chain32_c8/dormand-prince-54 opt:other_small=0 state=shared   bs256x1    blk/SM  1 best    71.797 ms
[14:17:31] chain32_c8/dormand-prince-54 opt:other_small=0 state=shared   bs32x8     blk/SM  8 best    80.330 ms
[14:17:31] chain32_c8/dormand-prince-54 opt:other_small=0 state=shared   bs64x4     blk/SM  4 best    82.820 ms
[14:17:31] chain32_c8/dormand-prince-54 opt:other_small=0 state=shared   bs128x2    blk/SM  2 best    75.305 ms
[14:17:31] chain32_c8/dormand-prince-54 opt:other_small=1 state=local stage_rhs=shared bs32x8     blk/SM  8 best    71.310 ms
[14:17:31] chain32_c8/dormand-prince-54 opt:other_small=1 state=local stage_rhs=shared bs64x4     blk/SM  4 best    72.080 ms
[14:17:31] chain32_c8/dormand-prince-54 opt:other_small=1 state=local stage_rhs=shared bs128x2    blk/SM  2 best    67.174 ms
[14:17:31] chain32_c8/dormand-prince-54 opt:other_small=1 state=local stage_rhs=shared bs256x1    blk/SM  1 best    67.953 ms
[14:17:31] chain32_c8/dormand-prince-54 o1+stage_accumulator=shared      bs64x1     blk/SM  1 best   271.533 ms capped
[14:17:31] chain32_c8/dormand-prince-54 o1+stage_accumulator=shared      bs32x2     blk/SM  2 best   272.386 ms capped
[14:17:31] chain32_c8/dormand-prince-54 o1+stage_accumulator=shared      bs32x1     blk/SM  1 best   540.852 ms capped
[14:17:31] === chain32_c8/dormand-prince-54 done in 41.2 s
[14:17:31] === chain32_c8/dop853 n_runs 262144 duration 51.2 arms 8
[14:17:31]   tierA                            regs 255 frame   600 sass   112 KiB shared/run  132 cells bs256x1 bs32x8 bs32x7 bs32x6 bs32x1 bs64x4 bs64x3 bs64x2 bs64x1 bs128x2 bs128x1 (0.1 s)
[14:17:32]   plain                            regs 255 frame   872 sass   114 KiB shared/run    0 cells bs64x4 bs32x8 bs32x7 bs32x6 bs32x1 bs64x3 bs64x2 bs64x1 bs128x2 bs128x1 bs256x1 (0.2 s)
[14:17:32]   opt:other_small=1 state=local    alias of plain
[14:17:32]   opt:other_small=1 state=shared   alias of tierA
[14:17:32]   opt:other_small=0 state=local    regs 255 frame  1152 sass   110 KiB shared/run    0 cells bs256x1 bs32x8 bs32x7 bs32x6 bs32x1 bs64x4 bs64x3 bs64x2 bs64x1 bs128x2 bs128x1 (0.1 s)
[14:17:32]   opt:other_small=0 state=shared   regs 255 frame   600 sass   109 KiB shared/run  132 cells bs256x1 bs32x8 bs32x7 bs32x6 bs32x1 bs64x4 bs64x3 bs64x2 bs64x1 bs128x2 bs128x1 (0.1 s)
[14:17:32]   opt:other_small=1 state=local stage_rhs=shared regs 255 frame   872 sass   115 KiB shared/run  132 cells bs256x1 bs32x8 bs32x7 bs32x6 bs32x1 bs64x4 bs64x3 bs64x2 bs64x1 bs128x2 bs128x1 (0.1 s)
[14:17:32]   o1+stage_accumulator=shared      regs 255 frame  1744 sass   138 KiB shared/run 1540 cells bs32x1 (0.1 s)
[14:17:38]   round 1 tierA                            bs256x1   warm    300.61 timed    300.42    300.62    300.53 ms
[14:17:39]   round 1 tierA                            bs32x8    warm    298.68 timed    298.48    297.31    297.82 ms
[14:17:41]   round 1 tierA                            bs32x7    warm    281.83 timed    282.08    279.49    281.29 ms
[14:17:42]   round 1 tierA                            bs32x6    warm    265.99 timed    267.58    270.70    273.89 ms
[14:17:44]   capped tierA bs32x1 warm 1111.38 ms > 3.0x floor 267.58
[14:17:45]   round 1 tierA                            bs64x4    warm    297.02 timed    296.46    297.36    299.69 ms
[14:17:46]   round 1 tierA                            bs64x3    warm    301.40 timed    280.99    266.72    266.78 ms
[14:17:47]   round 1 tierA                            bs64x2    warm    296.00 timed    296.09    295.90    296.14 ms
[14:17:50]   round 1 tierA                            bs64x1    warm    566.57 timed    566.77    566.87    569.51 ms
[14:17:51]   round 1 tierA                            bs128x2   warm    296.71 timed    297.15    297.56    296.65 ms
[14:17:52]   round 1 tierA                            bs128x1   warm    309.43 timed    313.37    313.32    310.56 ms
[14:17:54]   round 1 plain                            bs64x4    warm    434.79 timed    429.82    420.52    421.50 ms
[14:17:56]   round 1 plain                            bs32x8    warm    422.80 timed    424.41    421.07    421.60 ms
[14:17:58]   round 1 plain                            bs32x7    warm    399.26 timed    397.41    397.33    398.34 ms
[14:17:59]   round 1 plain                            bs32x6    warm    379.89 timed    379.05    376.15    374.71 ms
[14:18:01]   capped plain bs32x1 warm 1154.87 ms > 3.0x floor 266.72
[14:18:03]   round 1 plain                            bs64x3    warm    376.98 timed    380.30    379.35    375.53 ms
[14:18:04]   round 1 plain                            bs64x2    warm    341.60 timed    341.16    341.24    342.03 ms
[14:18:07]   round 1 plain                            bs64x1    warm    595.02 timed    594.94    595.35    594.91 ms
[14:18:08]   round 1 plain                            bs128x2   warm    421.27 timed    420.47    420.42    421.03 ms
[14:18:10]   round 1 plain                            bs128x1   warm    353.22 timed    353.18    353.21    353.45 ms
[14:18:12]   round 1 plain                            bs256x1   warm    420.44 timed    420.44    423.33    420.47 ms
[14:18:13]   round 1 opt:other_small=0 state=local    bs256x1   warm    340.47 timed    311.00    313.61    312.44 ms
[14:18:14]   round 1 opt:other_small=0 state=local    bs32x8    warm    274.44 timed    274.81    275.66    270.80 ms
[14:18:15]   round 1 opt:other_small=0 state=local    bs32x7    warm    234.93 timed    241.96    236.64    239.23 ms
[14:18:16]   round 1 opt:other_small=0 state=local    bs32x6    warm    246.95 timed    246.60    253.77    245.62 ms
[14:18:18]   capped opt:other_small=0 state=local bs32x1 warm 1120.08 ms > 3.0x floor 236.64
[14:18:20]   round 1 opt:other_small=0 state=local    bs64x4    warm    286.43 timed    295.22    294.67    287.92 ms
[14:18:21]   round 1 opt:other_small=0 state=local    bs64x3    warm    248.96 timed    248.26    255.75    257.48 ms
[14:18:22]   round 1 opt:other_small=0 state=local    bs64x2    warm    307.23 timed    306.86    309.16    311.85 ms
[14:18:24]   round 1 opt:other_small=0 state=local    bs64x1    warm    580.84 timed    583.45    583.78    582.96 ms
[14:18:25]   round 1 opt:other_small=0 state=local    bs128x2   warm    307.02 timed    303.11    305.08    305.43 ms
[14:18:27]   round 1 opt:other_small=0 state=local    bs128x1   warm    309.30 timed    316.62    311.54    317.89 ms
[14:18:28]   round 1 opt:other_small=0 state=shared   bs256x1   warm    306.62 timed    303.91    305.18    294.31 ms
[14:18:29]   round 1 opt:other_small=0 state=shared   bs32x8    warm    263.03 timed    261.15    267.89    270.12 ms
[14:18:30]   round 1 opt:other_small=0 state=shared   bs32x7    warm    243.70 timed    244.84    243.52    246.00 ms
[14:18:31]   round 1 opt:other_small=0 state=shared   bs32x6    warm    242.31 timed    239.66    241.08    245.64 ms
[14:18:34]   capped opt:other_small=0 state=shared bs32x1 warm 1179.04 ms > 3.0x floor 236.64
[14:18:35]   round 1 opt:other_small=0 state=shared   bs64x4    warm    285.15 timed    283.76    284.17    287.71 ms
[14:18:36]   round 1 opt:other_small=0 state=shared   bs64x3    warm    251.16 timed    245.66    269.54    253.92 ms
[14:18:37]   round 1 opt:other_small=0 state=shared   bs64x2    warm    325.08 timed    316.47    321.91    321.45 ms
[14:18:39]   round 1 opt:other_small=0 state=shared   bs64x1    warm    608.58 timed    611.09    606.52    609.43 ms
[14:18:41]   round 1 opt:other_small=0 state=shared   bs128x2   warm    296.98 timed    320.09    295.70    298.94 ms
[14:18:42]   round 1 opt:other_small=0 state=shared   bs128x1   warm    329.20 timed    326.79    331.26    338.86 ms
[14:18:44]   round 1 opt:other_small=1 state=local stage_rhs=shared bs256x1   warm    451.79 timed    481.35    463.34    464.36 ms
[14:18:46]   round 1 opt:other_small=1 state=local stage_rhs=shared bs32x8    warm    456.53 timed    469.38    451.22    450.81 ms
[14:18:48]   round 1 opt:other_small=1 state=local stage_rhs=shared bs32x7    warm    451.00 timed    442.77    447.83    445.83 ms
[14:18:50]   round 1 opt:other_small=1 state=local stage_rhs=shared bs32x6    warm    448.63 timed    444.46    449.76    447.01 ms
[14:18:52]   capped opt:other_small=1 state=local stage_rhs=shared bs32x1 warm 1243.81 ms > 3.0x floor 236.64
[14:18:54]   round 1 opt:other_small=1 state=local stage_rhs=shared bs64x4    warm    462.58 timed    463.00    451.75    445.90 ms
[14:18:56]   round 1 opt:other_small=1 state=local stage_rhs=shared bs64x3    warm    433.28 timed    459.96    443.58    447.89 ms
[14:18:58]   round 1 opt:other_small=1 state=local stage_rhs=shared bs64x2    warm    395.93 timed    403.72    413.67    416.56 ms
[14:19:00]   round 1 opt:other_small=1 state=local stage_rhs=shared bs64x1    warm    649.28 timed    644.42    634.94    661.91 ms
[14:19:02]   round 1 opt:other_small=1 state=local stage_rhs=shared bs128x2   warm    459.86 timed    458.96    458.75    459.84 ms
[14:19:04]   round 1 opt:other_small=1 state=local stage_rhs=shared bs128x1   warm    408.70 timed    416.99    409.94    413.47 ms
[14:19:08]   capped o1+stage_accumulator=shared bs32x1 warm 1472.45 ms > 3.0x floor 236.64
[14:19:10]   round 2 opt:other_small=1 state=local stage_rhs=shared bs128x1   warm    403.10 timed    407.53    408.70    401.78 ms
[14:19:12]   round 2 opt:other_small=1 state=local stage_rhs=shared bs128x2   warm    443.36 timed    447.10    449.74    442.26 ms
[14:19:14]   round 2 opt:other_small=1 state=local stage_rhs=shared bs64x1    warm    651.12 timed    622.81    647.83    635.00 ms
[14:19:16]   round 2 opt:other_small=1 state=local stage_rhs=shared bs64x2    warm    422.97 timed    427.36    429.85    411.50 ms
[14:19:18]   round 2 opt:other_small=1 state=local stage_rhs=shared bs64x3    warm    441.93 timed    463.81    454.70    450.00 ms
[14:19:20]   round 2 opt:other_small=1 state=local stage_rhs=shared bs64x4    warm    456.78 timed    463.47    450.95    455.34 ms
[14:19:22]   round 2 opt:other_small=1 state=local stage_rhs=shared bs32x6    warm    433.03 timed    431.23    429.70    432.02 ms
[14:19:23]   round 2 opt:other_small=1 state=local stage_rhs=shared bs32x7    warm    431.05 timed    431.45    435.18    432.17 ms
[14:19:25]   round 2 opt:other_small=1 state=local stage_rhs=shared bs32x8    warm    445.31 timed    471.30    508.10    505.34 ms
[14:19:27]   round 2 opt:other_small=1 state=local stage_rhs=shared bs256x1   warm    499.05 timed    471.91    453.06    460.55 ms
[14:19:29]   round 2 opt:other_small=0 state=shared   bs128x1   warm    323.52 timed    322.88    325.26    325.05 ms
[14:19:30]   round 2 opt:other_small=0 state=shared   bs128x2   warm    299.32 timed    308.74    298.97    302.50 ms
[14:19:32]   round 2 opt:other_small=0 state=shared   bs64x1    warm    586.25 timed    613.02    617.71    588.03 ms
[14:19:34]   round 2 opt:other_small=0 state=shared   bs64x2    warm    308.84 timed    362.99    340.70    311.33 ms
[14:19:35]   round 2 opt:other_small=0 state=shared   bs64x3    warm    247.15 timed    242.95    238.49    248.98 ms
[14:19:36]   round 2 opt:other_small=0 state=shared   bs64x4    warm    267.31 timed    280.43    287.50    273.00 ms
[14:19:37]   round 2 opt:other_small=0 state=shared   bs32x6    warm    247.20 timed    244.44    266.07    277.92 ms
[14:19:38]   round 2 opt:other_small=0 state=shared   bs32x7    warm    284.04 timed    277.46    273.11    253.85 ms
[14:19:39]   round 2 opt:other_small=0 state=shared   bs32x8    warm    269.61 timed    286.19    287.07    280.63 ms
[14:19:40]   round 2 opt:other_small=0 state=shared   bs256x1   warm    309.82 timed    297.88    315.62    313.68 ms
[14:19:42]   round 2 opt:other_small=0 state=local    bs128x1   warm    331.58 timed    329.54    333.55    318.89 ms
[14:19:43]   round 2 opt:other_small=0 state=local    bs128x2   warm    348.70 timed    315.88    313.58    314.27 ms
[14:19:46]   round 2 opt:other_small=0 state=local    bs64x1    warm    598.68 timed    603.88    612.16    611.36 ms
[14:19:47]   round 2 opt:other_small=0 state=local    bs64x2    warm    319.60 timed    322.82    335.02    327.38 ms
[14:19:48]   round 2 opt:other_small=0 state=local    bs64x3    warm    266.22 timed    264.67    261.54    264.26 ms
[14:19:49]   round 2 opt:other_small=0 state=local    bs64x4    warm    307.99 timed    293.98    295.95    297.01 ms
[14:19:50]   round 2 opt:other_small=0 state=local    bs32x6    warm    256.77 timed    260.14    252.66    256.87 ms
[14:19:51]   round 2 opt:other_small=0 state=local    bs32x7    warm    246.46 timed    245.74    242.40    244.54 ms
[14:19:52]   round 2 opt:other_small=0 state=local    bs32x8    warm    286.81 timed    284.77    301.65    301.57 ms
[14:19:54]   round 2 opt:other_small=0 state=local    bs256x1   warm    336.33 timed    339.27    344.05    324.19 ms
[14:19:56]   round 2 plain                            bs256x1   warm    436.15 timed    437.45    443.37    440.02 ms
[14:19:58]   round 2 plain                            bs128x1   warm    380.15 timed    374.73    374.65    376.18 ms
[14:19:59]   round 2 plain                            bs128x2   warm    455.47 timed    433.55    437.55    455.75 ms
[14:20:02]   round 2 plain                            bs64x1    warm    631.61 timed    636.50    630.87    631.69 ms
[14:20:03]   round 2 plain                            bs64x2    warm    371.86 timed    360.56    363.79    378.51 ms
[14:20:05]   round 2 plain                            bs64x3    warm    421.47 timed    423.46    416.16    410.84 ms
[14:20:07]   round 2 plain                            bs32x6    warm    404.50 timed    414.29    406.72    405.32 ms
[14:20:08]   round 2 plain                            bs32x7    warm    418.09 timed    426.81    433.55    425.27 ms
[14:20:10]   round 2 plain                            bs32x8    warm    446.20 timed    455.50    458.56    444.63 ms
[14:20:12]   round 2 plain                            bs64x4    warm    445.71 timed    466.93    452.94    463.65 ms
[14:20:14]   round 2 tierA                            bs128x1   warm    319.07 timed    329.96    322.09    326.81 ms
[14:20:15]   round 2 tierA                            bs128x2   warm    318.67 timed    320.18    319.71    318.89 ms
[14:20:17]   round 2 tierA                            bs64x1    warm    605.74 timed    622.54    610.32    607.71 ms
[14:20:19]   round 2 tierA                            bs64x2    warm    314.53 timed    324.63    316.98    320.36 ms
[14:20:20]   round 2 tierA                            bs64x3    warm    282.49 timed    296.86    288.54    296.05 ms
[14:20:21]   round 2 tierA                            bs64x4    warm    326.34 timed    323.16    311.75    323.81 ms
[14:20:22]   round 2 tierA                            bs32x6    warm    286.51 timed    286.51    307.88    293.07 ms
[14:20:24]   round 2 tierA                            bs32x7    warm    304.26 timed    309.53    302.11    308.60 ms
[14:20:25]   round 2 tierA                            bs32x8    warm    317.19 timed    328.69    316.02    324.94 ms
[14:20:26]   round 2 tierA                            bs256x1   warm    323.51 timed    322.24    317.88    314.33 ms
[14:20:28]   round 3 opt:other_small=1 state=local stage_rhs=shared bs128x1   warm    414.00 timed    408.94    408.92    412.78 ms
[14:20:30]   round 3 opt:other_small=1 state=local stage_rhs=shared bs128x2   warm    464.82 timed    454.82    460.88    426.03 ms
[14:20:32]   round 3 opt:other_small=1 state=local stage_rhs=shared bs64x1    warm    601.83 timed    596.41    596.71    596.43 ms
[14:20:34]   round 3 opt:other_small=1 state=local stage_rhs=shared bs64x2    warm    369.33 timed    363.96    368.23    361.53 ms
[14:20:36]   round 3 opt:other_small=1 state=local stage_rhs=shared bs64x3    warm    416.70 timed    416.92    416.46    416.22 ms
[14:20:37]   round 3 opt:other_small=1 state=local stage_rhs=shared bs64x4    warm    426.29 timed    425.66    425.57    425.38 ms
[14:20:39]   round 3 opt:other_small=1 state=local stage_rhs=shared bs32x6    warm    416.92 timed    416.51    421.66    420.25 ms
[14:20:41]   round 3 opt:other_small=1 state=local stage_rhs=shared bs32x7    warm    414.76 timed    417.72    415.91    415.92 ms
[14:20:42]   round 3 opt:other_small=1 state=local stage_rhs=shared bs32x8    warm    427.79 timed    425.43    426.53    447.84 ms
[14:20:44]   round 3 opt:other_small=1 state=local stage_rhs=shared bs256x1   warm    427.18 timed    427.47    428.36    427.39 ms
[14:20:46]   round 3 opt:other_small=0 state=shared   bs128x1   warm    304.87 timed    305.00    305.04    305.05 ms
[14:20:47]   round 3 opt:other_small=0 state=shared   bs128x2   warm    283.87 timed    277.91    277.16    276.05 ms
[14:20:49]   round 3 opt:other_small=0 state=shared   bs64x1    warm    568.40 timed    568.37    568.09    568.25 ms
[14:20:50]   round 3 opt:other_small=0 state=shared   bs64x2    warm    296.94 timed    297.08    296.88    296.89 ms
[14:20:51]   round 3 opt:other_small=0 state=shared   bs64x3    warm    229.60 timed    229.63    228.28    229.63 ms
[14:20:52]   round 3 opt:other_small=0 state=shared   bs64x4    warm    263.89 timed    267.41    260.61    262.47 ms
[14:20:53]   round 3 opt:other_small=0 state=shared   bs32x6    warm    234.33 timed    233.20    238.98    236.20 ms
[14:20:54]   round 3 opt:other_small=0 state=shared   bs32x7    warm    232.28 timed    247.75    240.84    240.15 ms
[14:20:55]   round 3 opt:other_small=0 state=shared   bs32x8    warm    269.48 timed    256.86    261.69    260.78 ms
[14:20:56]   round 3 opt:other_small=0 state=shared   bs256x1   warm    295.40 timed    290.73    291.90    289.66 ms
[14:20:58]   round 3 opt:other_small=0 state=local    bs128x1   warm    306.31 timed    306.21    307.02    307.17 ms
[14:20:59]   round 3 opt:other_small=0 state=local    bs128x2   warm    298.05 timed    299.63    296.41    299.32 ms
[14:21:01]   round 3 opt:other_small=0 state=local    bs64x1    warm    572.95 timed    570.09    569.88    570.02 ms
[14:21:03]   round 3 opt:other_small=0 state=local    bs64x2    warm    306.61 timed    305.81    306.76    306.09 ms
[14:21:04]   round 3 opt:other_small=0 state=local    bs64x3    warm    247.67 timed    248.72    247.33    246.31 ms
[14:21:05]   round 3 opt:other_small=0 state=local    bs64x4    warm    284.32 timed    285.92    285.62    283.22 ms
[14:21:06]   round 3 opt:other_small=0 state=local    bs32x6    warm    245.68 timed    247.12    244.70    245.99 ms
[14:21:07]   round 3 opt:other_small=0 state=local    bs32x7    warm    239.08 timed    238.09    240.49    234.04 ms
[14:21:08]   round 3 opt:other_small=0 state=local    bs32x8    warm    272.11 timed    275.43    280.65    279.97 ms
[14:21:09]   round 3 opt:other_small=0 state=local    bs256x1   warm    314.37 timed    312.04    313.99    317.21 ms
[14:21:11]   round 3 plain                            bs256x1   warm    420.43 timed    420.47    420.72    420.44 ms
[14:21:13]   round 3 plain                            bs128x1   warm    353.92 timed    353.53    378.01    353.51 ms
[14:21:14]   round 3 plain                            bs128x2   warm    420.69 timed    420.98    420.81    421.29 ms
[14:21:17]   round 3 plain                            bs64x1    warm    594.64 timed    594.80    594.36    594.62 ms
[14:21:18]   round 3 plain                            bs64x2    warm    339.50 timed    341.79    344.16    342.95 ms
[14:21:20]   round 3 plain                            bs64x3    warm    381.12 timed    378.53    374.79    377.44 ms
[14:21:21]   round 3 plain                            bs32x6    warm    378.06 timed    379.66    378.81    378.09 ms
[14:21:23]   round 3 plain                            bs32x7    warm    396.40 timed    397.62    397.26    398.69 ms
[14:21:24]   round 3 plain                            bs32x8    warm    420.87 timed    421.83    420.13    421.15 ms
[14:21:26]   round 3 plain                            bs64x4    warm    421.20 timed    421.56    421.43    421.51 ms
[14:21:28]   round 3 tierA                            bs128x1   warm    303.52 timed    303.24    303.19    303.33 ms
[14:21:29]   round 3 tierA                            bs128x2   warm    297.20 timed    296.68    296.82    295.48 ms
[14:21:31]   round 3 tierA                            bs64x1    warm    566.51 timed    566.65    566.69    566.29 ms
[14:21:32]   round 3 tierA                            bs64x2    warm    296.27 timed    296.44    296.34    296.32 ms
[14:21:33]   round 3 tierA                            bs64x3    warm    268.48 timed    264.26    268.12    266.60 ms
[14:21:35]   round 3 tierA                            bs64x4    warm    296.64 timed    297.62    296.59    298.88 ms
[14:21:36]   round 3 tierA                            bs32x6    warm    270.35 timed    274.70    275.05    270.73 ms
[14:21:37]   round 3 tierA                            bs32x7    warm    281.67 timed    280.70    281.12    280.50 ms
[14:21:38]   round 3 tierA                            bs32x8    warm    298.25 timed    297.35    297.12    297.38 ms
[14:21:39]   round 3 tierA                            bs256x1   warm    300.59 timed    300.51    300.66    300.23 ms
[14:21:41]   round 4 opt:other_small=1 state=local stage_rhs=shared bs128x1   warm    375.21 timed    383.80    375.06    382.72 ms
[14:21:43]   round 4 opt:other_small=1 state=local stage_rhs=shared bs128x2   warm    427.00 timed    426.64    450.58    425.79 ms
[14:21:45]   round 4 opt:other_small=1 state=local stage_rhs=shared bs64x1    warm    597.13 timed    597.12    597.91    597.55 ms
[14:21:47]   round 4 opt:other_small=1 state=local stage_rhs=shared bs64x2    warm    360.29 timed    358.63    354.80    357.03 ms
[14:21:48]   round 4 opt:other_small=1 state=local stage_rhs=shared bs64x3    warm    415.92 timed    416.89    416.18    416.35 ms
[14:21:50]   round 4 opt:other_small=1 state=local stage_rhs=shared bs64x4    warm    427.33 timed    426.14    425.57    429.10 ms
[14:21:52]   round 4 opt:other_small=1 state=local stage_rhs=shared bs32x6    warm    417.82 timed    417.93    414.30    416.38 ms
[14:21:53]   round 4 opt:other_small=1 state=local stage_rhs=shared bs32x7    warm    416.99 timed    414.95    415.66    413.49 ms
[14:21:55]   round 4 opt:other_small=1 state=local stage_rhs=shared bs32x8    warm    425.40 timed    430.10    425.75    424.88 ms
[14:21:57]   round 4 opt:other_small=1 state=local stage_rhs=shared bs256x1   warm    427.49 timed    427.46    427.19    427.50 ms
[14:21:58]   round 4 opt:other_small=0 state=shared   bs128x1   warm    305.04 timed    305.04    304.99    304.91 ms
[14:21:59]   round 4 opt:other_small=0 state=shared   bs128x2   warm    277.04 timed    279.32    277.67    274.73 ms
[14:22:02]   round 4 opt:other_small=0 state=shared   bs64x1    warm    570.63 timed    567.81    567.83    567.85 ms
[14:22:03]   round 4 opt:other_small=0 state=shared   bs64x2    warm    302.04 timed    300.61    300.19    300.56 ms
[14:22:04]   round 4 opt:other_small=0 state=shared   bs64x3    warm    231.07 timed    232.95    228.72    229.07 ms
[14:22:05]   round 4 opt:other_small=0 state=shared   bs64x4    warm    262.02 timed    257.77    261.50    265.10 ms
[14:22:06]   round 4 opt:other_small=0 state=shared   bs32x6    warm    234.48 timed    234.90    235.50    241.59 ms
[14:22:07]   round 4 opt:other_small=0 state=shared   bs32x7    warm    240.59 timed    240.83    238.16    249.53 ms
[14:22:08]   round 4 opt:other_small=0 state=shared   bs32x8    warm    251.45 timed    259.91    270.32    254.00 ms
[14:22:09]   round 4 opt:other_small=0 state=shared   bs256x1   warm    296.88 timed    292.07    297.61    290.62 ms
[14:22:11]   round 4 opt:other_small=0 state=local    bs128x1   warm    306.77 timed    306.73    306.71    307.09 ms
[14:22:12]   round 4 opt:other_small=0 state=local    bs128x2   warm    300.33 timed    299.39    297.86    299.16 ms
[14:22:14]   round 4 opt:other_small=0 state=local    bs64x1    warm    591.59 timed    568.39    568.54    568.21 ms
[14:22:15]   round 4 opt:other_small=0 state=local    bs64x2    warm    303.48 timed    301.90    302.28    302.54 ms
[14:22:16]   round 4 opt:other_small=0 state=local    bs64x3    warm    247.07 timed    247.10    247.51    246.65 ms
[14:22:17]   round 4 opt:other_small=0 state=local    bs64x4    warm    285.89 timed    281.83    290.00    279.20 ms
[14:22:18]   round 4 opt:other_small=0 state=local    bs32x6    warm    243.35 timed    245.29    244.47    243.19 ms
[14:22:19]   round 4 opt:other_small=0 state=local    bs32x7    warm    233.20 timed    237.08    232.08    233.41 ms
[14:22:20]   round 4 opt:other_small=0 state=local    bs32x8    warm    273.83 timed    277.56    278.71    274.25 ms
[14:22:22]   round 4 opt:other_small=0 state=local    bs256x1   warm    313.64 timed    313.08    315.31    312.62 ms
[14:22:24]   round 4 plain                            bs256x1   warm    420.62 timed    420.39    420.42    420.99 ms
[14:22:25]   round 4 plain                            bs128x1   warm    353.10 timed    353.40    353.35    353.12 ms
[14:22:27]   round 4 plain                            bs128x2   warm    421.90 timed    421.25    421.61    421.74 ms
[14:22:29]   round 4 plain                            bs64x1    warm    593.63 timed    593.55    594.16    593.39 ms
[14:22:31]   round 4 plain                            bs64x2    warm    338.65 timed    336.86    337.17    339.20 ms
[14:22:32]   round 4 plain                            bs64x3    warm    375.42 timed    372.21    378.28    374.49 ms
[14:22:34]   round 4 plain                            bs32x6    warm    374.38 timed    378.19    377.36    375.97 ms
[14:22:35]   round 4 plain                            bs32x7    warm    397.21 timed    397.38    398.12    399.25 ms
[14:22:37]   round 4 plain                            bs32x8    warm    420.63 timed    421.99    421.93    421.18 ms
[14:22:39]   round 4 plain                            bs64x4    warm    421.38 timed    421.97    421.85    420.94 ms
[14:22:40]   round 4 tierA                            bs128x1   warm    303.21 timed    303.25    303.17    303.20 ms
[14:22:41]   round 4 tierA                            bs128x2   warm    297.28 timed    297.59    296.88    297.18 ms
[14:22:44]   round 4 tierA                            bs64x1    warm    566.61 timed    587.12    568.23    568.51 ms
[14:22:45]   round 4 tierA                            bs64x2    warm    297.66 timed    297.02    297.18    297.27 ms
[14:22:46]   round 4 tierA                            bs64x3    warm    271.59 timed    271.15    270.76    265.49 ms
[14:22:47]   round 4 tierA                            bs64x4    warm    295.93 timed    296.58    296.56    295.68 ms
[14:22:48]   round 4 tierA                            bs32x6    warm    268.57 timed    270.37    268.68    274.89 ms
[14:22:49]   round 4 tierA                            bs32x7    warm    281.85 timed    283.47    282.63    280.69 ms
[14:22:51]   round 4 tierA                            bs32x8    warm    295.50 timed    299.15    298.65    298.11 ms
[14:22:52]   round 4 tierA                            bs256x1   warm    300.68 timed    300.59    300.57    300.52 ms
[14:22:52] chain32_c8/dop853 tierA                            bs256x1    blk/SM  1 best   300.227 ms
[14:22:52] chain32_c8/dop853 tierA                            bs32x8     blk/SM  8 best   297.118 ms
[14:22:52] chain32_c8/dop853 tierA                            bs32x7     blk/SM  7 best   279.486 ms
[14:22:52] chain32_c8/dop853 tierA                            bs32x6     blk/SM  6 best   267.576 ms
[14:22:52] chain32_c8/dop853 tierA                            bs32x1     blk/SM  1 best  1111.380 ms capped
[14:22:52] chain32_c8/dop853 tierA                            bs64x4     blk/SM  4 best   295.684 ms
[14:22:52] chain32_c8/dop853 tierA                            bs64x3     blk/SM  3 best   264.255 ms
[14:22:52] chain32_c8/dop853 tierA                            bs64x2     blk/SM  2 best   295.903 ms
[14:22:52] chain32_c8/dop853 tierA                            bs64x1     blk/SM  1 best   566.292 ms
[14:22:52] chain32_c8/dop853 tierA                            bs128x2    blk/SM  2 best   295.481 ms
[14:22:52] chain32_c8/dop853 tierA                            bs128x1    blk/SM  1 best   303.170 ms
[14:22:52] chain32_c8/dop853 plain                            bs64x4     blk/SM  4 best   420.516 ms
[14:22:52] chain32_c8/dop853 plain                            bs32x8     blk/SM  8 best   420.129 ms
[14:22:52] chain32_c8/dop853 plain                            bs32x7     blk/SM  7 best   397.262 ms
[14:22:52] chain32_c8/dop853 plain                            bs32x6     blk/SM  6 best   374.710 ms
[14:22:52] chain32_c8/dop853 plain                            bs32x1     blk/SM  1 best  1154.869 ms capped
[14:22:52] chain32_c8/dop853 plain                            bs64x3     blk/SM  3 best   372.213 ms
[14:22:52] chain32_c8/dop853 plain                            bs64x2     blk/SM  2 best   336.857 ms
[14:22:52] chain32_c8/dop853 plain                            bs64x1     blk/SM  1 best   593.393 ms
[14:22:52] chain32_c8/dop853 plain                            bs128x2    blk/SM  2 best   420.421 ms
[14:22:52] chain32_c8/dop853 plain                            bs128x1    blk/SM  1 best   353.120 ms
[14:22:52] chain32_c8/dop853 plain                            bs256x1    blk/SM  1 best   420.388 ms
[14:22:52] chain32_c8/dop853 opt:other_small=0 state=local    bs256x1    blk/SM  1 best   310.999 ms
[14:22:52] chain32_c8/dop853 opt:other_small=0 state=local    bs32x8     blk/SM  8 best   270.798 ms
[14:22:52] chain32_c8/dop853 opt:other_small=0 state=local    bs32x7     blk/SM  7 best   232.083 ms
[14:22:52] chain32_c8/dop853 opt:other_small=0 state=local    bs32x6     blk/SM  6 best   243.187 ms
[14:22:52] chain32_c8/dop853 opt:other_small=0 state=local    bs32x1     blk/SM  1 best  1120.076 ms capped
[14:22:52] chain32_c8/dop853 opt:other_small=0 state=local    bs64x4     blk/SM  4 best   279.198 ms
[14:22:52] chain32_c8/dop853 opt:other_small=0 state=local    bs64x3     blk/SM  3 best   246.312 ms
[14:22:52] chain32_c8/dop853 opt:other_small=0 state=local    bs64x2     blk/SM  2 best   301.896 ms
[14:22:52] chain32_c8/dop853 opt:other_small=0 state=local    bs64x1     blk/SM  1 best   568.209 ms
[14:22:52] chain32_c8/dop853 opt:other_small=0 state=local    bs128x2    blk/SM  2 best   296.408 ms
[14:22:52] chain32_c8/dop853 opt:other_small=0 state=local    bs128x1    blk/SM  1 best   306.208 ms
[14:22:52] chain32_c8/dop853 opt:other_small=0 state=shared   bs256x1    blk/SM  1 best   289.659 ms
[14:22:52] chain32_c8/dop853 opt:other_small=0 state=shared   bs32x8     blk/SM  8 best   254.003 ms
[14:22:52] chain32_c8/dop853 opt:other_small=0 state=shared   bs32x7     blk/SM  7 best   238.157 ms
[14:22:52] chain32_c8/dop853 opt:other_small=0 state=shared   bs32x6     blk/SM  6 best   233.200 ms
[14:22:52] chain32_c8/dop853 opt:other_small=0 state=shared   bs32x1     blk/SM  1 best  1179.039 ms capped
[14:22:52] chain32_c8/dop853 opt:other_small=0 state=shared   bs64x4     blk/SM  4 best   257.772 ms
[14:22:52] chain32_c8/dop853 opt:other_small=0 state=shared   bs64x3     blk/SM  3 best   228.282 ms
[14:22:52] chain32_c8/dop853 opt:other_small=0 state=shared   bs64x2     blk/SM  2 best   296.882 ms
[14:22:52] chain32_c8/dop853 opt:other_small=0 state=shared   bs64x1     blk/SM  1 best   567.810 ms
[14:22:52] chain32_c8/dop853 opt:other_small=0 state=shared   bs128x2    blk/SM  2 best   274.727 ms
[14:22:52] chain32_c8/dop853 opt:other_small=0 state=shared   bs128x1    blk/SM  1 best   304.911 ms
[14:22:52] chain32_c8/dop853 opt:other_small=1 state=local stage_rhs=shared bs256x1    blk/SM  1 best   427.187 ms
[14:22:52] chain32_c8/dop853 opt:other_small=1 state=local stage_rhs=shared bs32x8     blk/SM  8 best   424.875 ms
[14:22:52] chain32_c8/dop853 opt:other_small=1 state=local stage_rhs=shared bs32x7     blk/SM  7 best   413.494 ms
[14:22:52] chain32_c8/dop853 opt:other_small=1 state=local stage_rhs=shared bs32x6     blk/SM  6 best   414.303 ms
[14:22:52] chain32_c8/dop853 opt:other_small=1 state=local stage_rhs=shared bs32x1     blk/SM  1 best  1243.811 ms capped
[14:22:52] chain32_c8/dop853 opt:other_small=1 state=local stage_rhs=shared bs64x4     blk/SM  4 best   425.382 ms
[14:22:52] chain32_c8/dop853 opt:other_small=1 state=local stage_rhs=shared bs64x3     blk/SM  3 best   416.184 ms
[14:22:52] chain32_c8/dop853 opt:other_small=1 state=local stage_rhs=shared bs64x2     blk/SM  2 best   354.804 ms
[14:22:52] chain32_c8/dop853 opt:other_small=1 state=local stage_rhs=shared bs64x1     blk/SM  1 best   596.406 ms
[14:22:52] chain32_c8/dop853 opt:other_small=1 state=local stage_rhs=shared bs128x2    blk/SM  2 best   425.794 ms
[14:22:52] chain32_c8/dop853 opt:other_small=1 state=local stage_rhs=shared bs128x1    blk/SM  1 best   375.061 ms
[14:22:52] chain32_c8/dop853 o1+stage_accumulator=shared      bs32x1     blk/SM  1 best  1472.450 ms capped
[14:22:52] === chain32_c8/dop853 done in 320.5 s
[14:22:54] device NVIDIA GeForce RTX 2060 SUPER cc (7, 5) SMs 34 L2 4 MiB shared/SM 64 KiB opt-in 64 KiB icache 64 KiB
[14:22:54] backend mlir cubie 0.12.0 cache /home/cca79/orca/workspaces/cubie/landscape-2060/generated
[14:22:54] 3 configurations, 24 kernels to compile
[14:22:59]   compiled lorenz96_40/cash-karp-54 opt:other_small=1 state=shared      3.1 s 606d5874a0a7
[14:22:59]   compiled lorenz96_40/cash-karp-54 tierA                               3.1 s 499ed6c99d43
[14:22:59]   compiled lorenz96_40/cash-karp-54 plain                               3.1 s 499ed6c99d43
[14:22:59]   compiled lorenz96_40/cash-karp-54 opt:other_small=1 state=local       3.1 s 499ed6c99d43
[14:23:02]   compiled lorenz96_40/cash-karp-54 opt:other_small=0 state=shared      2.8 s a842dc846abc
[14:23:02]   compiled lorenz96_40/cash-karp-54 opt:other_small=0 state=local       2.8 s 64701db7f7c3
[14:23:02]   compiled lorenz96_40/cash-karp-54 opt:other_small=1 state=local stage_rhs=shared    2.8 s 0c2a0ff9ffad
[14:23:02]   compiled lorenz96_40/cash-karp-54 o1+stage_accumulator=shared         3.1 s c5f03fc280aa
[14:23:05]   compiled lorenz96_40/dormand-prince-54 tierA                               3.3 s ceeb1605ec5e
[14:23:05]   compiled lorenz96_40/dormand-prince-54 plain                               3.3 s ceeb1605ec5e
[14:23:05]   compiled lorenz96_40/dormand-prince-54 opt:other_small=1 state=local       3.3 s ceeb1605ec5e
[14:23:05]   compiled lorenz96_40/dormand-prince-54 opt:other_small=1 state=shared      3.1 s 1c3c3a0ae89f
[14:23:08]   compiled lorenz96_40/dormand-prince-54 opt:other_small=0 state=local       3.0 s 72b3d4f42abd
[14:23:08]   compiled lorenz96_40/dormand-prince-54 opt:other_small=0 state=shared      3.0 s 8459c9a06976
[14:23:08]   compiled lorenz96_40/dormand-prince-54 opt:other_small=1 state=local stage_rhs=shared    3.0 s 543abd6e95f9
[14:23:09]   compiled lorenz96_40/dormand-prince-54 o1+stage_accumulator=shared         3.6 s 545bd438c196
[14:23:15]   compiled lorenz96_40/dop853 tierA                               6.9 s f4b45e2fb364
[14:23:15]   compiled lorenz96_40/dop853 plain                               7.3 s c7efe9bbda9a
[14:23:15]   compiled lorenz96_40/dop853 opt:other_small=1 state=local       7.3 s c7efe9bbda9a
[14:23:16]   compiled lorenz96_40/dop853 opt:other_small=1 state=shared      6.9 s f4b45e2fb364
[14:23:22]   compiled lorenz96_40/dop853 opt:other_small=0 state=local       7.1 s 04a4292538be
[14:23:22]   compiled lorenz96_40/dop853 opt:other_small=0 state=shared      7.0 s 5249b9c84c88
[14:23:22]   compiled lorenz96_40/dop853 opt:other_small=1 state=local stage_rhs=shared    7.0 s 9ebb61949d5f
[14:23:27]   compiled lorenz96_40/dop853 o1+stage_accumulator=shared        11.2 s b7c4ec735d04
[14:23:27] compiles done in 33 s
[14:23:27] === lorenz96_40/cash-karp-54 n_runs 32768 duration 16.0 arms 8
[14:23:27]   tierA                            regs 255 frame     0 sass    44 KiB shared/run    0 cells bs32x8 bs64x4 bs128x2 bs256x1 (0.1 s)
[14:23:28]   plain                            alias of tierA
[14:23:28]   opt:other_small=1 state=local    alias of tierA
[14:23:28]   opt:other_small=1 state=shared   regs 192 frame     0 sass    47 KiB shared/run  164 cells bs32x8 bs64x4 bs128x2 bs256x1 (0.0 s)
[14:23:28]   opt:other_small=0 state=local    regs 236 frame   656 sass    41 KiB shared/run    0 cells bs32x8 bs32x7 bs32x6 bs32x1 bs64x4 bs64x3 bs64x2 bs64x1 bs128x2 bs128x1 bs256x1 (0.0 s)
[14:23:28]   opt:other_small=0 state=shared   regs 192 frame     0 sass    41 KiB shared/run  164 cells bs32x8 bs64x4 bs128x2 bs256x1 (0.0 s)
[14:23:28]   opt:other_small=1 state=local stage_rhs=shared regs 255 frame     8 sass    45 KiB shared/run  164 cells bs32x8 bs32x7 bs32x6 bs32x1 bs64x4 bs64x3 bs64x2 bs64x1 bs128x2 bs128x1 bs256x1 (0.0 s)
[14:23:28]   o1+stage_accumulator=shared      regs 255 frame    64 sass    50 KiB shared/run  804 cells bs32x2 bs32x1 bs64x1 (0.0 s)
[14:23:28]   round 1 tierA                            bs32x8    warm     13.94 timed     13.88     13.92     13.89 ms
[14:23:28]   round 1 tierA                            bs64x4    warm     14.11 timed     14.41     14.10     13.98 ms
[14:23:28]   round 1 tierA                            bs128x2   warm     14.10 timed     14.18     14.22     14.03 ms
[14:23:28]   round 1 tierA                            bs256x1   warm     15.65 timed     15.63     15.57     15.65 ms
[14:23:28]   round 1 opt:other_small=1 state=shared   bs32x8    warm     14.84 timed     14.78     14.77     14.83 ms
[14:23:29]   round 1 opt:other_small=1 state=shared   bs64x4    warm     15.01 timed     15.13     14.95     14.90 ms
[14:23:29]   round 1 opt:other_small=1 state=shared   bs128x2   warm     14.57 timed     15.00     14.95     14.97 ms
[14:23:29]   round 1 opt:other_small=1 state=shared   bs256x1   warm     15.74 timed     15.76     15.87     15.81 ms
[14:23:29]   round 1 opt:other_small=0 state=local    bs32x8    warm     15.52 timed     15.48     15.52     15.42 ms
[14:23:29]   round 1 opt:other_small=0 state=local    bs32x7    warm     17.01 timed     16.98     17.13     16.98 ms
[14:23:29]   round 1 opt:other_small=0 state=local    bs32x6    warm     17.56 timed     17.44     17.52     17.48 ms
[14:23:29]   capped opt:other_small=0 state=local bs32x1 warm 60.84 ms > 3.0x floor 13.88
[14:23:29]   round 1 opt:other_small=0 state=local    bs64x4    warm     16.04 timed     16.31     15.89     16.31 ms
[14:23:29]   round 1 opt:other_small=0 state=local    bs64x3    warm     17.99 timed     17.89     17.82     17.83 ms
[14:23:29]   round 1 opt:other_small=0 state=local    bs64x2    warm     19.38 timed     19.73     19.59     19.92 ms
[14:23:29]   round 1 opt:other_small=0 state=local    bs64x1    warm     32.19 timed     32.18     32.00     31.88 ms
[14:23:29]   round 1 opt:other_small=0 state=local    bs128x2   warm     15.58 timed     15.54     15.65     15.52 ms
[14:23:29]   round 1 opt:other_small=0 state=local    bs128x1   warm     18.23 timed     17.89     18.32     18.33 ms
[14:23:30]   round 1 opt:other_small=0 state=local    bs256x1   warm     16.63 timed     16.56     16.61     16.54 ms
[14:23:30]   round 1 opt:other_small=0 state=shared   bs32x8    warm     15.26 timed     15.38     15.35     15.28 ms
[14:23:30]   round 1 opt:other_small=0 state=shared   bs64x4    warm     15.73 timed     16.04     15.73     16.08 ms
[14:23:30]   round 1 opt:other_small=0 state=shared   bs128x2   warm     15.69 timed     15.30     15.27     15.34 ms
[14:23:30]   round 1 opt:other_small=0 state=shared   bs256x1   warm     16.78 timed     16.60     16.67     16.62 ms
[14:23:30]   round 1 opt:other_small=1 state=local stage_rhs=shared bs32x8    warm     14.15 timed     13.93     14.09     13.93 ms
[14:23:30]   round 1 opt:other_small=1 state=local stage_rhs=shared bs32x7    warm     14.52 timed     14.57     14.57     14.57 ms
[14:23:30]   round 1 opt:other_small=1 state=local stage_rhs=shared bs32x6    warm     15.61 timed     15.59     15.50     15.59 ms
[14:23:30]   capped opt:other_small=1 state=local stage_rhs=shared bs32x1 warm 65.89 ms > 3.0x floor 13.88
[14:23:30]   round 1 opt:other_small=1 state=local stage_rhs=shared bs64x4    warm     14.38 timed     14.36     14.38     14.32 ms
[14:23:30]   round 1 opt:other_small=1 state=local stage_rhs=shared bs64x3    warm     16.11 timed     15.70     15.80     15.86 ms
[14:23:30]   round 1 opt:other_small=1 state=local stage_rhs=shared bs64x2    warm     18.03 timed     17.98     17.89     18.04 ms
[14:23:31]   round 1 opt:other_small=1 state=local stage_rhs=shared bs64x1    warm     34.22 timed     34.05     34.23     33.80 ms
[14:23:31]   round 1 opt:other_small=1 state=local stage_rhs=shared bs128x2   warm     14.34 timed     14.19     14.32     14.01 ms
[14:23:31]   round 1 opt:other_small=1 state=local stage_rhs=shared bs128x1   warm     17.58 timed     17.54     18.01     17.58 ms
[14:23:31]   round 1 opt:other_small=1 state=local stage_rhs=shared bs256x1   warm     15.59 timed     15.62     15.51     15.66 ms
[14:23:31]   round 1 o1+stage_accumulator=shared      bs32x2    warm     34.03 timed     32.94     33.12     33.27 ms
[14:23:31]   capped o1+stage_accumulator=shared bs32x1 warm 71.40 ms > 3.0x floor 13.88
[14:23:31]   round 1 o1+stage_accumulator=shared      bs64x1    warm     36.78 timed     36.57     36.40     36.51 ms
[14:23:31]   round 2 o1+stage_accumulator=shared      bs64x1    warm     36.70 timed     36.36     36.33     36.35 ms
[14:23:31]   round 2 o1+stage_accumulator=shared      bs32x2    warm     33.44 timed     33.35     33.26     33.55 ms
[14:23:32]   round 2 opt:other_small=1 state=local stage_rhs=shared bs256x1   warm     15.72 timed     15.57     15.59     15.59 ms
[14:23:32]   round 2 opt:other_small=1 state=local stage_rhs=shared bs128x1   warm     18.12 timed     17.35     18.02     17.40 ms
[14:23:32]   round 2 opt:other_small=1 state=local stage_rhs=shared bs128x2   warm     14.28 timed     14.23     14.13     14.04 ms
[14:23:32]   round 2 opt:other_small=1 state=local stage_rhs=shared bs64x1    warm     34.19 timed     34.22     33.94     33.94 ms
[14:23:32]   round 2 opt:other_small=1 state=local stage_rhs=shared bs64x2    warm     18.37 timed     18.38     18.47     18.13 ms
[14:23:32]   round 2 opt:other_small=1 state=local stage_rhs=shared bs64x3    warm     16.05 timed     15.90     15.79     16.19 ms
[14:23:32]   round 2 opt:other_small=1 state=local stage_rhs=shared bs64x4    warm     14.68 timed     14.22     14.73     14.31 ms
[14:23:32]   round 2 opt:other_small=1 state=local stage_rhs=shared bs32x6    warm     15.71 timed     15.61     15.60     15.51 ms
[14:23:32]   round 2 opt:other_small=1 state=local stage_rhs=shared bs32x7    warm     14.59 timed     14.78     14.54     14.53 ms
[14:23:32]   round 2 opt:other_small=1 state=local stage_rhs=shared bs32x8    warm     13.96 timed     13.94     14.04     13.88 ms
[14:23:32]   round 2 opt:other_small=0 state=shared   bs256x1   warm     16.63 timed     16.63     16.57     16.74 ms
[14:23:32]   round 2 opt:other_small=0 state=shared   bs128x2   warm     15.33 timed     15.59     15.32     15.68 ms
[14:23:32]   round 2 opt:other_small=0 state=shared   bs64x4    warm     16.12 timed     16.10     16.10     16.04 ms
[14:23:32]   round 2 opt:other_small=0 state=shared   bs32x8    warm     15.44 timed     15.29     15.31     15.38 ms
[14:23:33]   round 2 opt:other_small=0 state=local    bs256x1   warm     16.49 timed     16.59     16.64     16.38 ms
[14:23:33]   round 2 opt:other_small=0 state=local    bs128x1   warm     18.29 timed     18.19     18.07     18.04 ms
[14:23:33]   round 2 opt:other_small=0 state=local    bs128x2   warm     15.54 timed     15.64     15.62     15.44 ms
[14:23:33]   round 2 opt:other_small=0 state=local    bs64x1    warm     32.36 timed     32.39     32.01     31.98 ms
[14:23:33]   round 2 opt:other_small=0 state=local    bs64x2    warm     19.37 timed     19.78     19.66     19.79 ms
[14:23:33]   round 2 opt:other_small=0 state=local    bs64x3    warm     18.07 timed     18.11     17.84     17.87 ms
[14:23:33]   round 2 opt:other_small=0 state=local    bs64x4    warm     16.04 timed     15.93     16.18     16.20 ms
[14:23:33]   round 2 opt:other_small=0 state=local    bs32x6    warm     17.48 timed     17.55     17.48     17.57 ms
[14:23:33]   round 2 opt:other_small=0 state=local    bs32x7    warm     16.89 timed     17.06     17.05     17.04 ms
[14:23:33]   round 2 opt:other_small=0 state=local    bs32x8    warm     15.46 timed     15.50     15.45     15.56 ms
[14:23:33]   round 2 opt:other_small=1 state=shared   bs256x1   warm     15.76 timed     15.84     15.81     15.96 ms
[14:23:33]   round 2 opt:other_small=1 state=shared   bs128x2   warm     14.95 timed     14.97     14.98     14.95 ms
[14:23:33]   round 2 opt:other_small=1 state=shared   bs64x4    warm     15.16 timed     15.03     15.42     15.45 ms
[14:23:34]   round 2 opt:other_small=1 state=shared   bs32x8    warm     14.74 timed     14.79     14.76     14.87 ms
[14:23:34]   round 2 tierA                            bs256x1   warm     15.68 timed     15.77     15.74     15.65 ms
[14:23:34]   round 2 tierA                            bs128x2   warm     14.20 timed     14.16     14.11     14.03 ms
[14:23:34]   round 2 tierA                            bs64x4    warm     14.50 timed     14.46     14.49     14.50 ms
[14:23:34]   round 2 tierA                            bs32x8    warm     13.96 timed     13.84     14.00     13.77 ms
[14:23:34]   round 3 o1+stage_accumulator=shared      bs64x1    warm     36.74 timed     37.10     36.51     36.72 ms
[14:23:34]   round 3 o1+stage_accumulator=shared      bs32x2    warm     33.76 timed     33.40     33.44     33.00 ms
[14:23:34]   round 3 opt:other_small=1 state=local stage_rhs=shared bs256x1   warm     15.61 timed     15.68     15.70     15.53 ms
[14:23:34]   round 3 opt:other_small=1 state=local stage_rhs=shared bs128x1   warm     17.86 timed     18.31     17.26     17.37 ms
[14:23:34]   round 3 opt:other_small=1 state=local stage_rhs=shared bs128x2   warm     14.28 timed     14.29     14.14     14.17 ms
[14:23:34]   round 3 opt:other_small=1 state=local stage_rhs=shared bs64x1    warm     33.66 timed     33.52     33.78     33.75 ms
[14:23:35]   round 3 opt:other_small=1 state=local stage_rhs=shared bs64x2    warm     18.34 timed     18.33     18.23     18.22 ms
[14:23:35]   round 3 opt:other_small=1 state=local stage_rhs=shared bs64x3    warm     16.05 timed     15.90     15.95     15.86 ms
[14:23:35]   round 3 opt:other_small=1 state=local stage_rhs=shared bs64x4    warm     14.31 timed     14.46     14.32     14.31 ms
[14:23:35]   round 3 opt:other_small=1 state=local stage_rhs=shared bs32x6    warm     15.55 timed     15.52     15.46     15.56 ms
[14:23:35]   round 3 opt:other_small=1 state=local stage_rhs=shared bs32x7    warm     14.50 timed     14.61     14.57     14.52 ms
[14:23:35]   round 3 opt:other_small=1 state=local stage_rhs=shared bs32x8    warm     13.99 timed     13.92     13.90     14.09 ms
[14:23:35]   round 3 opt:other_small=0 state=shared   bs256x1   warm     16.75 timed     16.73     16.55     16.76 ms
[14:23:35]   round 3 opt:other_small=0 state=shared   bs128x2   warm     15.27 timed     15.68     15.38     15.66 ms
[14:23:35]   round 3 opt:other_small=0 state=shared   bs64x4    warm     15.64 timed     15.81     15.83     15.71 ms
[14:23:35]   round 3 opt:other_small=0 state=shared   bs32x8    warm     15.47 timed     15.35     15.37     15.34 ms
[14:23:35]   round 3 opt:other_small=0 state=local    bs256x1   warm     16.54 timed     16.62     16.60     16.51 ms
[14:23:35]   round 3 opt:other_small=0 state=local    bs128x1   warm     17.89 timed     18.20     18.14     18.21 ms
[14:23:35]   round 3 opt:other_small=0 state=local    bs128x2   warm     15.52 timed     15.55     15.49     15.51 ms
[14:23:35]   round 3 opt:other_small=0 state=local    bs64x1    warm     32.01 timed     31.68     32.01     31.70 ms
[14:23:36]   round 3 opt:other_small=0 state=local    bs64x2    warm     20.37 timed     20.40     19.97     20.12 ms
[14:23:36]   round 3 opt:other_small=0 state=local    bs64x3    warm     18.25 timed     18.01     17.82     17.82 ms
[14:23:36]   round 3 opt:other_small=0 state=local    bs64x4    warm     16.33 timed     16.42     16.39     16.31 ms
[14:23:36]   round 3 opt:other_small=0 state=local    bs32x6    warm     17.54 timed     17.59     17.46     17.62 ms
[14:23:36]   round 3 opt:other_small=0 state=local    bs32x7    warm     16.89 timed     16.92     17.01     17.00 ms
[14:23:36]   round 3 opt:other_small=0 state=local    bs32x8    warm     15.46 timed     15.48     15.45     15.49 ms
[14:23:36]   round 3 opt:other_small=1 state=shared   bs256x1   warm     15.88 timed     15.74     15.80     15.81 ms
[14:23:36]   round 3 opt:other_small=1 state=shared   bs128x2   warm     14.97 timed     15.02     14.65     14.98 ms
[14:23:36]   round 3 opt:other_small=1 state=shared   bs64x4    warm     15.44 timed     15.39     15.61     15.41 ms
[14:23:36]   round 3 opt:other_small=1 state=shared   bs32x8    warm     14.74 timed     14.76     14.85     14.68 ms
[14:23:36]   round 3 tierA                            bs256x1   warm     15.75 timed     15.78     15.69     15.62 ms
[14:23:36]   round 3 tierA                            bs128x2   warm     14.24 timed     14.05     14.15     14.13 ms
[14:23:36]   round 3 tierA                            bs64x4    warm     14.53 timed     14.51     14.50     14.60 ms
[14:23:36]   round 3 tierA                            bs32x8    warm     13.81 timed     13.96     13.85     13.97 ms
[14:23:37]   round 4 o1+stage_accumulator=shared      bs64x1    warm     36.82 timed     36.66     36.44     36.30 ms
[14:23:37]   round 4 o1+stage_accumulator=shared      bs32x2    warm     32.87 timed     33.40     33.52     32.91 ms
[14:23:37]   round 4 opt:other_small=1 state=local stage_rhs=shared bs256x1   warm     15.69 timed     15.49     15.53     15.69 ms
[14:23:37]   round 4 opt:other_small=1 state=local stage_rhs=shared bs128x1   warm     17.70 timed     17.65     18.23     17.36 ms
[14:23:37]   round 4 opt:other_small=1 state=local stage_rhs=shared bs128x2   warm     14.24 timed     14.23     14.19     14.26 ms
[14:23:37]   round 4 opt:other_small=1 state=local stage_rhs=shared bs64x1    warm     34.11 timed     33.46     34.06     33.93 ms
[14:23:37]   round 4 opt:other_small=1 state=local stage_rhs=shared bs64x2    warm     18.62 timed     18.51     18.56     19.04 ms
[14:23:37]   round 4 opt:other_small=1 state=local stage_rhs=shared bs64x3    warm     16.23 timed     16.16     16.01     15.86 ms
[14:23:37]   round 4 opt:other_small=1 state=local stage_rhs=shared bs64x4    warm     14.30 timed     14.68     14.27     14.70 ms
[14:23:37]   round 4 opt:other_small=1 state=local stage_rhs=shared bs32x6    warm     15.49 timed     15.66     15.54     15.59 ms
[14:23:37]   round 4 opt:other_small=1 state=local stage_rhs=shared bs32x7    warm     14.58 timed     14.60     14.56     14.45 ms
[14:23:37]   round 4 opt:other_small=1 state=local stage_rhs=shared bs32x8    warm     14.08 timed     13.91     13.92     13.95 ms
[14:23:38]   round 4 opt:other_small=0 state=shared   bs256x1   warm     16.65 timed     16.60     16.80     16.64 ms
[14:23:38]   round 4 opt:other_small=0 state=shared   bs128x2   warm     15.29 timed     15.22     15.42     15.28 ms
[14:23:38]   round 4 opt:other_small=0 state=shared   bs64x4    warm     16.33 timed     16.31     16.36     16.31 ms
[14:23:38]   round 4 opt:other_small=0 state=shared   bs32x8    warm     15.42 timed     15.40     15.32     15.48 ms
[14:23:38]   round 4 opt:other_small=0 state=local    bs256x1   warm     16.51 timed     16.52     16.64     16.37 ms
[14:23:38]   round 4 opt:other_small=0 state=local    bs128x1   warm     18.16 timed     18.05     18.15     17.94 ms
[14:23:38]   round 4 opt:other_small=0 state=local    bs128x2   warm     15.47 timed     15.50     15.49     15.53 ms
[14:23:38]   round 4 opt:other_small=0 state=local    bs64x1    warm     31.74 timed     31.68     31.77     32.10 ms
[14:23:38]   round 4 opt:other_small=0 state=local    bs64x2    warm     20.58 timed     20.58     20.43     20.51 ms
[14:23:38]   round 4 opt:other_small=0 state=local    bs64x3    warm     18.21 timed     18.18     18.21     18.11 ms
[14:23:38]   round 4 opt:other_small=0 state=local    bs64x4    warm     16.58 timed     16.45     16.40     16.57 ms
[14:23:38]   round 4 opt:other_small=0 state=local    bs32x6    warm     17.64 timed     17.47     17.59     17.56 ms
[14:23:38]   round 4 opt:other_small=0 state=local    bs32x7    warm     16.92 timed     16.96     17.00     16.94 ms
[14:23:39]   round 4 opt:other_small=0 state=local    bs32x8    warm     15.64 timed     15.65     15.49     15.50 ms
[14:23:39]   round 4 opt:other_small=1 state=shared   bs256x1   warm     15.87 timed     15.72     15.78     15.80 ms
[14:23:39]   round 4 opt:other_small=1 state=shared   bs128x2   warm     14.85 timed     14.90     14.64     14.98 ms
[14:23:39]   round 4 opt:other_small=1 state=shared   bs64x4    warm     15.37 timed     15.38     15.39     15.44 ms
[14:23:39]   round 4 opt:other_small=1 state=shared   bs32x8    warm     14.78 timed     14.79     14.77     14.89 ms
[14:23:39]   round 4 tierA                            bs256x1   warm     15.68 timed     15.76     15.72     15.64 ms
[14:23:39]   round 4 tierA                            bs128x2   warm     14.02 timed     14.00     14.00     14.09 ms
[14:23:39]   round 4 tierA                            bs64x4    warm     14.23 timed     14.22     14.57     14.51 ms
[14:23:39]   round 4 tierA                            bs32x8    warm     13.89 timed     13.88     13.94     13.76 ms
[14:23:39] lorenz96_40/cash-karp-54 tierA                            bs32x8     blk/SM  8 best    13.764 ms
[14:23:39] lorenz96_40/cash-karp-54 tierA                            bs64x4     blk/SM  4 best    13.979 ms
[14:23:39] lorenz96_40/cash-karp-54 tierA                            bs128x2    blk/SM  2 best    13.999 ms
[14:23:39] lorenz96_40/cash-karp-54 tierA                            bs256x1    blk/SM  1 best    15.572 ms
[14:23:39] lorenz96_40/cash-karp-54 opt:other_small=1 state=shared   bs32x8     blk/SM  8 best    14.680 ms
[14:23:39] lorenz96_40/cash-karp-54 opt:other_small=1 state=shared   bs64x4     blk/SM  4 best    14.904 ms
[14:23:39] lorenz96_40/cash-karp-54 opt:other_small=1 state=shared   bs128x2    blk/SM  2 best    14.637 ms
[14:23:39] lorenz96_40/cash-karp-54 opt:other_small=1 state=shared   bs256x1    blk/SM  1 best    15.721 ms
[14:23:39] lorenz96_40/cash-karp-54 opt:other_small=0 state=local    bs32x8     blk/SM  8 best    15.416 ms
[14:23:39] lorenz96_40/cash-karp-54 opt:other_small=0 state=local    bs32x7     blk/SM  7 best    16.919 ms
[14:23:39] lorenz96_40/cash-karp-54 opt:other_small=0 state=local    bs32x6     blk/SM  6 best    17.444 ms
[14:23:39] lorenz96_40/cash-karp-54 opt:other_small=0 state=local    bs32x1     blk/SM  1 best    60.839 ms capped
[14:23:39] lorenz96_40/cash-karp-54 opt:other_small=0 state=local    bs64x4     blk/SM  4 best    15.889 ms
[14:23:39] lorenz96_40/cash-karp-54 opt:other_small=0 state=local    bs64x3     blk/SM  3 best    17.816 ms
[14:23:39] lorenz96_40/cash-karp-54 opt:other_small=0 state=local    bs64x2     blk/SM  2 best    19.593 ms
[14:23:39] lorenz96_40/cash-karp-54 opt:other_small=0 state=local    bs64x1     blk/SM  1 best    31.676 ms
[14:23:39] lorenz96_40/cash-karp-54 opt:other_small=0 state=local    bs128x2    blk/SM  2 best    15.438 ms
[14:23:39] lorenz96_40/cash-karp-54 opt:other_small=0 state=local    bs128x1    blk/SM  1 best    17.885 ms
[14:23:39] lorenz96_40/cash-karp-54 opt:other_small=0 state=local    bs256x1    blk/SM  1 best    16.368 ms
[14:23:39] lorenz96_40/cash-karp-54 opt:other_small=0 state=shared   bs32x8     blk/SM  8 best    15.278 ms
[14:23:39] lorenz96_40/cash-karp-54 opt:other_small=0 state=shared   bs64x4     blk/SM  4 best    15.706 ms
[14:23:39] lorenz96_40/cash-karp-54 opt:other_small=0 state=shared   bs128x2    blk/SM  2 best    15.219 ms
[14:23:39] lorenz96_40/cash-karp-54 opt:other_small=0 state=shared   bs256x1    blk/SM  1 best    16.552 ms
[14:23:39] lorenz96_40/cash-karp-54 opt:other_small=1 state=local stage_rhs=shared bs32x8     blk/SM  8 best    13.883 ms
[14:23:39] lorenz96_40/cash-karp-54 opt:other_small=1 state=local stage_rhs=shared bs32x7     blk/SM  7 best    14.452 ms
[14:23:39] lorenz96_40/cash-karp-54 opt:other_small=1 state=local stage_rhs=shared bs32x6     blk/SM  6 best    15.462 ms
[14:23:39] lorenz96_40/cash-karp-54 opt:other_small=1 state=local stage_rhs=shared bs32x1     blk/SM  1 best    65.889 ms capped
[14:23:39] lorenz96_40/cash-karp-54 opt:other_small=1 state=local stage_rhs=shared bs64x4     blk/SM  4 best    14.220 ms
[14:23:39] lorenz96_40/cash-karp-54 opt:other_small=1 state=local stage_rhs=shared bs64x3     blk/SM  3 best    15.699 ms
[14:23:39] lorenz96_40/cash-karp-54 opt:other_small=1 state=local stage_rhs=shared bs64x2     blk/SM  2 best    17.893 ms
[14:23:39] lorenz96_40/cash-karp-54 opt:other_small=1 state=local stage_rhs=shared bs64x1     blk/SM  1 best    33.460 ms
[14:23:39] lorenz96_40/cash-karp-54 opt:other_small=1 state=local stage_rhs=shared bs128x2    blk/SM  2 best    14.010 ms
[14:23:39] lorenz96_40/cash-karp-54 opt:other_small=1 state=local stage_rhs=shared bs128x1    blk/SM  1 best    17.265 ms
[14:23:39] lorenz96_40/cash-karp-54 opt:other_small=1 state=local stage_rhs=shared bs256x1    blk/SM  1 best    15.487 ms
[14:23:39] lorenz96_40/cash-karp-54 o1+stage_accumulator=shared      bs32x2     blk/SM  2 best    32.907 ms
[14:23:39] lorenz96_40/cash-karp-54 o1+stage_accumulator=shared      bs32x1     blk/SM  1 best    71.400 ms capped
[14:23:39] lorenz96_40/cash-karp-54 o1+stage_accumulator=shared      bs64x1     blk/SM  1 best    36.298 ms
[14:23:39] === lorenz96_40/cash-karp-54 done in 11.7 s
[14:23:39] === lorenz96_40/dormand-prince-54 n_runs 32768 duration 16.0 arms 8
[14:23:39]   tierA                            regs 255 frame     0 sass    47 KiB shared/run    0 cells bs32x8 bs64x4 bs128x2 bs256x1 (0.0 s)
[14:23:39]   plain                            alias of tierA
[14:23:39]   opt:other_small=1 state=local    alias of tierA
[14:23:39]   opt:other_small=1 state=shared   regs 233 frame     0 sass    51 KiB shared/run  164 cells bs32x8 bs64x4 bs128x2 bs256x1 (0.0 s)
[14:23:39]   opt:other_small=0 state=local    regs 241 frame   640 sass    47 KiB shared/run    0 cells bs32x8 bs32x7 bs32x6 bs32x1 bs64x4 bs64x3 bs64x2 bs64x1 bs128x2 bs128x1 bs256x1 (0.0 s)
[14:23:39]   opt:other_small=0 state=shared   regs 230 frame     0 sass    51 KiB shared/run  164 cells bs32x8 bs64x4 bs128x2 bs256x1 (0.0 s)
[14:23:39]   opt:other_small=1 state=local stage_rhs=shared regs 255 frame     0 sass    49 KiB shared/run  164 cells bs32x8 bs64x4 bs128x2 bs256x1 (0.0 s)
[14:23:39]   o1+stage_accumulator=shared      regs 255 frame     0 sass    55 KiB shared/run  964 cells bs32x2 bs64x1 (0.0 s)
[14:23:40]   round 1 tierA                            bs32x8    warm     20.21 timed     20.09     19.91     20.07 ms
[14:23:40]   round 1 tierA                            bs64x4    warm     20.33 timed     20.59     20.49     20.64 ms
[14:23:40]   round 1 tierA                            bs128x2   warm     19.98 timed     19.94     19.80     19.92 ms
[14:23:40]   round 1 tierA                            bs256x1   warm     21.76 timed     21.79     22.00     22.02 ms
[14:23:40]   round 1 opt:other_small=1 state=shared   bs32x8    warm     20.73 timed     20.71     20.93     20.72 ms
[14:23:40]   round 1 opt:other_small=1 state=shared   bs64x4    warm     21.57 timed     21.33     21.30     21.77 ms
[14:23:41]   round 1 opt:other_small=1 state=shared   bs128x2   warm     20.62 timed     20.80     20.77     20.80 ms
[14:23:41]   round 1 opt:other_small=1 state=shared   bs256x1   warm     22.79 timed     22.94     22.74     22.74 ms
[14:23:41]   round 1 opt:other_small=0 state=local    bs32x8    warm     22.94 timed     22.91     22.89     22.90 ms
[14:23:41]   round 1 opt:other_small=0 state=local    bs32x7    warm     25.13 timed     25.22     25.20     25.21 ms
[14:23:41]   round 1 opt:other_small=0 state=local    bs32x6    warm     25.89 timed     25.86     25.78     25.70 ms
[14:23:41]   capped opt:other_small=0 state=local bs32x1 warm 84.68 ms > 3.0x floor 19.80
[14:23:41]   round 1 opt:other_small=0 state=local    bs64x4    warm     24.27 timed     24.45     24.45     24.46 ms
[14:23:41]   round 1 opt:other_small=0 state=local    bs64x3    warm     26.20 timed     26.30     26.26     26.11 ms
[14:23:41]   round 1 opt:other_small=0 state=local    bs64x2    warm     29.68 timed     29.60     29.93     29.60 ms
[14:23:42]   round 1 opt:other_small=0 state=local    bs64x1    warm     45.48 timed     45.31     45.00     45.56 ms
[14:23:42]   round 1 opt:other_small=0 state=local    bs128x2   warm     23.09 timed     22.72     22.77     22.77 ms
[14:23:42]   round 1 opt:other_small=0 state=local    bs128x1   warm     25.70 timed     25.72     25.89     25.95 ms
[14:23:42]   round 1 opt:other_small=0 state=local    bs256x1   warm     24.06 timed     23.96     23.87     24.01 ms
[14:23:42]   round 1 opt:other_small=0 state=shared   bs32x8    warm     21.40 timed     29.76     24.89     25.18 ms
[14:23:42]   round 1 opt:other_small=0 state=shared   bs64x4    warm     30.25 timed     24.62     21.96     21.95 ms
[14:23:42]   round 1 opt:other_small=0 state=shared   bs128x2   warm     21.02 timed     21.14     21.06     21.08 ms
[14:23:42]   round 1 opt:other_small=0 state=shared   bs256x1   warm     23.41 timed     23.39     23.28     23.39 ms
[14:23:42]   round 1 opt:other_small=1 state=local stage_rhs=shared bs32x8    warm     20.62 timed     20.51     20.81     20.58 ms
[14:23:43]   round 1 opt:other_small=1 state=local stage_rhs=shared bs64x4    warm     21.35 timed     21.41     21.37     21.39 ms
[14:23:43]   round 1 opt:other_small=1 state=local stage_rhs=shared bs128x2   warm     20.58 timed     20.17     20.22     20.07 ms
[14:23:43]   round 1 opt:other_small=1 state=local stage_rhs=shared bs256x1   warm     22.49 timed     22.44     22.50     22.62 ms
[14:23:43]   round 1 o1+stage_accumulator=shared      bs32x2    warm     44.19 timed     44.00     43.94     44.28 ms
[14:23:43]   round 1 o1+stage_accumulator=shared      bs64x1    warm     44.11 timed     44.26     44.11     43.71 ms
[14:23:43]   round 2 o1+stage_accumulator=shared      bs64x1    warm     44.00 timed     43.65     43.89     43.62 ms
[14:23:43]   round 2 o1+stage_accumulator=shared      bs32x2    warm     44.34 timed     44.25     44.11     44.13 ms
[14:23:44]   round 2 opt:other_small=1 state=local stage_rhs=shared bs256x1   warm     22.57 timed     22.49     22.44     22.45 ms
[14:23:44]   round 2 opt:other_small=1 state=local stage_rhs=shared bs128x2   warm     19.98 timed     20.68     20.25     20.21 ms
[14:23:44]   round 2 opt:other_small=1 state=local stage_rhs=shared bs64x4    warm     21.64 timed     21.39     21.19     21.58 ms
[14:23:44]   round 2 opt:other_small=1 state=local stage_rhs=shared bs32x8    warm     20.66 timed     20.61     20.75     20.49 ms
[14:23:44]   round 2 opt:other_small=0 state=shared   bs256x1   warm     23.44 timed     23.35     23.44     23.31 ms
[14:23:44]   round 2 opt:other_small=0 state=shared   bs128x2   warm     21.30 timed     21.21     21.30     21.03 ms
[14:23:44]   round 2 opt:other_small=0 state=shared   bs64x4    warm     22.76 timed     22.27     22.44     22.16 ms
[14:23:44]   round 2 opt:other_small=0 state=shared   bs32x8    warm     21.37 timed     21.44     21.39     21.24 ms
[14:23:44]   round 2 opt:other_small=0 state=local    bs256x1   warm     23.76 timed     24.04     23.98     24.12 ms
[14:23:44]   round 2 opt:other_small=0 state=local    bs128x1   warm     25.96 timed     26.25     26.15     25.87 ms
[14:23:45]   round 2 opt:other_small=0 state=local    bs128x2   warm     22.70 timed     22.89     22.84     22.94 ms
[14:23:45]   round 2 opt:other_small=0 state=local    bs64x1    warm     45.26 timed     45.35     45.39     45.45 ms
[14:23:45]   round 2 opt:other_small=0 state=local    bs64x2    warm     28.50 timed     28.58     28.57     28.57 ms
[14:23:45]   round 2 opt:other_small=0 state=local    bs64x3    warm     26.14 timed     26.21     26.39     26.17 ms
[14:23:45]   round 2 opt:other_small=0 state=local    bs64x4    warm     24.17 timed     23.87     24.34     23.96 ms
[14:23:45]   round 2 opt:other_small=0 state=local    bs32x6    warm     25.70 timed     25.67     25.61     25.59 ms
[14:23:45]   round 2 opt:other_small=0 state=local    bs32x7    warm     25.27 timed     25.28     25.38     25.18 ms
[14:23:45]   round 2 opt:other_small=0 state=local    bs32x8    warm     22.95 timed     23.04     22.91     23.00 ms
[14:23:45]   round 2 opt:other_small=1 state=shared   bs256x1   warm     22.73 timed     22.84     22.80     22.76 ms
[14:23:46]   round 2 opt:other_small=1 state=shared   bs128x2   warm     20.81 timed     20.66     20.91     20.72 ms
[14:23:46]   round 2 opt:other_small=1 state=shared   bs64x4    warm     21.84 timed     21.66     21.77     21.93 ms
[14:23:46]   round 2 opt:other_small=1 state=shared   bs32x8    warm     20.91 timed     20.71     20.81     20.63 ms
[14:23:46]   round 2 tierA                            bs256x1   warm     21.86 timed     21.99     21.82     21.86 ms
[14:23:46]   round 2 tierA                            bs128x2   warm     19.83 timed     19.84     19.89     20.00 ms
[14:23:46]   round 2 tierA                            bs64x4    warm     20.67 timed     20.73     20.92     20.80 ms
[14:23:46]   round 2 tierA                            bs32x8    warm     19.94 timed     19.90     20.13     19.92 ms
[14:23:46]   round 3 o1+stage_accumulator=shared      bs64x1    warm     44.15 timed     43.85     43.69     43.92 ms
[14:23:47]   round 3 o1+stage_accumulator=shared      bs32x2    warm     44.10 timed     44.15     44.09     44.11 ms
[14:23:47]   round 3 opt:other_small=1 state=local stage_rhs=shared bs256x1   warm     22.65 timed     22.47     22.43     22.67 ms
[14:23:47]   round 3 opt:other_small=1 state=local stage_rhs=shared bs128x2   warm     20.13 timed     20.13     20.25     20.31 ms
[14:23:47]   round 3 opt:other_small=1 state=local stage_rhs=shared bs64x4    warm     21.53 timed     21.47     21.49     21.49 ms
[14:23:47]   round 3 opt:other_small=1 state=local stage_rhs=shared bs32x8    warm     20.44 timed     20.71     20.72     20.52 ms
[14:23:47]   round 3 opt:other_small=0 state=shared   bs256x1   warm     23.41 timed     23.25     23.45     23.48 ms
[14:23:47]   round 3 opt:other_small=0 state=shared   bs128x2   warm     21.25 timed     20.96     21.15     21.09 ms
[14:23:47]   round 3 opt:other_small=0 state=shared   bs64x4    warm     22.24 timed     22.12     22.17     22.10 ms
[14:23:47]   round 3 opt:other_small=0 state=shared   bs32x8    warm     21.36 timed     21.36     21.54     21.42 ms
[14:23:47]   round 3 opt:other_small=0 state=local    bs256x1   warm     23.72 timed     23.97     23.86     23.98 ms
[14:23:47]   round 3 opt:other_small=0 state=local    bs128x1   warm     25.93 timed     25.75     26.02     26.10 ms
[14:23:48]   round 3 opt:other_small=0 state=local    bs128x2   warm     22.90 timed     23.05     22.87     22.96 ms
[14:23:48]   round 3 opt:other_small=0 state=local    bs64x1    warm     44.86 timed     44.96     44.91     44.72 ms
[14:23:48]   round 3 opt:other_small=0 state=local    bs64x2    warm     27.84 timed     27.93     28.10     28.15 ms
[14:23:48]   round 3 opt:other_small=0 state=local    bs64x3    warm     26.33 timed     26.03     26.36     26.08 ms
[14:23:48]   round 3 opt:other_small=0 state=local    bs64x4    warm     23.38 timed     23.97     23.52     23.33 ms
[14:23:48]   round 3 opt:other_small=0 state=local    bs32x6    warm     25.76 timed     25.63     25.65     25.81 ms
[14:23:48]   round 3 opt:other_small=0 state=local    bs32x7    warm     25.28 timed     24.98     25.16     25.07 ms
[14:23:48]   round 3 opt:other_small=0 state=local    bs32x8    warm     23.09 timed     23.18     22.85     23.03 ms
[14:23:48]   round 3 opt:other_small=1 state=shared   bs256x1   warm     22.77 timed     22.76     22.74     22.92 ms
[14:23:49]   round 3 opt:other_small=1 state=shared   bs128x2   warm     20.87 timed     20.69     20.56     20.87 ms
[14:23:49]   round 3 opt:other_small=1 state=shared   bs64x4    warm     22.05 timed     22.01     21.87     22.15 ms
[14:23:49]   round 3 opt:other_small=1 state=shared   bs32x8    warm     20.82 timed     20.73     20.79     20.81 ms
[14:23:49]   round 3 tierA                            bs256x1   warm     21.85 timed     22.02     21.85     21.82 ms
[14:23:49]   round 3 tierA                            bs128x2   warm     19.92 timed     19.75     19.95     19.87 ms
[14:23:49]   round 3 tierA                            bs64x4    warm     20.75 timed     20.84     20.93     20.82 ms
[14:23:49]   round 3 tierA                            bs32x8    warm     19.99 timed     19.94     19.95     20.05 ms
[14:23:49]   round 4 o1+stage_accumulator=shared      bs64x1    warm     43.61 timed     43.76     43.65     44.17 ms
[14:23:50]   round 4 o1+stage_accumulator=shared      bs32x2    warm     44.23 timed     44.18     44.16     44.09 ms
[14:23:50]   round 4 opt:other_small=1 state=local stage_rhs=shared bs256x1   warm     22.83 timed     22.52     22.53     22.83 ms
[14:23:50]   round 4 opt:other_small=1 state=local stage_rhs=shared bs128x2   warm     20.15 timed     20.19     20.32     24.48 ms
[14:23:50]   round 4 opt:other_small=1 state=local stage_rhs=shared bs64x4    warm     22.07 timed     21.67     21.47     21.38 ms
[14:23:50]   round 4 opt:other_small=1 state=local stage_rhs=shared bs32x8    warm     20.52 timed     20.58     20.52     20.44 ms
[14:23:50]   round 4 opt:other_small=0 state=shared   bs256x1   warm     23.46 timed     23.29     23.25     23.28 ms
[14:23:50]   round 4 opt:other_small=0 state=shared   bs128x2   warm     20.90 timed     21.09     20.99     21.05 ms
[14:23:50]   round 4 opt:other_small=0 state=shared   bs64x4    warm     22.18 timed     22.13     22.54     22.20 ms
[14:23:50]   round 4 opt:other_small=0 state=shared   bs32x8    warm     21.35 timed     21.45     21.51     21.51 ms
[14:23:50]   round 4 opt:other_small=0 state=local    bs256x1   warm     24.06 timed     23.94     24.00     23.96 ms
[14:23:51]   round 4 opt:other_small=0 state=local    bs128x1   warm     25.62 timed     26.12     26.16     26.06 ms
[14:23:51]   round 4 opt:other_small=0 state=local    bs128x2   warm     22.90 timed     22.97     23.01     23.02 ms
[14:23:51]   round 4 opt:other_small=0 state=local    bs64x1    warm     45.15 timed     44.60     44.58     45.33 ms
[14:23:51]   round 4 opt:other_small=0 state=local    bs64x2    warm     29.36 timed     29.41     29.22     29.35 ms
[14:23:51]   round 4 opt:other_small=0 state=local    bs64x3    warm     26.22 timed     26.29     26.04     26.06 ms
[14:23:51]   round 4 opt:other_small=0 state=local    bs64x4    warm     24.16 timed     24.53     24.53     24.23 ms
[14:23:51]   round 4 opt:other_small=0 state=local    bs32x6    warm     25.49 timed     25.74     25.73     25.49 ms
[14:23:51]   round 4 opt:other_small=0 state=local    bs32x7    warm     25.18 timed     24.99     25.08     25.29 ms
[14:23:51]   round 4 opt:other_small=0 state=local    bs32x8    warm     22.96 timed     22.93     22.96     23.02 ms
[14:23:52]   round 4 opt:other_small=1 state=shared   bs256x1   warm     22.78 timed     25.30     25.77     25.52 ms
[14:23:52]   round 4 opt:other_small=1 state=shared   bs128x2   warm     20.60 timed     20.81     22.55     20.69 ms
[14:23:52]   round 4 opt:other_small=1 state=shared   bs64x4    warm     22.00 timed     22.16     23.49     21.73 ms
[14:23:52]   round 4 opt:other_small=1 state=shared   bs32x8    warm     20.75 timed     22.80     20.80     20.92 ms
[14:23:52]   round 4 tierA                            bs256x1   warm     24.29 timed     22.02     21.80     21.87 ms
[14:23:52]   round 4 tierA                            bs128x2   warm     23.92 timed     19.99     19.97     19.94 ms
[14:23:52]   round 4 tierA                            bs64x4    warm     24.72 timed     21.48     21.12     25.29 ms
[14:23:52]   round 4 tierA                            bs32x8    warm     19.92 timed     20.02     19.87     23.30 ms
[14:23:52] lorenz96_40/dormand-prince-54 tierA                            bs32x8     blk/SM  8 best    19.870 ms
[14:23:52] lorenz96_40/dormand-prince-54 tierA                            bs64x4     blk/SM  4 best    20.487 ms
[14:23:52] lorenz96_40/dormand-prince-54 tierA                            bs128x2    blk/SM  2 best    19.750 ms
[14:23:52] lorenz96_40/dormand-prince-54 tierA                            bs256x1    blk/SM  1 best    21.785 ms
[14:23:52] lorenz96_40/dormand-prince-54 opt:other_small=1 state=shared   bs32x8     blk/SM  8 best    20.627 ms
[14:23:52] lorenz96_40/dormand-prince-54 opt:other_small=1 state=shared   bs64x4     blk/SM  4 best    21.303 ms
[14:23:52] lorenz96_40/dormand-prince-54 opt:other_small=1 state=shared   bs128x2    blk/SM  2 best    20.564 ms
[14:23:52] lorenz96_40/dormand-prince-54 opt:other_small=1 state=shared   bs256x1    blk/SM  1 best    22.741 ms
[14:23:52] lorenz96_40/dormand-prince-54 opt:other_small=0 state=local    bs32x8     blk/SM  8 best    22.850 ms
[14:23:52] lorenz96_40/dormand-prince-54 opt:other_small=0 state=local    bs32x7     blk/SM  7 best    24.982 ms
[14:23:52] lorenz96_40/dormand-prince-54 opt:other_small=0 state=local    bs32x6     blk/SM  6 best    25.493 ms
[14:23:52] lorenz96_40/dormand-prince-54 opt:other_small=0 state=local    bs32x1     blk/SM  1 best    84.683 ms capped
[14:23:52] lorenz96_40/dormand-prince-54 opt:other_small=0 state=local    bs64x4     blk/SM  4 best    23.333 ms
[14:23:52] lorenz96_40/dormand-prince-54 opt:other_small=0 state=local    bs64x3     blk/SM  3 best    26.026 ms
[14:23:52] lorenz96_40/dormand-prince-54 opt:other_small=0 state=local    bs64x2     blk/SM  2 best    27.931 ms
[14:23:52] lorenz96_40/dormand-prince-54 opt:other_small=0 state=local    bs64x1     blk/SM  1 best    44.580 ms
[14:23:52] lorenz96_40/dormand-prince-54 opt:other_small=0 state=local    bs128x2    blk/SM  2 best    22.725 ms
[14:23:52] lorenz96_40/dormand-prince-54 opt:other_small=0 state=local    bs128x1    blk/SM  1 best    25.725 ms
[14:23:52] lorenz96_40/dormand-prince-54 opt:other_small=0 state=local    bs256x1    blk/SM  1 best    23.860 ms
[14:23:52] lorenz96_40/dormand-prince-54 opt:other_small=0 state=shared   bs32x8     blk/SM  8 best    21.241 ms
[14:23:52] lorenz96_40/dormand-prince-54 opt:other_small=0 state=shared   bs64x4     blk/SM  4 best    21.952 ms
[14:23:52] lorenz96_40/dormand-prince-54 opt:other_small=0 state=shared   bs128x2    blk/SM  2 best    20.963 ms
[14:23:52] lorenz96_40/dormand-prince-54 opt:other_small=0 state=shared   bs256x1    blk/SM  1 best    23.249 ms
[14:23:52] lorenz96_40/dormand-prince-54 opt:other_small=1 state=local stage_rhs=shared bs32x8     blk/SM  8 best    20.439 ms
[14:23:52] lorenz96_40/dormand-prince-54 opt:other_small=1 state=local stage_rhs=shared bs64x4     blk/SM  4 best    21.190 ms
[14:23:52] lorenz96_40/dormand-prince-54 opt:other_small=1 state=local stage_rhs=shared bs128x2    blk/SM  2 best    20.071 ms
[14:23:52] lorenz96_40/dormand-prince-54 opt:other_small=1 state=local stage_rhs=shared bs256x1    blk/SM  1 best    22.432 ms
[14:23:52] lorenz96_40/dormand-prince-54 o1+stage_accumulator=shared      bs32x2     blk/SM  2 best    43.937 ms
[14:23:52] lorenz96_40/dormand-prince-54 o1+stage_accumulator=shared      bs64x1     blk/SM  1 best    43.624 ms
[14:23:52] === lorenz96_40/dormand-prince-54 done in 13.1 s
[14:23:52] === lorenz96_40/dop853 n_runs 32768 duration 16.0 arms 8
[14:23:52]   tierA                            regs 255 frame   936 sass    97 KiB shared/run  164 cells bs256x1 bs32x8 bs32x7 bs32x6 bs32x1 bs64x4 bs64x3 bs64x2 bs64x1 bs128x2 bs128x1 (0.0 s)
[14:23:52]   plain                            regs 255 frame  1592 sass   107 KiB shared/run    0 cells bs64x4 bs32x8 bs32x7 bs32x6 bs32x1 bs64x3 bs64x2 bs64x1 bs128x2 bs128x1 bs256x1 (0.0 s)
[14:23:52]   opt:other_small=1 state=local    alias of plain
[14:23:52]   opt:other_small=1 state=shared   alias of tierA
[14:23:52]   opt:other_small=0 state=local    regs 255 frame  1744 sass    92 KiB shared/run    0 cells bs256x1 bs32x8 bs32x7 bs32x6 bs32x1 bs64x4 bs64x3 bs64x2 bs64x1 bs128x2 bs128x1 (0.0 s)
[14:23:52]   opt:other_small=0 state=shared   regs 255 frame   920 sass    92 KiB shared/run  164 cells bs256x1 bs32x8 bs32x7 bs32x6 bs32x1 bs64x4 bs64x3 bs64x2 bs64x1 bs128x2 bs128x1 (0.0 s)
[14:23:52]   opt:other_small=1 state=local stage_rhs=shared regs 255 frame  1592 sass   108 KiB shared/run  164 cells bs256x1 bs32x8 bs32x7 bs32x6 bs32x1 bs64x4 bs64x3 bs64x2 bs64x1 bs128x2 bs128x1 (0.0 s)
[14:23:53]   o1+stage_accumulator=shared      regs 255 frame  2600 sass   130 KiB shared/run 1924 cells bs32x1 (0.0 s)
[14:23:54]   round 1 tierA                            bs256x1   warm     90.20 timed     90.12     90.22     90.16 ms
[14:23:55]   round 1 tierA                            bs32x8    warm     88.51 timed     90.81     88.68     90.85 ms
[14:23:55]   round 1 tierA                            bs32x7    warm     91.42 timed     93.02     91.00     93.12 ms
[14:23:56]   round 1 tierA                            bs32x6    warm     92.34 timed     94.65     92.45     94.17 ms
[14:23:56]   round 1 tierA                            bs32x1    warm    207.82 timed    207.12    207.13    207.39 ms
[14:23:57]   round 1 tierA                            bs64x4    warm     90.06 timed     90.29     90.06     90.16 ms
[14:23:57]   round 1 tierA                            bs64x3    warm     93.52 timed     93.71     93.18     93.99 ms
[14:23:57]   round 1 tierA                            bs64x2    warm     68.24 timed     70.14     71.74     67.75 ms
[14:23:58]   round 1 tierA                            bs64x1    warm    110.09 timed    109.91    110.21    109.52 ms
[14:23:58]   round 1 tierA                            bs128x2   warm     90.32 timed     90.39     90.44     90.25 ms
[14:23:59]   round 1 tierA                            bs128x1   warm     73.23 timed     73.10     73.32     73.47 ms
[14:23:59]   round 1 plain                            bs64x4    warm    168.84 timed    163.59    168.77    167.93 ms
[14:24:00]   round 1 plain                            bs32x8    warm    176.05 timed    171.16    170.28    171.06 ms
[14:24:01]   round 1 plain                            bs32x7    warm    168.29 timed    168.84    168.72    169.55 ms
[14:24:01]   round 1 plain                            bs32x6    warm    166.65 timed    168.79    167.27    168.46 ms
[14:24:02]   capped plain bs32x1 warm 245.33 ms > 3.0x floor 67.75
[14:24:03]   round 1 plain                            bs64x3    warm    165.70 timed    166.09    166.81    166.71 ms
[14:24:03]   round 1 plain                            bs64x2    warm    161.66 timed    161.26    160.23    159.49 ms
[14:24:04]   round 1 plain                            bs64x1    warm    145.19 timed    145.76    145.52    143.63 ms
[14:24:04]   round 1 plain                            bs128x2   warm    177.57 timed    170.20    169.84    169.98 ms
[14:24:05]   round 1 plain                            bs128x1   warm    161.77 timed    161.80    161.79    161.73 ms
[14:24:06]   round 1 plain                            bs256x1   warm    166.90 timed    166.78    166.39    166.40 ms
[14:24:06]   round 1 opt:other_small=0 state=local    bs256x1   warm     98.44 timed     96.96     98.81     98.91 ms
[14:24:07]   round 1 opt:other_small=0 state=local    bs32x8    warm     99.76 timed    101.29    100.31    101.16 ms
[14:24:07]   round 1 opt:other_small=0 state=local    bs32x7    warm     97.19 timed     97.12     96.95     97.15 ms
[14:24:07]   round 1 opt:other_small=0 state=local    bs32x6    warm     94.19 timed     94.48     94.10     93.91 ms
[14:24:08]   capped opt:other_small=0 state=local bs32x1 warm 211.23 ms > 3.0x floor 67.75
[14:24:08]   round 1 opt:other_small=0 state=local    bs64x4    warm     98.19 timed    100.27     97.16     99.37 ms
[14:24:09]   round 1 opt:other_small=0 state=local    bs64x3    warm     93.69 timed     93.96     94.12     94.48 ms
[14:24:09]   round 1 opt:other_small=0 state=local    bs64x2    warm     83.73 timed     84.33     82.72     84.29 ms
[14:24:09]   round 1 opt:other_small=0 state=local    bs64x1    warm    113.64 timed    114.40    113.51    112.85 ms
[14:24:10]   round 1 opt:other_small=0 state=local    bs128x2   warm     99.63 timed     98.68     99.59     98.11 ms
[14:24:10]   round 1 opt:other_small=0 state=local    bs128x1   warm     83.30 timed     83.38     83.21     83.43 ms
[14:24:11]   round 1 opt:other_small=0 state=shared   bs256x1   warm     86.00 timed     86.07     86.14     86.08 ms
[14:24:11]   round 1 opt:other_small=0 state=shared   bs32x8    warm     83.01 timed     83.67     83.02     83.75 ms
[14:24:11]   round 1 opt:other_small=0 state=shared   bs32x7    warm     83.66 timed     84.75     83.20     85.12 ms
[14:24:12]   round 1 opt:other_small=0 state=shared   bs32x6    warm     85.20 timed     87.34     85.33     86.73 ms
[14:24:12]   capped opt:other_small=0 state=shared bs32x1 warm 207.47 ms > 3.0x floor 67.75
[14:24:12]   round 1 opt:other_small=0 state=shared   bs64x4    warm     88.61 timed     83.59     83.77     83.66 ms
[14:24:13]   round 1 opt:other_small=0 state=shared   bs64x3    warm     86.76 timed     86.90     86.41     87.31 ms
[14:24:13]   round 1 opt:other_small=0 state=shared   bs64x2    warm     77.36 timed     75.39     78.72     75.24 ms
[14:24:14]   round 1 opt:other_small=0 state=shared   bs64x1    warm    108.50 timed    108.23    108.58    108.56 ms
[14:24:14]   round 1 opt:other_small=0 state=shared   bs128x2   warm     85.15 timed     85.19     85.22     85.28 ms
[14:24:14]   round 1 opt:other_small=0 state=shared   bs128x1   warm     90.47 timed     90.47     90.49     90.50 ms
[14:24:15]   round 1 opt:other_small=1 state=local stage_rhs=shared bs256x1   warm    168.55 timed    168.67    168.84    168.54 ms
[14:24:16]   round 1 opt:other_small=1 state=local stage_rhs=shared bs32x8    warm    172.84 timed    172.43    172.59    172.82 ms
[14:24:16]   round 1 opt:other_small=1 state=local stage_rhs=shared bs32x7    warm    169.33 timed    169.14    169.37    168.93 ms
[14:24:17]   round 1 opt:other_small=1 state=local stage_rhs=shared bs32x6    warm    166.06 timed    166.01    165.65    165.99 ms
[14:24:18]   capped opt:other_small=1 state=local stage_rhs=shared bs32x1 warm 245.93 ms > 3.0x floor 67.75
[14:24:18]   round 1 opt:other_small=1 state=local stage_rhs=shared bs64x4    warm    170.66 timed    170.73    170.43    170.61 ms
[14:24:19]   round 1 opt:other_small=1 state=local stage_rhs=shared bs64x3    warm    163.64 timed    164.39    164.97    163.38 ms
[14:24:20]   round 1 opt:other_small=1 state=local stage_rhs=shared bs64x2    warm    145.38 timed    146.35    147.06    146.98 ms
[14:24:20]   round 1 opt:other_small=1 state=local stage_rhs=shared bs64x1    warm    145.27 timed    143.48    144.95    142.69 ms
[14:24:21]   round 1 opt:other_small=1 state=local stage_rhs=shared bs128x2   warm    172.51 timed    172.64    172.44    172.80 ms
[14:24:21]   round 1 opt:other_small=1 state=local stage_rhs=shared bs128x1   warm    141.14 timed    141.15    141.04    140.98 ms
[14:24:22]   capped o1+stage_accumulator=shared bs32x1 warm 294.16 ms > 3.0x floor 67.75
[14:24:23]   round 2 opt:other_small=1 state=local stage_rhs=shared bs128x1   warm    146.53 timed    143.94    146.41    146.48 ms
[14:24:24]   round 2 opt:other_small=1 state=local stage_rhs=shared bs128x2   warm    177.61 timed    180.67    172.41    172.43 ms
[14:24:24]   round 2 opt:other_small=1 state=local stage_rhs=shared bs64x1    warm    144.11 timed    141.91    145.97    142.11 ms
[14:24:25]   round 2 opt:other_small=1 state=local stage_rhs=shared bs64x2    warm    145.39 timed    146.04    144.82    145.74 ms
[14:24:26]   round 2 opt:other_small=1 state=local stage_rhs=shared bs64x3    warm    161.71 timed    164.28    162.00    165.38 ms
[14:24:26]   round 2 opt:other_small=1 state=local stage_rhs=shared bs64x4    warm    170.39 timed    170.61    170.55    170.34 ms
[14:24:27]   round 2 opt:other_small=1 state=local stage_rhs=shared bs32x6    warm    166.35 timed    164.86    166.35    164.73 ms
[14:24:28]   round 2 opt:other_small=1 state=local stage_rhs=shared bs32x7    warm    168.66 timed    168.44    168.86    168.20 ms
[14:24:28]   round 2 opt:other_small=1 state=local stage_rhs=shared bs32x8    warm    172.23 timed    172.36    172.30    172.08 ms
[14:24:29]   round 2 opt:other_small=1 state=local stage_rhs=shared bs256x1   warm    168.94 timed    168.68    168.57    169.22 ms
[14:24:29]   round 2 opt:other_small=0 state=shared   bs128x1   warm     90.22 timed     90.36     90.45     90.39 ms
[14:24:30]   round 2 opt:other_small=0 state=shared   bs128x2   warm     85.33 timed     85.26     85.41     85.28 ms
[14:24:30]   round 2 opt:other_small=0 state=shared   bs64x1    warm    108.34 timed    108.89    108.31    108.97 ms
[14:24:31]   round 2 opt:other_small=0 state=shared   bs64x2    warm     85.26 timed     85.15     86.08     84.98 ms
[14:24:31]   round 2 opt:other_small=0 state=shared   bs64x3    warm     87.36 timed     87.44     86.84     86.49 ms
[14:24:31]   round 2 opt:other_small=0 state=shared   bs64x4    warm     83.64 timed     83.98     83.89     83.73 ms
[14:24:32]   round 2 opt:other_small=0 state=shared   bs32x6    warm     86.32 timed     85.77     85.91     86.17 ms
[14:24:32]   round 2 opt:other_small=0 state=shared   bs32x7    warm     83.70 timed     83.98     84.23     84.04 ms
[14:24:32]   round 2 opt:other_small=0 state=shared   bs32x8    warm     83.27 timed     83.37     83.38     83.39 ms
[14:24:33]   round 2 opt:other_small=0 state=shared   bs256x1   warm     85.99 timed     86.08     86.14     86.09 ms
[14:24:33]   round 2 opt:other_small=0 state=local    bs128x1   warm     83.26 timed     82.95     83.83     83.58 ms
[14:24:33]   round 2 opt:other_small=0 state=local    bs128x2   warm     98.69 timed     98.69     98.54     98.53 ms
[14:24:34]   round 2 opt:other_small=0 state=local    bs64x1    warm    113.45 timed    113.62    113.84    114.40 ms
[14:24:34]   round 2 opt:other_small=0 state=local    bs64x2    warm     82.11 timed     82.30     82.14     81.91 ms
[14:24:35]   round 2 opt:other_small=0 state=local    bs64x3    warm     93.62 timed     94.02     94.55     93.43 ms
[14:24:35]   round 2 opt:other_small=0 state=local    bs64x4    warm     98.20 timed     99.25     96.93     97.73 ms
[14:24:35]   round 2 opt:other_small=0 state=local    bs32x6    warm     95.15 timed     93.94     94.11     94.22 ms
[14:24:36]   round 2 opt:other_small=0 state=local    bs32x7    warm     97.13 timed     96.56     96.94     96.60 ms
[14:24:36]   round 2 opt:other_small=0 state=local    bs32x8    warm    100.86 timed    100.53    100.92    101.51 ms
[14:24:37]   round 2 opt:other_small=0 state=local    bs256x1   warm     97.98 timed     97.63     98.34     97.34 ms
[14:24:37]   round 2 plain                            bs256x1   warm    167.29 timed    166.58    166.47    166.79 ms
[14:24:38]   round 2 plain                            bs128x1   warm    161.63 timed    161.73    161.98    161.73 ms
[14:24:39]   round 2 plain                            bs128x2   warm    169.78 timed    169.75    169.85    169.79 ms
[14:24:39]   round 2 plain                            bs64x1    warm    142.61 timed    143.56    142.03    144.19 ms
[14:24:40]   round 2 plain                            bs64x2    warm    156.15 timed    156.56    154.95    156.56 ms
[14:24:41]   round 2 plain                            bs64x3    warm    167.60 timed    167.56    167.51    168.60 ms
[14:24:41]   round 2 plain                            bs32x6    warm    166.96 timed    168.16    166.93    167.41 ms
[14:24:42]   round 2 plain                            bs32x7    warm    169.21 timed    168.64    169.04    168.87 ms
[14:24:43]   round 2 plain                            bs32x8    warm    193.65 timed    170.98    170.29    171.16 ms
[14:24:43]   round 2 plain                            bs64x4    warm    168.43 timed    168.43    168.66    163.09 ms
[14:24:44]   round 2 tierA                            bs128x1   warm     72.84 timed     73.02     73.38     73.40 ms
[14:24:44]   round 2 tierA                            bs128x2   warm     90.43 timed     90.28     90.47     90.35 ms
[14:24:44]   round 2 tierA                            bs64x1    warm    109.83 timed    109.74    109.85    109.15 ms
[14:24:45]   round 2 tierA                            bs64x2    warm     75.89 timed     73.29     78.12     78.25 ms
[14:24:45]   round 2 tierA                            bs64x3    warm     92.82 timed     92.67     93.51     93.64 ms
[14:24:46]   round 2 tierA                            bs64x4    warm     89.48 timed     89.75     89.63     89.83 ms
[14:24:46]   round 2 tierA                            bs32x1    warm    207.38 timed    207.26    207.29    207.74 ms
[14:24:47]   round 2 tierA                            bs32x6    warm     93.51 timed     93.71     92.43     93.14 ms
[14:24:47]   round 2 tierA                            bs32x7    warm     91.98 timed     91.83     92.32     92.62 ms
[14:24:47]   round 2 tierA                            bs32x8    warm     89.84 timed     89.89     89.86     89.55 ms
[14:24:48]   round 2 tierA                            bs256x1   warm     90.18 timed     90.24     90.22     90.21 ms
[14:24:49]   round 3 opt:other_small=1 state=local stage_rhs=shared bs128x1   warm    141.10 timed    141.00    140.95    141.11 ms
[14:24:49]   round 3 opt:other_small=1 state=local stage_rhs=shared bs128x2   warm    172.16 timed    172.09    172.09    172.35 ms
[14:24:50]   round 3 opt:other_small=1 state=local stage_rhs=shared bs64x1    warm    142.60 timed    142.16    140.92    144.26 ms
[14:24:50]   round 3 opt:other_small=1 state=local stage_rhs=shared bs64x2    warm    146.20 timed    145.41    145.51    145.84 ms
[14:24:51]   round 3 opt:other_small=1 state=local stage_rhs=shared bs64x3    warm    164.60 timed    165.53    165.30    164.58 ms
[14:24:52]   round 3 opt:other_small=1 state=local stage_rhs=shared bs64x4    warm    170.88 timed    170.29    170.56    170.77 ms
[14:24:52]   round 3 opt:other_small=1 state=local stage_rhs=shared bs32x6    warm    166.30 timed    165.60    165.44    165.27 ms
[14:24:53]   round 3 opt:other_small=1 state=local stage_rhs=shared bs32x7    warm    168.97 timed    168.89    168.64    168.51 ms
[14:24:54]   round 3 opt:other_small=1 state=local stage_rhs=shared bs32x8    warm    172.68 timed    172.02    172.57    171.81 ms
[14:24:54]   round 3 opt:other_small=1 state=local stage_rhs=shared bs256x1   warm    168.58 timed    171.15    168.88    168.76 ms
[14:24:55]   round 3 opt:other_small=0 state=shared   bs128x1   warm     90.32 timed     90.48     90.32     90.37 ms
[14:24:55]   round 3 opt:other_small=0 state=shared   bs128x2   warm     85.21 timed     85.20     85.24     85.37 ms
[14:24:56]   round 3 opt:other_small=0 state=shared   bs64x1    warm    108.59 timed    108.26    109.29    108.54 ms
[14:24:56]   round 3 opt:other_small=0 state=shared   bs64x2    warm     91.18 timed     91.48     91.73     92.39 ms
[14:24:56]   round 3 opt:other_small=0 state=shared   bs64x3    warm     87.93 timed     87.35     86.70     87.32 ms
[14:24:57]   round 3 opt:other_small=0 state=shared   bs64x4    warm     84.03 timed     83.50     83.80     83.80 ms
[14:24:57]   round 3 opt:other_small=0 state=shared   bs32x6    warm     86.35 timed     86.08     86.71     86.16 ms
[14:24:57]   round 3 opt:other_small=0 state=shared   bs32x7    warm     84.16 timed     84.52     84.14     84.19 ms
[14:24:58]   round 3 opt:other_small=0 state=shared   bs32x8    warm     83.38 timed     83.31     83.25     83.22 ms
[14:24:58]   round 3 opt:other_small=0 state=shared   bs256x1   warm     86.10 timed     86.14     86.14     86.02 ms
[14:24:59]   round 3 opt:other_small=0 state=local    bs128x1   warm     84.23 timed     83.30     83.61     83.56 ms
[14:24:59]   round 3 opt:other_small=0 state=local    bs128x2   warm     99.36 timed     97.35     98.86     98.20 ms
[14:24:59]   round 3 opt:other_small=0 state=local    bs64x1    warm    114.08 timed    112.82    114.22    112.95 ms
[14:25:00]   round 3 opt:other_small=0 state=local    bs64x2    warm     81.68 timed     84.85     81.97     82.22 ms
[14:25:00]   round 3 opt:other_small=0 state=local    bs64x3    warm     93.30 timed     93.50     95.08     93.64 ms
[14:25:00]   round 3 opt:other_small=0 state=local    bs64x4    warm     98.89 timed    100.49     99.03     98.59 ms
[14:25:01]   round 3 opt:other_small=0 state=local    bs32x6    warm     94.18 timed     94.72     94.54     93.88 ms
[14:25:01]   round 3 opt:other_small=0 state=local    bs32x7    warm     97.78 timed     96.79     97.11     96.93 ms
[14:25:02]   round 3 opt:other_small=0 state=local    bs32x8    warm    100.31 timed    100.70    102.28    101.37 ms
[14:25:02]   round 3 opt:other_small=0 state=local    bs256x1   warm     98.54 timed     99.98     99.25     97.90 ms
[14:25:03]   round 3 plain                            bs256x1   warm    166.59 timed    166.82    166.58    166.74 ms
[14:25:04]   round 3 plain                            bs128x1   warm    162.04 timed    161.85    161.70    161.61 ms
[14:25:04]   round 3 plain                            bs128x2   warm    169.59 timed    169.79    169.86    169.86 ms
[14:25:05]   round 3 plain                            bs64x1    warm    142.82 timed    141.71    143.56    140.75 ms
[14:25:05]   round 3 plain                            bs64x2    warm    160.07 timed    161.49    161.03    160.20 ms
[14:25:06]   round 3 plain                            bs64x3    warm    167.45 timed    167.21    165.62    168.76 ms
[14:25:07]   round 3 plain                            bs32x6    warm    167.72 timed    167.77    167.53    168.11 ms
[14:25:07]   round 3 plain                            bs32x7    warm    168.32 timed    169.25    167.91    168.89 ms
[14:25:08]   round 3 plain                            bs32x8    warm    170.16 timed    171.16    169.75    171.33 ms
[14:25:09]   round 3 plain                            bs64x4    warm    162.77 timed    162.51    168.80    162.36 ms
[14:25:09]   round 3 tierA                            bs128x1   warm     73.06 timed     72.97     73.12     72.91 ms
[14:25:10]   round 3 tierA                            bs128x2   warm     90.27 timed     90.34     90.22     90.30 ms
[14:25:10]   round 3 tierA                            bs64x1    warm    109.53 timed    108.69    108.96    109.31 ms
[14:25:10]   round 3 tierA                            bs64x2    warm     69.05 timed     69.38     68.10     68.29 ms
[14:25:11]   round 3 tierA                            bs64x3    warm     92.63 timed     94.09     92.48     93.99 ms
[14:25:11]   round 3 tierA                            bs64x4    warm     89.77 timed     89.41     89.79     89.43 ms
[14:25:12]   round 3 tierA                            bs32x1    warm    207.06 timed    207.14    206.39    206.64 ms
[14:25:12]   round 3 tierA                            bs32x6    warm     92.83 timed    101.26    105.74     93.97 ms
[14:25:13]   round 3 tierA                            bs32x7    warm     91.11 timed     92.60     91.47     92.03 ms
[14:25:13]   round 3 tierA                            bs32x8    warm     89.10 timed     89.76     89.08     89.93 ms
[14:25:13]   round 3 tierA                            bs256x1   warm     89.99 timed     90.01     89.97     89.98 ms
[14:25:14]   round 4 opt:other_small=1 state=local stage_rhs=shared bs128x1   warm    141.05 timed    140.94    140.93    141.09 ms
[14:25:15]   round 4 opt:other_small=1 state=local stage_rhs=shared bs128x2   warm    172.37 timed    172.14    172.52    172.66 ms
[14:25:15]   round 4 opt:other_small=1 state=local stage_rhs=shared bs64x1    warm    141.78 timed    139.70    141.81    139.02 ms
[14:25:16]   round 4 opt:other_small=1 state=local stage_rhs=shared bs64x2    warm    144.65 timed    146.46    145.50    147.49 ms
[14:25:17]   round 4 opt:other_small=1 state=local stage_rhs=shared bs64x3    warm    164.23 timed    165.79    165.32    164.57 ms
[14:25:17]   round 4 opt:other_small=1 state=local stage_rhs=shared bs64x4    warm    170.55 timed    171.58    170.78    171.28 ms
[14:25:18]   round 4 opt:other_small=1 state=local stage_rhs=shared bs32x6    warm    166.27 timed    165.37    166.13    164.87 ms
[14:25:19]   round 4 opt:other_small=1 state=local stage_rhs=shared bs32x7    warm    168.47 timed    169.17    168.31    168.91 ms
[14:25:19]   round 4 opt:other_small=1 state=local stage_rhs=shared bs32x8    warm    172.18 timed    172.22    172.27    171.91 ms
[14:25:20]   round 4 opt:other_small=1 state=local stage_rhs=shared bs256x1   warm    169.00 timed    168.25    168.76    168.79 ms
[14:25:20]   round 4 opt:other_small=0 state=shared   bs128x1   warm     90.41 timed     90.37     90.31     90.46 ms
[14:25:21]   round 4 opt:other_small=0 state=shared   bs128x2   warm     85.23 timed     85.28     85.41     85.31 ms
[14:25:21]   round 4 opt:other_small=0 state=shared   bs64x1    warm    108.13 timed    108.12    108.85    107.98 ms
[14:25:22]   round 4 opt:other_small=0 state=shared   bs64x2    warm     91.50 timed     91.30     89.88     91.92 ms
[14:25:22]   round 4 opt:other_small=0 state=shared   bs64x3    warm     87.31 timed     86.90     86.64     87.08 ms
[14:25:22]   round 4 opt:other_small=0 state=shared   bs64x4    warm     83.30 timed     83.87     83.12     83.84 ms
[14:25:23]   round 4 opt:other_small=0 state=shared   bs32x6    warm     86.86 timed     86.19     86.50     85.70 ms
[14:25:23]   round 4 opt:other_small=0 state=shared   bs32x7    warm     84.48 timed     83.85     84.13     84.41 ms
[14:25:23]   round 4 opt:other_small=0 state=shared   bs32x8    warm     83.64 timed     83.27     82.86     83.62 ms
[14:25:24]   round 4 opt:other_small=0 state=shared   bs256x1   warm     86.05 timed     86.01     86.12     86.08 ms
[14:25:24]   round 4 opt:other_small=0 state=local    bs128x1   warm     83.48 timed     83.13     83.42     83.91 ms
[14:25:24]   round 4 opt:other_small=0 state=local    bs128x2   warm     98.05 timed    100.19     98.94     99.83 ms
[14:25:25]   round 4 opt:other_small=0 state=local    bs64x1    warm    112.97 timed    113.06    112.37    112.71 ms
[14:25:25]   round 4 opt:other_small=0 state=local    bs64x2    warm     81.13 timed     82.77     83.35     83.80 ms
[14:25:26]   round 4 opt:other_small=0 state=local    bs64x3    warm     94.35 timed     94.62     94.45     93.84 ms
[14:25:26]   round 4 opt:other_small=0 state=local    bs64x4    warm     98.37 timed     97.44     98.01    102.05 ms
[14:25:26]   round 4 opt:other_small=0 state=local    bs32x6    warm     94.30 timed     94.24     94.98     94.81 ms
[14:25:27]   round 4 opt:other_small=0 state=local    bs32x7    warm     96.84 timed     96.61     96.48     97.04 ms
[14:25:27]   round 4 opt:other_small=0 state=local    bs32x8    warm     99.46 timed    100.36    102.17     99.32 ms
[14:25:28]   round 4 opt:other_small=0 state=local    bs256x1   warm     98.27 timed     99.20     97.84     98.26 ms
[14:25:28]   round 4 plain                            bs256x1   warm    166.80 timed    166.75    166.65    166.52 ms
[14:25:29]   round 4 plain                            bs128x1   warm    161.90 timed    161.84    161.84    161.79 ms
[14:25:30]   round 4 plain                            bs128x2   warm    169.63 timed    169.75    169.92    169.85 ms
[14:25:30]   round 4 plain                            bs64x1    warm    142.11 timed    149.80    146.62    155.42 ms
[14:25:31]   round 4 plain                            bs64x2    warm    162.53 timed    163.83    162.89    163.54 ms
[14:25:32]   round 4 plain                            bs64x3    warm    167.72 timed    166.71    165.42    166.52 ms
[14:25:32]   round 4 plain                            bs32x6    warm    171.00 timed    185.38    193.08    182.76 ms
[14:25:33]   round 4 plain                            bs32x7    warm    168.93 timed    169.41    168.73    169.14 ms
[14:25:34]   round 4 plain                            bs32x8    warm    171.13 timed    170.35    170.66    170.43 ms
[14:25:34]   round 4 plain                            bs64x4    warm    168.86 timed    168.02    162.56    168.74 ms
[14:25:35]   round 4 tierA                            bs128x1   warm     72.77 timed     72.69     72.66     72.91 ms
[14:25:35]   round 4 tierA                            bs128x2   warm     95.81 timed     91.82     90.25     89.74 ms
[14:25:36]   round 4 tierA                            bs64x1    warm    108.70 timed    109.16    108.67    109.29 ms
[14:25:36]   round 4 tierA                            bs64x2    warm     71.88 timed     73.92     73.77     73.29 ms
[14:25:36]   round 4 tierA                            bs64x3    warm     92.91 timed     91.82     93.03     92.67 ms
[14:25:37]   round 4 tierA                            bs64x4    warm     89.89 timed     89.42     90.19     89.38 ms
[14:25:37]   round 4 tierA                            bs32x1    warm    206.93 timed    207.21    206.90    207.40 ms
[14:25:38]   round 4 tierA                            bs32x6    warm     94.14 timed     91.65     93.54     92.00 ms
[14:25:38]   round 4 tierA                            bs32x7    warm     92.88 timed     91.89     92.57     91.81 ms
[14:25:39]   round 4 tierA                            bs32x8    warm     89.63 timed     88.84     90.09     89.30 ms
[14:25:39]   round 4 tierA                            bs256x1   warm     90.08 timed     90.04     90.07     90.01 ms
[14:25:39] lorenz96_40/dop853 tierA                            bs256x1    blk/SM  1 best    89.972 ms
[14:25:39] lorenz96_40/dop853 tierA                            bs32x8     blk/SM  8 best    88.676 ms
[14:25:39] lorenz96_40/dop853 tierA                            bs32x7     blk/SM  7 best    90.997 ms
[14:25:39] lorenz96_40/dop853 tierA                            bs32x6     blk/SM  6 best    91.653 ms
[14:25:39] lorenz96_40/dop853 tierA                            bs32x1     blk/SM  1 best   206.386 ms
[14:25:39] lorenz96_40/dop853 tierA                            bs64x4     blk/SM  4 best    89.377 ms
[14:25:39] lorenz96_40/dop853 tierA                            bs64x3     blk/SM  3 best    91.822 ms
[14:25:39] lorenz96_40/dop853 tierA                            bs64x2     blk/SM  2 best    67.749 ms
[14:25:39] lorenz96_40/dop853 tierA                            bs64x1     blk/SM  1 best   108.667 ms
[14:25:39] lorenz96_40/dop853 tierA                            bs128x2    blk/SM  2 best    89.738 ms
[14:25:39] lorenz96_40/dop853 tierA                            bs128x1    blk/SM  1 best    72.663 ms
[14:25:39] lorenz96_40/dop853 plain                            bs64x4     blk/SM  4 best   162.357 ms
[14:25:39] lorenz96_40/dop853 plain                            bs32x8     blk/SM  8 best   169.755 ms
[14:25:39] lorenz96_40/dop853 plain                            bs32x7     blk/SM  7 best   167.910 ms
[14:25:39] lorenz96_40/dop853 plain                            bs32x6     blk/SM  6 best   166.930 ms
[14:25:39] lorenz96_40/dop853 plain                            bs32x1     blk/SM  1 best   245.328 ms capped
[14:25:39] lorenz96_40/dop853 plain                            bs64x3     blk/SM  3 best   165.424 ms
[14:25:39] lorenz96_40/dop853 plain                            bs64x2     blk/SM  2 best   154.953 ms
[14:25:39] lorenz96_40/dop853 plain                            bs64x1     blk/SM  1 best   140.751 ms
[14:25:39] lorenz96_40/dop853 plain                            bs128x2    blk/SM  2 best   169.746 ms
[14:25:39] lorenz96_40/dop853 plain                            bs128x1    blk/SM  1 best   161.610 ms
[14:25:39] lorenz96_40/dop853 plain                            bs256x1    blk/SM  1 best   166.386 ms
[14:25:39] lorenz96_40/dop853 opt:other_small=0 state=local    bs256x1    blk/SM  1 best    96.955 ms
[14:25:39] lorenz96_40/dop853 opt:other_small=0 state=local    bs32x8     blk/SM  8 best    99.324 ms
[14:25:39] lorenz96_40/dop853 opt:other_small=0 state=local    bs32x7     blk/SM  7 best    96.481 ms
[14:25:39] lorenz96_40/dop853 opt:other_small=0 state=local    bs32x6     blk/SM  6 best    93.882 ms
[14:25:39] lorenz96_40/dop853 opt:other_small=0 state=local    bs32x1     blk/SM  1 best   211.235 ms capped
[14:25:39] lorenz96_40/dop853 opt:other_small=0 state=local    bs64x4     blk/SM  4 best    96.931 ms
[14:25:39] lorenz96_40/dop853 opt:other_small=0 state=local    bs64x3     blk/SM  3 best    93.426 ms
[14:25:39] lorenz96_40/dop853 opt:other_small=0 state=local    bs64x2     blk/SM  2 best    81.906 ms
[14:25:39] lorenz96_40/dop853 opt:other_small=0 state=local    bs64x1     blk/SM  1 best   112.372 ms
[14:25:39] lorenz96_40/dop853 opt:other_small=0 state=local    bs128x2    blk/SM  2 best    97.353 ms
[14:25:39] lorenz96_40/dop853 opt:other_small=0 state=local    bs128x1    blk/SM  1 best    82.948 ms
[14:25:39] lorenz96_40/dop853 opt:other_small=0 state=shared   bs256x1    blk/SM  1 best    86.009 ms
[14:25:39] lorenz96_40/dop853 opt:other_small=0 state=shared   bs32x8     blk/SM  8 best    82.860 ms
[14:25:39] lorenz96_40/dop853 opt:other_small=0 state=shared   bs32x7     blk/SM  7 best    83.202 ms
[14:25:39] lorenz96_40/dop853 opt:other_small=0 state=shared   bs32x6     blk/SM  6 best    85.326 ms
[14:25:39] lorenz96_40/dop853 opt:other_small=0 state=shared   bs32x1     blk/SM  1 best   207.472 ms capped
[14:25:39] lorenz96_40/dop853 opt:other_small=0 state=shared   bs64x4     blk/SM  4 best    83.124 ms
[14:25:39] lorenz96_40/dop853 opt:other_small=0 state=shared   bs64x3     blk/SM  3 best    86.411 ms
[14:25:39] lorenz96_40/dop853 opt:other_small=0 state=shared   bs64x2     blk/SM  2 best    75.242 ms
[14:25:39] lorenz96_40/dop853 opt:other_small=0 state=shared   bs64x1     blk/SM  1 best   107.983 ms
[14:25:39] lorenz96_40/dop853 opt:other_small=0 state=shared   bs128x2    blk/SM  2 best    85.192 ms
[14:25:39] lorenz96_40/dop853 opt:other_small=0 state=shared   bs128x1    blk/SM  1 best    90.309 ms
[14:25:39] lorenz96_40/dop853 opt:other_small=1 state=local stage_rhs=shared bs256x1    blk/SM  1 best   168.251 ms
[14:25:39] lorenz96_40/dop853 opt:other_small=1 state=local stage_rhs=shared bs32x8     blk/SM  8 best   171.811 ms
[14:25:39] lorenz96_40/dop853 opt:other_small=1 state=local stage_rhs=shared bs32x7     blk/SM  7 best   168.200 ms
[14:25:39] lorenz96_40/dop853 opt:other_small=1 state=local stage_rhs=shared bs32x6     blk/SM  6 best   164.726 ms
[14:25:39] lorenz96_40/dop853 opt:other_small=1 state=local stage_rhs=shared bs32x1     blk/SM  1 best   245.933 ms capped
[14:25:39] lorenz96_40/dop853 opt:other_small=1 state=local stage_rhs=shared bs64x4     blk/SM  4 best   170.291 ms
[14:25:39] lorenz96_40/dop853 opt:other_small=1 state=local stage_rhs=shared bs64x3     blk/SM  3 best   161.996 ms
[14:25:39] lorenz96_40/dop853 opt:other_small=1 state=local stage_rhs=shared bs64x2     blk/SM  2 best   144.824 ms
[14:25:39] lorenz96_40/dop853 opt:other_small=1 state=local stage_rhs=shared bs64x1     blk/SM  1 best   139.025 ms
[14:25:39] lorenz96_40/dop853 opt:other_small=1 state=local stage_rhs=shared bs128x2    blk/SM  2 best   172.089 ms
[14:25:39] lorenz96_40/dop853 opt:other_small=1 state=local stage_rhs=shared bs128x1    blk/SM  1 best   140.929 ms
[14:25:39] lorenz96_40/dop853 o1+stage_accumulator=shared      bs32x1     blk/SM  1 best   294.159 ms capped
[14:25:39] === lorenz96_40/dop853 done in 106.7 s
